#-----------------------------------------------------------
# Vivado v2025.1 (64-bit)
# SW Build 6140274 on Thu May 22 00:12:29 MDT 2025
# IP Build 6138677 on Thu May 22 03:10:11 MDT 2025
# SharedData Build 6139179 on Tue May 20 17:58:58 MDT 2025
# Start of session at: Sun Dec 28 18:45:59 2025
# Process ID         : 11916
# Current directory  : E:/uni/SED/Trabajo-VHDL/RGB_PWM_Ctrol
# Command line       : vivado.exe -gui_launcher_event rodinguilauncherevent20668 E:\uni\SED\Trabajo-VHDL\RGB_PWM_Ctrol\RGB_PWM_Ctrol.xpr
# Log file           : E:/uni/SED/Trabajo-VHDL/RGB_PWM_Ctrol/vivado.log
# Journal file       : E:/uni/SED/Trabajo-VHDL/RGB_PWM_Ctrol\vivado.jou
# Running On         : DESKTOP-H3I785D
# Platform           : Windows Server 2016 or Windows 10
# Operating System   : 26100
# Processor Detail   : 11th Gen Intel(R) Core(TM) i7-11800H @ 2.30GHz
# CPU Frequency      : 2304 MHz
# CPU Physical cores : 8
# CPU Logical cores  : 16
# Host memory        : 16948 MB
# Swap memory        : 21771 MB
# Total Virtual      : 38719 MB
# Available Virtual  : 22691 MB
#-----------------------------------------------------------
start_gui
open_project E:/uni/SED/Trabajo-VHDL/RGB_PWM_Ctrol/RGB_PWM_Ctrol.xpr
WARNING: [Board 49-26] cannot add Board Part xilinx.com:emb-plus-vpr-4616:part0:1.0 available at C:/Xilinx/2025.1/data/xhub/boards\XilinxBoardStore\boards\Xilinx\emb-plus-vpr-4616\1.0\board.xml as part xcve2302-sfva784-2mp-e-s specified in board_part file is either invalid or not available
WARNING: [Board 49-26] cannot add Board Part xilinx.com:emb-plus-vpr-4616:part0:1.1 available at C:/Xilinx/2025.1/data/xhub/boards\XilinxBoardStore\boards\Xilinx\emb-plus-vpr-4616\1.1\board.xml as part xcve2302-sfva784-2mp-e-s specified in board_part file is either invalid or not available
WARNING: [Board 49-26] cannot add Board Part xilinx.com:k24c:part0:1.0 available at C:/Xilinx/2025.1/data/xhub/boards\XilinxBoardStore\boards\Xilinx\k24c\1.0\board.xml as part xck24-ubva530-2lv-c specified in board_part file is either invalid or not available
WARNING: [Board 49-26] cannot add Board Part xilinx.com:k24c:part0:1.1 available at C:/Xilinx/2025.1/data/xhub/boards\XilinxBoardStore\boards\Xilinx\k24c\1.1\board.xml as part xck24-ubva530-2lv-c specified in board_part file is either invalid or not available
WARNING: [Board 49-26] cannot add Board Part xilinx.com:k24i:part0:1.0 available at C:/Xilinx/2025.1/data/xhub/boards\XilinxBoardStore\boards\Xilinx\k24i\1.0\board.xml as part xck24-ubva530-2lvi-i specified in board_part file is either invalid or not available
WARNING: [Board 49-26] cannot add Board Part xilinx.com:k26c:part0:1.2 available at C:/Xilinx/2025.1/data/xhub/boards\XilinxBoardStore\boards\Xilinx\k26c\1.2\board.xml as part xck26-sfvc784-2lv-c specified in board_part file is either invalid or not available
WARNING: [Board 49-26] cannot add Board Part xilinx.com:k26c:part0:1.3 available at C:/Xilinx/2025.1/data/xhub/boards\XilinxBoardStore\boards\Xilinx\k26c\1.3\board.xml as part xck26-sfvc784-2lv-c specified in board_part file is either invalid or not available
WARNING: [Board 49-26] cannot add Board Part xilinx.com:k26c:part0:1.4 available at C:/Xilinx/2025.1/data/xhub/boards\XilinxBoardStore\boards\Xilinx\k26c\1.4\board.xml as part xck26-sfvc784-2lv-c specified in board_part file is either invalid or not available
WARNING: [Board 49-26] cannot add Board Part xilinx.com:k26i:part0:1.2 available at C:/Xilinx/2025.1/data/xhub/boards\XilinxBoardStore\boards\Xilinx\k26i\1.2\board.xml as part xck26-sfvc784-2lvi-i specified in board_part file is either invalid or not available
WARNING: [Board 49-26] cannot add Board Part xilinx.com:k26i:part0:1.3 available at C:/Xilinx/2025.1/data/xhub/boards\XilinxBoardStore\boards\Xilinx\k26i\1.3\board.xml as part xck26-sfvc784-2lvi-i specified in board_part file is either invalid or not available
WARNING: [Board 49-26] cannot add Board Part xilinx.com:k26i:part0:1.4 available at C:/Xilinx/2025.1/data/xhub/boards\XilinxBoardStore\boards\Xilinx\k26i\1.4\board.xml as part xck26-sfvc784-2lvi-i specified in board_part file is either invalid or not available
WARNING: [Board 49-26] cannot add Board Part xilinx.com:kcu105:part0:1.6 available at C:/Xilinx/2025.1/data/xhub/boards\XilinxBoardStore\boards\Xilinx\kcu105\1.6\board.xml as part xcku040-ffva1156-2-e specified in board_part file is either invalid or not available
WARNING: [Board 49-26] cannot add Board Part xilinx.com:kcu105:part0:1.7 available at C:/Xilinx/2025.1/data/xhub/boards\XilinxBoardStore\boards\Xilinx\kcu105\1.7\board.xml as part xcku040-ffva1156-2-e specified in board_part file is either invalid or not available
WARNING: [Board 49-26] cannot add Board Part xilinx.com:kcu116:part0:1.4 available at C:/Xilinx/2025.1/data/xhub/boards\XilinxBoardStore\boards\Xilinx\kcu116\1.4\board.xml as part xcku5p-ffvb676-2-e specified in board_part file is either invalid or not available
WARNING: [Board 49-26] cannot add Board Part xilinx.com:kcu116:part0:1.5 available at C:/Xilinx/2025.1/data/xhub/boards\XilinxBoardStore\boards\Xilinx\kcu116\1.5\board.xml as part xcku5p-ffvb676-2-e specified in board_part file is either invalid or not available
WARNING: [Board 49-26] cannot add Board Part xilinx.com:kcu1500:part0:1.2 available at C:/Xilinx/2025.1/data/xhub/boards\XilinxBoardStore\boards\Xilinx\kcu1500\1.2\board.xml as part xcku115-flvb2104-2-e specified in board_part file is either invalid or not available
WARNING: [Board 49-26] cannot add Board Part xilinx.com:kd240_som:part0:1.0 available at C:/Xilinx/2025.1/data/xhub/boards\XilinxBoardStore\boards\Xilinx\kd240_som\1.0\board.xml as part xck24-ubva530-2lv-c specified in board_part file is either invalid or not available
WARNING: [Board 49-26] cannot add Board Part xilinx.com:kd240_som:part0:1.1 available at C:/Xilinx/2025.1/data/xhub/boards\XilinxBoardStore\boards\Xilinx\kd240_som\1.1\board.xml as part xck24-ubva530-2lv-c specified in board_part file is either invalid or not available
WARNING: [Board 49-26] cannot add Board Part xilinx.com:kr260_som:part0:1.0 available at C:/Xilinx/2025.1/data/xhub/boards\XilinxBoardStore\boards\Xilinx\kr260_som\1.0\board.xml as part xck26-sfvc784-2lv-c specified in board_part file is either invalid or not available
WARNING: [Board 49-26] cannot add Board Part xilinx.com:kr260_som:part0:1.1 available at C:/Xilinx/2025.1/data/xhub/boards\XilinxBoardStore\boards\Xilinx\kr260_som\1.1\board.xml as part xck26-sfvc784-2lv-c specified in board_part file is either invalid or not available
WARNING: [Board 49-26] cannot add Board Part xilinx.com:kv260_som:part0:1.2 available at C:/Xilinx/2025.1/data/xhub/boards\XilinxBoardStore\boards\Xilinx\kv260_som\1.2\board.xml as part xck26-sfvc784-2lv-c specified in board_part file is either invalid or not available
WARNING: [Board 49-26] cannot add Board Part xilinx.com:kv260_som:part0:1.3 available at C:/Xilinx/2025.1/data/xhub/boards\XilinxBoardStore\boards\Xilinx\kv260_som\1.3\board.xml as part xck26-sfvc784-2lv-c specified in board_part file is either invalid or not available
WARNING: [Board 49-26] cannot add Board Part xilinx.com:kv260_som:part0:1.4 available at C:/Xilinx/2025.1/data/xhub/boards\XilinxBoardStore\boards\Xilinx\kv260_som\1.4\board.xml as part xck26-sfvc784-2lv-c specified in board_part file is either invalid or not available
WARNING: [Board 49-26] cannot add Board Part xilinx.com:scu35:part0:1.0 available at C:/Xilinx/2025.1/data/xhub/boards\XilinxBoardStore\boards\Xilinx\scu35\1.0\board.xml as part xcsu35p-sbvb625-2-e specified in board_part file is either invalid or not available
WARNING: [Board 49-26] cannot add Board Part xilinx.com:v80:part0:1.0 available at C:/Xilinx/2025.1/data/xhub/boards\XilinxBoardStore\boards\Xilinx\v80\1.0\board.xml as part xcv80-lsva4737-2mhp-e-s specified in board_part file is either invalid or not available
WARNING: [Board 49-26] cannot add Board Part xilinx.com:vck190:part0:2.2 available at C:/Xilinx/2025.1/data/xhub/boards\XilinxBoardStore\boards\Xilinx\vck190\production\2.2\board.xml as part xcvc1902-vsva2197-2mp-e-s specified in board_part file is either invalid or not available
WARNING: [Board 49-26] cannot add Board Part xilinx.com:vck190:part0:3.0 available at C:/Xilinx/2025.1/data/xhub/boards\XilinxBoardStore\boards\Xilinx\vck190\production\3.0\board.xml as part xcvc1902-vsva2197-2mp-e-s specified in board_part file is either invalid or not available
WARNING: [Board 49-26] cannot add Board Part xilinx.com:vck190:part0:3.1 available at C:/Xilinx/2025.1/data/xhub/boards\XilinxBoardStore\boards\Xilinx\vck190\production\3.1\board.xml as part xcvc1902-vsva2197-2mp-e-s specified in board_part file is either invalid or not available
WARNING: [Board 49-26] cannot add Board Part xilinx.com:vck190:part0:3.2 available at C:/Xilinx/2025.1/data/xhub/boards\XilinxBoardStore\boards\Xilinx\vck190\production\3.2\board.xml as part xcvc1902-vsva2197-2mp-e-s specified in board_part file is either invalid or not available
WARNING: [Board 49-26] cannot add Board Part xilinx.com:vck190:part0:3.3 available at C:/Xilinx/2025.1/data/xhub/boards\XilinxBoardStore\boards\Xilinx\vck190\production\3.3\board.xml as part xcvc1902-vsva2197-2mp-e-s specified in board_part file is either invalid or not available
WARNING: [Board 49-26] cannot add Board Part xilinx.com:vck190:part0:3.4 available at C:/Xilinx/2025.1/data/xhub/boards\XilinxBoardStore\boards\Xilinx\vck190\production\3.4\board.xml as part xcvc1902-vsva2197-2mp-e-s specified in board_part file is either invalid or not available
WARNING: [Board 49-26] cannot add Board Part xilinx.com:vck190_newl:part0:1.0 available at C:/Xilinx/2025.1/data/xhub/boards\XilinxBoardStore\boards\Xilinx\vck190_newl\production\1.0\board.xml as part xcvc1902-vsva2197-2mp-e-s specified in board_part file is either invalid or not available
WARNING: [Board 49-26] cannot add Board Part xilinx.com:vck190_newl:part0:1.1 available at C:/Xilinx/2025.1/data/xhub/boards\XilinxBoardStore\boards\Xilinx\vck190_newl\production\1.1\board.xml as part xcvc1902-vsva2197-2mp-e-s specified in board_part file is either invalid or not available
WARNING: [Board 49-26] cannot add Board Part xilinx.com:vck190_newl:part0:1.2 available at C:/Xilinx/2025.1/data/xhub/boards\XilinxBoardStore\boards\Xilinx\vck190_newl\production\1.2\board.xml as part xcvc1902-vsva2197-2mp-e-s specified in board_part file is either invalid or not available
WARNING: [Board 49-26] cannot add Board Part xilinx.com:vck190_newl:part0:1.3 available at C:/Xilinx/2025.1/data/xhub/boards\XilinxBoardStore\boards\Xilinx\vck190_newl\production\1.3\board.xml as part xcvc1902-vsva2197-2mp-e-s specified in board_part file is either invalid or not available
WARNING: [Board 49-26] cannot add Board Part xilinx.com:vcu108:part0:1.6 available at C:/Xilinx/2025.1/data/xhub/boards\XilinxBoardStore\boards\Xilinx\vcu108\1.6\board.xml as part xcvu095-ffva2104-2-e specified in board_part file is either invalid or not available
WARNING: [Board 49-26] cannot add Board Part xilinx.com:vcu108:part0:1.7 available at C:/Xilinx/2025.1/data/xhub/boards\XilinxBoardStore\boards\Xilinx\vcu108\1.7\board.xml as part xcvu095-ffva2104-2-e specified in board_part file is either invalid or not available
WARNING: [Board 49-26] cannot add Board Part xilinx.com:vcu110:part0:1.4 available at C:/Xilinx/2025.1/data/xhub/boards\XilinxBoardStore\boards\Xilinx\vcu110\1.4\board.xml as part xcvu190-flgc2104-2-e specified in board_part file is either invalid or not available
WARNING: [Board 49-26] cannot add Board Part xilinx.com:vcu118:part0:2.0 available at C:/Xilinx/2025.1/data/xhub/boards\XilinxBoardStore\boards\Xilinx\vcu118\2.0\board.xml as part xcvu9p-flga2104-2l-e specified in board_part file is either invalid or not available
WARNING: [Board 49-26] cannot add Board Part xilinx.com:vcu118:part0:2.3 available at C:/Xilinx/2025.1/data/xhub/boards\XilinxBoardStore\boards\Xilinx\vcu118\2.3\board.xml as part xcvu9p-flga2104-2l-e specified in board_part file is either invalid or not available
WARNING: [Board 49-26] cannot add Board Part xilinx.com:vcu118:part0:2.4 available at C:/Xilinx/2025.1/data/xhub/boards\XilinxBoardStore\boards\Xilinx\vcu118\2.4\board.xml as part xcvu9p-flga2104-2l-e specified in board_part file is either invalid or not available
WARNING: [Board 49-26] cannot add Board Part xilinx.com:vcu128:part0:1.0 available at C:/Xilinx/2025.1/data/xhub/boards\XilinxBoardStore\boards\Xilinx\vcu128\production\1.0\board.xml as part xcvu37p-fsvh2892-2l-e specified in board_part file is either invalid or not available
WARNING: [Board 49-26] cannot add Board Part xilinx.com:vcu129:part0:1.0 available at C:/Xilinx/2025.1/data/xhub/boards\XilinxBoardStore\boards\Xilinx\vcu129\production\1.0\board.xml as part xcvu29p-fsga2577-2l-e specified in board_part file is either invalid or not available
WARNING: [Board 49-26] cannot add Board Part xilinx.com:vcu1525:part0:1.3 available at C:/Xilinx/2025.1/data/xhub/boards\XilinxBoardStore\boards\Xilinx\vcu1525\1.3\board.xml as part xcvu9p-fsgd2104-2l-e specified in board_part file is either invalid or not available
WARNING: [Board 49-26] cannot add Board Part xilinx.com:vek280:part0:1.0 available at C:/Xilinx/2025.1/data/xhub/boards\XilinxBoardStore\boards\Xilinx\vek280\production\1.0\board.xml as part xcve2802-vsvh1760-2mp-e-s specified in board_part file is either invalid or not available
WARNING: [Board 49-26] cannot add Board Part xilinx.com:vek280:part0:1.1 available at C:/Xilinx/2025.1/data/xhub/boards\XilinxBoardStore\boards\Xilinx\vek280\production\1.1\board.xml as part xcve2802-vsvh1760-2mp-e-s specified in board_part file is either invalid or not available
WARNING: [Board 49-26] cannot add Board Part xilinx.com:vek280:part0:1.2 available at C:/Xilinx/2025.1/data/xhub/boards\XilinxBoardStore\boards\Xilinx\vek280\production\1.2\board.xml as part xcve2802-vsvh1760-2mp-e-s specified in board_part file is either invalid or not available
WARNING: [Board 49-26] cannot add Board Part xilinx.com:vek385:part0:1.0 available at C:/Xilinx/2025.1/data/xhub/boards\XilinxBoardStore\boards\Xilinx\vek385\1.0\board.xml as part xc2ve3858-ssva2112-2mp-e-s specified in board_part file is either invalid or not available
WARNING: [Board 49-26] cannot add Board Part xilinx.com:vermeo_t1_mpsoc:part0:1.0 available at C:/Xilinx/2025.1/data/xhub/boards\XilinxBoardStore\boards\Xilinx\vermeo_t1_mpsoc\1.0\board.xml as part xczu19eg-ffvd1760-2l-e specified in board_part file is either invalid or not available
WARNING: [Board 49-26] cannot add Board Part xilinx.com:vermeo_t1_rfsoc:part0:1.0 available at C:/Xilinx/2025.1/data/xhub/boards\XilinxBoardStore\boards\Xilinx\vermeo_t1_rfsoc\1.0\board.xml as part xczu21dr-ffvd1156-2l-e specified in board_part file is either invalid or not available
WARNING: [Board 49-26] cannot add Board Part xilinx.com:vhk158:part0:1.0 available at C:/Xilinx/2025.1/data/xhub/boards\XilinxBoardStore\boards\Xilinx\vhk158\production\1.0\board.xml as part xcvh1582-vsva3697-2mp-e-s specified in board_part file is either invalid or not available
WARNING: [Board 49-26] cannot add Board Part xilinx.com:vhk158:part0:1.1 available at C:/Xilinx/2025.1/data/xhub/boards\XilinxBoardStore\boards\Xilinx\vhk158\production\1.1\board.xml as part xcvh1582-vsva3697-2mp-e-s specified in board_part file is either invalid or not available
WARNING: [Board 49-26] cannot add Board Part xilinx.com:vhk158:part0:1.2 available at C:/Xilinx/2025.1/data/xhub/boards\XilinxBoardStore\boards\Xilinx\vhk158\production\1.2\board.xml as part xcvh1582-vsva3697-2mp-e-s specified in board_part file is either invalid or not available
WARNING: [Board 49-26] cannot add Board Part xilinx.com:vmk180:part0:2.2 available at C:/Xilinx/2025.1/data/xhub/boards\XilinxBoardStore\boards\Xilinx\vmk180\production\2.2\board.xml as part xcvm1802-vsva2197-2mp-e-s specified in board_part file is either invalid or not available
WARNING: [Board 49-26] cannot add Board Part xilinx.com:vmk180:part0:3.0 available at C:/Xilinx/2025.1/data/xhub/boards\XilinxBoardStore\boards\Xilinx\vmk180\production\3.0\board.xml as part xcvm1802-vsva2197-2mp-e-s specified in board_part file is either invalid or not available
WARNING: [Board 49-26] cannot add Board Part xilinx.com:vmk180:part0:3.1 available at C:/Xilinx/2025.1/data/xhub/boards\XilinxBoardStore\boards\Xilinx\vmk180\production\3.1\board.xml as part xcvm1802-vsva2197-2mp-e-s specified in board_part file is either invalid or not available
WARNING: [Board 49-26] cannot add Board Part xilinx.com:vmk180:part0:3.2 available at C:/Xilinx/2025.1/data/xhub/boards\XilinxBoardStore\boards\Xilinx\vmk180\production\3.2\board.xml as part xcvm1802-vsva2197-2mp-e-s specified in board_part file is either invalid or not available
WARNING: [Board 49-26] cannot add Board Part xilinx.com:vmk180:part0:3.3 available at C:/Xilinx/2025.1/data/xhub/boards\XilinxBoardStore\boards\Xilinx\vmk180\production\3.3\board.xml as part xcvm1802-vsva2197-2mp-e-s specified in board_part file is either invalid or not available
WARNING: [Board 49-26] cannot add Board Part xilinx.com:vmk180_newl:part0:1.0 available at C:/Xilinx/2025.1/data/xhub/boards\XilinxBoardStore\boards\Xilinx\vmk180_newl\production\1.0\board.xml as part xcvm1802-vsva2197-2mp-e-s specified in board_part file is either invalid or not available
WARNING: [Board 49-26] cannot add Board Part xilinx.com:vmk180_newl:part0:1.1 available at C:/Xilinx/2025.1/data/xhub/boards\XilinxBoardStore\boards\Xilinx\vmk180_newl\production\1.1\board.xml as part xcvm1802-vsva2197-2mp-e-s specified in board_part file is either invalid or not available
WARNING: [Board 49-26] cannot add Board Part xilinx.com:vpk120:part0:1.0 available at C:/Xilinx/2025.1/data/xhub/boards\XilinxBoardStore\boards\Xilinx\vpk120\production\1.0\board.xml as part xcvp1202-vsva2785-2mp-e-s specified in board_part file is either invalid or not available
WARNING: [Board 49-26] cannot add Board Part xilinx.com:vpk120:part0:1.1 available at C:/Xilinx/2025.1/data/xhub/boards\XilinxBoardStore\boards\Xilinx\vpk120\production\1.1\board.xml as part xcvp1202-vsva2785-2mp-e-s specified in board_part file is either invalid or not available
WARNING: [Board 49-26] cannot add Board Part xilinx.com:vpk120:part0:1.2 available at C:/Xilinx/2025.1/data/xhub/boards\XilinxBoardStore\boards\Xilinx\vpk120\production\1.2\board.xml as part xcvp1202-vsva2785-2mp-e-s specified in board_part file is either invalid or not available
WARNING: [Board 49-26] cannot add Board Part xilinx.com:vpk180:part0:1.0 available at C:/Xilinx/2025.1/data/xhub/boards\XilinxBoardStore\boards\Xilinx\vpk180\production\1.0\board.xml as part xcvp1802-lsvc4072-2mp-e-s specified in board_part file is either invalid or not available
WARNING: [Board 49-26] cannot add Board Part xilinx.com:vpk180:part0:1.1 available at C:/Xilinx/2025.1/data/xhub/boards\XilinxBoardStore\boards\Xilinx\vpk180\production\1.1\board.xml as part xcvp1802-lsvc4072-2mp-e-s specified in board_part file is either invalid or not available
WARNING: [Board 49-26] cannot add Board Part xilinx.com:vpk180:part0:1.2 available at C:/Xilinx/2025.1/data/xhub/boards\XilinxBoardStore\boards\Xilinx\vpk180\production\1.2\board.xml as part xcvp1802-lsvc4072-2mp-e-s specified in board_part file is either invalid or not available
WARNING: [Board 49-26] cannot add Board Part xilinx.com:zc702:part0:1.4 available at C:/Xilinx/2025.1/data/xhub/boards\XilinxBoardStore\boards\Xilinx\zc702\1.4\board.xml as part xc7z020clg484-1 specified in board_part file is either invalid or not available
WARNING: [Board 49-26] cannot add Board Part xilinx.com:zc706:part0:1.4 available at C:/Xilinx/2025.1/data/xhub/boards\XilinxBoardStore\boards\Xilinx\zc706\1.4\board.xml as part xc7z045ffg900-2 specified in board_part file is either invalid or not available
WARNING: [Board 49-26] cannot add Board Part xilinx.com:zcu102:part0:3.3 available at C:/Xilinx/2025.1/data/xhub/boards\XilinxBoardStore\boards\Xilinx\zcu102\3.3\board.xml as part xczu9eg-ffvb1156-2-e specified in board_part file is either invalid or not available
WARNING: [Board 49-26] cannot add Board Part xilinx.com:zcu102:part0:3.4 available at C:/Xilinx/2025.1/data/xhub/boards\XilinxBoardStore\boards\Xilinx\zcu102\3.4\board.xml as part xczu9eg-ffvb1156-2-e specified in board_part file is either invalid or not available
WARNING: [Board 49-26] cannot add Board Part xilinx.com:zcu104:part0:1.1 available at C:/Xilinx/2025.1/data/xhub/boards\XilinxBoardStore\boards\Xilinx\zcu104\1.1\board.xml as part xczu7ev-ffvc1156-2-e specified in board_part file is either invalid or not available
WARNING: [Board 49-26] cannot add Board Part xilinx.com:zcu106:part0:2.4 available at C:/Xilinx/2025.1/data/xhub/boards\XilinxBoardStore\boards\Xilinx\zcu106\2.4\board.xml as part xczu7ev-ffvc1156-2-e specified in board_part file is either invalid or not available
WARNING: [Board 49-26] cannot add Board Part xilinx.com:zcu106:part0:2.5 available at C:/Xilinx/2025.1/data/xhub/boards\XilinxBoardStore\boards\Xilinx\zcu106\2.5\board.xml as part xczu7ev-ffvc1156-2-e specified in board_part file is either invalid or not available
WARNING: [Board 49-26] cannot add Board Part xilinx.com:zcu106:part0:2.6 available at C:/Xilinx/2025.1/data/xhub/boards\XilinxBoardStore\boards\Xilinx\zcu106\2.6\board.xml as part xczu7ev-ffvc1156-2-e specified in board_part file is either invalid or not available
WARNING: [Board 49-26] cannot add Board Part xilinx.com:zcu111:part0:1.2 available at C:/Xilinx/2025.1/data/xhub/boards\XilinxBoardStore\boards\Xilinx\zcu111\1.2\board.xml as part xczu28dr-ffvg1517-2-e specified in board_part file is either invalid or not available
WARNING: [Board 49-26] cannot add Board Part xilinx.com:zcu111:part0:1.3 available at C:/Xilinx/2025.1/data/xhub/boards\XilinxBoardStore\boards\Xilinx\zcu111\1.3\board.xml as part xczu28dr-ffvg1517-2-e specified in board_part file is either invalid or not available
WARNING: [Board 49-26] cannot add Board Part xilinx.com:zcu111:part0:1.4 available at C:/Xilinx/2025.1/data/xhub/boards\XilinxBoardStore\boards\Xilinx\zcu111\1.4\board.xml as part xczu28dr-ffvg1517-2-e specified in board_part file is either invalid or not available
WARNING: [Board 49-26] cannot add Board Part xilinx.com:zcu1275:part0:1.0 available at C:/Xilinx/2025.1/data/xhub/boards\XilinxBoardStore\boards\Xilinx\zcu1275\1.0\board.xml as part xczu29dr-ffvf1760-2-e specified in board_part file is either invalid or not available
WARNING: [Board 49-26] cannot add Board Part xilinx.com:zcu1285:part0:1.0 available at C:/Xilinx/2025.1/data/xhub/boards\XilinxBoardStore\boards\Xilinx\zcu1285\1.0\board.xml as part xczu39dr-ffvf1760-2-i specified in board_part file is either invalid or not available
WARNING: [Board 49-26] cannot add Board Part xilinx.com:zcu208:part0:2.0 available at C:/Xilinx/2025.1/data/xhub/boards\XilinxBoardStore\boards\Xilinx\zcu208\production\2.0\board.xml as part xczu48dr-fsvg1517-2-e specified in board_part file is either invalid or not available
WARNING: [Board 49-26] cannot add Board Part xilinx.com:zcu208ld:part0:2.0 available at C:/Xilinx/2025.1/data/xhub/boards\XilinxBoardStore\boards\Xilinx\zcu208ld\production\2.0\board.xml as part xczu58dr-fsvg1517-2-i specified in board_part file is either invalid or not available
WARNING: [Board 49-26] cannot add Board Part xilinx.com:zcu216:part0:2.0 available at C:/Xilinx/2025.1/data/xhub/boards\XilinxBoardStore\boards\Xilinx\zcu216\production\2.0\board.xml as part xczu49dr-ffvf1760-2-e specified in board_part file is either invalid or not available
WARNING: [Board 49-26] cannot add Board Part xilinx.com:zcu216ld:part0:2.0 available at C:/Xilinx/2025.1/data/xhub/boards\XilinxBoardStore\boards\Xilinx\zcu216ld\production\2.0\board.xml as part xczu59dr-ffvf1760-2-i specified in board_part file is either invalid or not available
WARNING: [Board 49-26] cannot add Board Part xilinx.com:zcu670:part0:2.0 available at C:/Xilinx/2025.1/data/xhub/boards\XilinxBoardStore\boards\Xilinx\zcu670\2.0\board.xml as part xczu67dr-fsve1156-2-i specified in board_part file is either invalid or not available
WARNING: [Board 49-26] cannot add Board Part xilinx.com:zcu670ld:part0:1.0 available at C:/Xilinx/2025.1/data/xhub/boards\XilinxBoardStore\boards\Xilinx\zcu670ld\1.0\board.xml as part xczu57dr-fsve1156-2-i specified in board_part file is either invalid or not available
INFO: [Project 1-313] Project file moved from 'E:/uni/SED/trabajo/Trabajo-VHDL/RGB_PWM_Ctrol' since last save.
INFO: [filemgmt 56-3] Default IP Output Path : Could not find the directory 'E:/uni/SED/Trabajo-VHDL/RGB_PWM_Ctrol/RGB_PWM_Ctrol.gen/sources_1'.
WARNING: [filemgmt 56-3] IPUserFilesDir: Could not find the directory 'E:/uni/SED/Trabajo-VHDL/RGB_PWM_Ctrol/RGB_PWM_Ctrol.ip_user_files'.
Scanning sources...
Finished scanning sources
WARNING: [Board 49-26] cannot add Board Part xilinx.com:emb-plus-vpr-4616:part0:1.0 available at C:/Xilinx/2025.1/data/xhub/boards\XilinxBoardStore\boards\Xilinx\emb-plus-vpr-4616\1.0\board.xml as part xcve2302-sfva784-2mp-e-s specified in board_part file is either invalid or not available
WARNING: [Board 49-26] cannot add Board Part xilinx.com:emb-plus-vpr-4616:part0:1.1 available at C:/Xilinx/2025.1/data/xhub/boards\XilinxBoardStore\boards\Xilinx\emb-plus-vpr-4616\1.1\board.xml as part xcve2302-sfva784-2mp-e-s specified in board_part file is either invalid or not available
WARNING: [Board 49-26] cannot add Board Part xilinx.com:k24c:part0:1.0 available at C:/Xilinx/2025.1/data/xhub/boards\XilinxBoardStore\boards\Xilinx\k24c\1.0\board.xml as part xck24-ubva530-2lv-c specified in board_part file is either invalid or not available
WARNING: [Board 49-26] cannot add Board Part xilinx.com:k24c:part0:1.1 available at C:/Xilinx/2025.1/data/xhub/boards\XilinxBoardStore\boards\Xilinx\k24c\1.1\board.xml as part xck24-ubva530-2lv-c specified in board_part file is either invalid or not available
WARNING: [Board 49-26] cannot add Board Part xilinx.com:k24i:part0:1.0 available at C:/Xilinx/2025.1/data/xhub/boards\XilinxBoardStore\boards\Xilinx\k24i\1.0\board.xml as part xck24-ubva530-2lvi-i specified in board_part file is either invalid or not available
WARNING: [Board 49-26] cannot add Board Part xilinx.com:k26c:part0:1.2 available at C:/Xilinx/2025.1/data/xhub/boards\XilinxBoardStore\boards\Xilinx\k26c\1.2\board.xml as part xck26-sfvc784-2lv-c specified in board_part file is either invalid or not available
WARNING: [Board 49-26] cannot add Board Part xilinx.com:k26c:part0:1.3 available at C:/Xilinx/2025.1/data/xhub/boards\XilinxBoardStore\boards\Xilinx\k26c\1.3\board.xml as part xck26-sfvc784-2lv-c specified in board_part file is either invalid or not available
WARNING: [Board 49-26] cannot add Board Part xilinx.com:k26c:part0:1.4 available at C:/Xilinx/2025.1/data/xhub/boards\XilinxBoardStore\boards\Xilinx\k26c\1.4\board.xml as part xck26-sfvc784-2lv-c specified in board_part file is either invalid or not available
WARNING: [Board 49-26] cannot add Board Part xilinx.com:k26i:part0:1.2 available at C:/Xilinx/2025.1/data/xhub/boards\XilinxBoardStore\boards\Xilinx\k26i\1.2\board.xml as part xck26-sfvc784-2lvi-i specified in board_part file is either invalid or not available
WARNING: [Board 49-26] cannot add Board Part xilinx.com:k26i:part0:1.3 available at C:/Xilinx/2025.1/data/xhub/boards\XilinxBoardStore\boards\Xilinx\k26i\1.3\board.xml as part xck26-sfvc784-2lvi-i specified in board_part file is either invalid or not available
WARNING: [Board 49-26] cannot add Board Part xilinx.com:k26i:part0:1.4 available at C:/Xilinx/2025.1/data/xhub/boards\XilinxBoardStore\boards\Xilinx\k26i\1.4\board.xml as part xck26-sfvc784-2lvi-i specified in board_part file is either invalid or not available
WARNING: [Board 49-26] cannot add Board Part xilinx.com:kcu105:part0:1.6 available at C:/Xilinx/2025.1/data/xhub/boards\XilinxBoardStore\boards\Xilinx\kcu105\1.6\board.xml as part xcku040-ffva1156-2-e specified in board_part file is either invalid or not available
WARNING: [Board 49-26] cannot add Board Part xilinx.com:kcu105:part0:1.7 available at C:/Xilinx/2025.1/data/xhub/boards\XilinxBoardStore\boards\Xilinx\kcu105\1.7\board.xml as part xcku040-ffva1156-2-e specified in board_part file is either invalid or not available
WARNING: [Board 49-26] cannot add Board Part xilinx.com:kcu116:part0:1.4 available at C:/Xilinx/2025.1/data/xhub/boards\XilinxBoardStore\boards\Xilinx\kcu116\1.4\board.xml as part xcku5p-ffvb676-2-e specified in board_part file is either invalid or not available
WARNING: [Board 49-26] cannot add Board Part xilinx.com:kcu116:part0:1.5 available at C:/Xilinx/2025.1/data/xhub/boards\XilinxBoardStore\boards\Xilinx\kcu116\1.5\board.xml as part xcku5p-ffvb676-2-e specified in board_part file is either invalid or not available
INFO: [Common 17-14] Message 'Board 49-26' appears 100 times and further instances of the messages will be disabled. Use the Tcl command set_msg_config to change the current settings.
INFO: [IP_Flow 19-234] Refreshing IP repositories
INFO: [IP_Flow 19-1704] No user IP repositories specified
INFO: [IP_Flow 19-2313] Loaded Vivado IP repository 'C:/Xilinx/2025.1/Vivado/data/ip'.
open_project: Time (s): cpu = 00:00:21 ; elapsed = 00:00:10 . Memory (MB): peak = 1650.602 ; gain = 286.008
update_compile_order -fileset sources_1
WARNING: [filemgmt 56-199] Attempt to get parsing info during refresh. "On-the-fly" syntax checking information may be incorrect. [E:\uni\SED\Trabajo-VHDL\RGB_PWM_Ctrol\RGB_PWM_Ctrol.srcs\sources_1\new\FSM_Master.vhd:]
WARNING: [filemgmt 56-199] Attempt to get parsing info during refresh. "On-the-fly" syntax checking information may be incorrect. [E:\uni\SED\Trabajo-VHDL\RGB_PWM_Ctrol\RGB_PWM_Ctrol.srcs\sim_1\new\FSM_Master_tb.vhd:]
WARNING: [filemgmt 56-199] Attempt to get parsing info during refresh. "On-the-fly" syntax checking information may be incorrect. [E:\uni\SED\Trabajo-VHDL\RGB_PWM_Ctrol\RGB_PWM_Ctrol.srcs\sources_1\new\FSM_Slave.vhd:]
WARNING: [filemgmt 56-199] Attempt to get parsing info during refresh. "On-the-fly" syntax checking information may be incorrect. [E:\uni\SED\Trabajo-VHDL\RGB_PWM_Ctrol\RGB_PWM_Ctrol.srcs\sources_1\new\top.vhd:]
WARNING: [filemgmt 56-199] Attempt to get parsing info during refresh. "On-the-fly" syntax checking information may be incorrect. [E:\uni\SED\Trabajo-VHDL\RGB_PWM_Ctrol\RGB_PWM_Ctrol.srcs\sources_1\new\RGB_Controller.vhd:]
WARNING: [filemgmt 56-199] Attempt to get parsing info during refresh. "On-the-fly" syntax checking information may be incorrect. [E:\uni\SED\Trabajo-VHDL\RGB_PWM_Ctrol\RGB_PWM_Ctrol.srcs\sources_1\new\top.vhd:]
WARNING: [filemgmt 56-199] Attempt to get parsing info during refresh. "On-the-fly" syntax checking information may be incorrect. [E:\uni\SED\Trabajo-VHDL\RGB_PWM_Ctrol\RGB_PWM_Ctrol.srcs\sources_1\new\top.vhd:]
WARNING: [filemgmt 56-199] Attempt to get parsing info during refresh. "On-the-fly" syntax checking information may be incorrect. [E:\uni\SED\Trabajo-VHDL\RGB_PWM_Ctrol\RGB_PWM_Ctrol.srcs\sources_1\new\FSM_Master.vhd:]
WARNING: [filemgmt 56-199] Attempt to get parsing info during refresh. "On-the-fly" syntax checking information may be incorrect. [E:\uni\SED\Trabajo-VHDL\RGB_PWM_Ctrol\RGB_PWM_Ctrol.srcs\sim_1\new\FSM_Master_tb.vhd:]
WARNING: [filemgmt 56-199] Attempt to get parsing info during refresh. "On-the-fly" syntax checking information may be incorrect. [E:\uni\SED\Trabajo-VHDL\RGB_PWM_Ctrol\RGB_PWM_Ctrol.srcs\sources_1\new\FSM_Slave.vhd:]
WARNING: [filemgmt 56-199] Attempt to get parsing info during refresh. "On-the-fly" syntax checking information may be incorrect. [E:\uni\SED\Trabajo-VHDL\RGB_PWM_Ctrol\RGB_PWM_Ctrol.srcs\sources_1\new\top.vhd:]
WARNING: [filemgmt 56-199] Attempt to get parsing info during refresh. "On-the-fly" syntax checking information may be incorrect. [E:\uni\SED\Trabajo-VHDL\RGB_PWM_Ctrol\RGB_PWM_Ctrol.srcs\sources_1\new\RGB_Controller.vhd:]
WARNING: [filemgmt 56-199] Attempt to get parsing info during refresh. "On-the-fly" syntax checking information may be incorrect. [E:\uni\SED\Trabajo-VHDL\RGB_PWM_Ctrol\RGB_PWM_Ctrol.srcs\sources_1\new\FSM_Slave.vhd:]
WARNING: [filemgmt 56-199] Attempt to get parsing info during refresh. "On-the-fly" syntax checking information may be incorrect. [E:\uni\SED\Trabajo-VHDL\RGB_PWM_Ctrol\RGB_PWM_Ctrol.srcs\sources_1\new\FSM_Slave.vhd:]
WARNING: [filemgmt 56-199] Attempt to get parsing info during refresh. "On-the-fly" syntax checking information may be incorrect. [E:\uni\SED\Trabajo-VHDL\RGB_PWM_Ctrol\RGB_PWM_Ctrol.srcs\sources_1\new\FSM_Master.vhd:]
WARNING: [filemgmt 56-199] Attempt to get parsing info during refresh. "On-the-fly" syntax checking information may be incorrect. [E:\uni\SED\Trabajo-VHDL\RGB_PWM_Ctrol\RGB_PWM_Ctrol.srcs\sim_1\new\FSM_Master_tb.vhd:]
WARNING: [filemgmt 56-199] Attempt to get parsing info during refresh. "On-the-fly" syntax checking information may be incorrect. [E:\uni\SED\Trabajo-VHDL\RGB_PWM_Ctrol\RGB_PWM_Ctrol.srcs\sources_1\new\FSM_Slave.vhd:]
WARNING: [filemgmt 56-199] Attempt to get parsing info during refresh. "On-the-fly" syntax checking information may be incorrect. [E:\uni\SED\Trabajo-VHDL\RGB_PWM_Ctrol\RGB_PWM_Ctrol.srcs\sources_1\new\top.vhd:]
WARNING: [filemgmt 56-199] Attempt to get parsing info during refresh. "On-the-fly" syntax checking information may be incorrect. [E:\uni\SED\Trabajo-VHDL\RGB_PWM_Ctrol\RGB_PWM_Ctrol.srcs\sources_1\new\RGB_Controller.vhd:]
WARNING: [filemgmt 56-199] Attempt to get parsing info during refresh. "On-the-fly" syntax checking information may be incorrect. [E:\uni\SED\Trabajo-VHDL\RGB_PWM_Ctrol\RGB_PWM_Ctrol.srcs\sources_1\new\RGB_Controller.vhd:]
WARNING: [filemgmt 56-199] Attempt to get parsing info during refresh. "On-the-fly" syntax checking information may be incorrect. [E:\uni\SED\Trabajo-VHDL\RGB_PWM_Ctrol\RGB_PWM_Ctrol.srcs\sources_1\new\RGB_Controller.vhd:]
WARNING: [filemgmt 56-199] Attempt to get parsing info during refresh. "On-the-fly" syntax checking information may be incorrect. [E:\uni\SED\Trabajo-VHDL\RGB_PWM_Ctrol\RGB_PWM_Ctrol.srcs\sources_1\new\FSM_Master.vhd:]
WARNING: [filemgmt 56-199] Attempt to get parsing info during refresh. "On-the-fly" syntax checking information may be incorrect. [E:\uni\SED\Trabajo-VHDL\RGB_PWM_Ctrol\RGB_PWM_Ctrol.srcs\sim_1\new\FSM_Master_tb.vhd:]
WARNING: [filemgmt 56-199] Attempt to get parsing info during refresh. "On-the-fly" syntax checking information may be incorrect. [E:\uni\SED\Trabajo-VHDL\RGB_PWM_Ctrol\RGB_PWM_Ctrol.srcs\sources_1\new\FSM_Slave.vhd:]
WARNING: [filemgmt 56-199] Attempt to get parsing info during refresh. "On-the-fly" syntax checking information may be incorrect. [E:\uni\SED\Trabajo-VHDL\RGB_PWM_Ctrol\RGB_PWM_Ctrol.srcs\sources_1\new\top.vhd:]
WARNING: [filemgmt 56-199] Attempt to get parsing info during refresh. "On-the-fly" syntax checking information may be incorrect. [E:\uni\SED\Trabajo-VHDL\RGB_PWM_Ctrol\RGB_PWM_Ctrol.srcs\sources_1\new\RGB_Controller.vhd:]
WARNING: [filemgmt 56-199] Attempt to get parsing info during refresh. "On-the-fly" syntax checking information may be incorrect. [E:\uni\SED\Trabajo-VHDL\RGB_PWM_Ctrol\RGB_PWM_Ctrol.srcs\sources_1\new\FSM_Master.vhd:]
WARNING: [filemgmt 56-199] Attempt to get parsing info during refresh. "On-the-fly" syntax checking information may be incorrect. [E:\uni\SED\Trabajo-VHDL\RGB_PWM_Ctrol\RGB_PWM_Ctrol.srcs\sources_1\new\FSM_Master.vhd:]
ERROR: [Common 17-180] Spawn failed: La operación se completó correctamente.

set_property SOURCE_SET sources_1 [get_filesets sim_1]
close [ open E:/uni/SED/Trabajo-VHDL/RGB_PWM_Ctrol/RGB_PWM_Ctrol.srcs/sim_1/new/RGB_Controller_tb.vhd w ]
add_files -fileset sim_1 E:/uni/SED/Trabajo-VHDL/RGB_PWM_Ctrol/RGB_PWM_Ctrol.srcs/sim_1/new/RGB_Controller_tb.vhd
WARNING: [filemgmt 56-199] Attempt to get parsing info during refresh. "On-the-fly" syntax checking information may be incorrect. [E:\uni\SED\Trabajo-VHDL\RGB_PWM_Ctrol\RGB_PWM_Ctrol.srcs\sources_1\new\FSM_Master.vhd:]
WARNING: [filemgmt 56-199] Attempt to get parsing info during refresh. "On-the-fly" syntax checking information may be incorrect. [E:\uni\SED\Trabajo-VHDL\RGB_PWM_Ctrol\RGB_PWM_Ctrol.srcs\sim_1\new\FSM_Master_tb.vhd:]
WARNING: [filemgmt 56-199] Attempt to get parsing info during refresh. "On-the-fly" syntax checking information may be incorrect. [E:\uni\SED\Trabajo-VHDL\RGB_PWM_Ctrol\RGB_PWM_Ctrol.srcs\sources_1\new\FSM_Slave.vhd:]
WARNING: [filemgmt 56-199] Attempt to get parsing info during refresh. "On-the-fly" syntax checking information may be incorrect. [E:\uni\SED\Trabajo-VHDL\RGB_PWM_Ctrol\RGB_PWM_Ctrol.srcs\sources_1\new\top.vhd:]
WARNING: [filemgmt 56-199] Attempt to get parsing info during refresh. "On-the-fly" syntax checking information may be incorrect. [E:\uni\SED\Trabajo-VHDL\RGB_PWM_Ctrol\RGB_PWM_Ctrol.srcs\sources_1\new\RGB_Controller.vhd:]
WARNING: [filemgmt 56-199] Attempt to get parsing info during refresh. "On-the-fly" syntax checking information may be incorrect. [E:\uni\SED\Trabajo-VHDL\RGB_PWM_Ctrol\RGB_PWM_Ctrol.srcs\sources_1\new\top.vhd:]
WARNING: [filemgmt 56-199] Attempt to get parsing info during refresh. "On-the-fly" syntax checking information may be incorrect. [E:\uni\SED\Trabajo-VHDL\RGB_PWM_Ctrol\RGB_PWM_Ctrol.srcs\sources_1\new\top.vhd:]
WARNING: [filemgmt 56-199] Attempt to get parsing info during refresh. "On-the-fly" syntax checking information may be incorrect. [E:\uni\SED\Trabajo-VHDL\RGB_PWM_Ctrol\RGB_PWM_Ctrol.srcs\sources_1\new\FSM_Master.vhd:]
WARNING: [filemgmt 56-199] Attempt to get parsing info during refresh. "On-the-fly" syntax checking information may be incorrect. [E:\uni\SED\Trabajo-VHDL\RGB_PWM_Ctrol\RGB_PWM_Ctrol.srcs\sim_1\new\FSM_Master_tb.vhd:]
WARNING: [filemgmt 56-199] Attempt to get parsing info during refresh. "On-the-fly" syntax checking information may be incorrect. [E:\uni\SED\Trabajo-VHDL\RGB_PWM_Ctrol\RGB_PWM_Ctrol.srcs\sources_1\new\FSM_Slave.vhd:]
WARNING: [filemgmt 56-199] Attempt to get parsing info during refresh. "On-the-fly" syntax checking information may be incorrect. [E:\uni\SED\Trabajo-VHDL\RGB_PWM_Ctrol\RGB_PWM_Ctrol.srcs\sources_1\new\top.vhd:]
WARNING: [filemgmt 56-199] Attempt to get parsing info during refresh. "On-the-fly" syntax checking information may be incorrect. [E:\uni\SED\Trabajo-VHDL\RGB_PWM_Ctrol\RGB_PWM_Ctrol.srcs\sources_1\new\RGB_Controller.vhd:]
WARNING: [filemgmt 56-199] Attempt to get parsing info during refresh. "On-the-fly" syntax checking information may be incorrect. [E:\uni\SED\Trabajo-VHDL\RGB_PWM_Ctrol\RGB_PWM_Ctrol.srcs\sources_1\new\FSM_Master.vhd:]
WARNING: [filemgmt 56-199] Attempt to get parsing info during refresh. "On-the-fly" syntax checking information may be incorrect. [E:\uni\SED\Trabajo-VHDL\RGB_PWM_Ctrol\RGB_PWM_Ctrol.srcs\sources_1\new\FSM_Master.vhd:]
WARNING: [filemgmt 56-199] Attempt to get parsing info during refresh. "On-the-fly" syntax checking information may be incorrect. [E:\uni\SED\Trabajo-VHDL\RGB_PWM_Ctrol\RGB_PWM_Ctrol.srcs\sources_1\new\FSM_Master.vhd:]
WARNING: [filemgmt 56-199] Attempt to get parsing info during refresh. "On-the-fly" syntax checking information may be incorrect. [E:\uni\SED\Trabajo-VHDL\RGB_PWM_Ctrol\RGB_PWM_Ctrol.srcs\sim_1\new\FSM_Master_tb.vhd:]
WARNING: [filemgmt 56-199] Attempt to get parsing info during refresh. "On-the-fly" syntax checking information may be incorrect. [E:\uni\SED\Trabajo-VHDL\RGB_PWM_Ctrol\RGB_PWM_Ctrol.srcs\sources_1\new\FSM_Slave.vhd:]
WARNING: [filemgmt 56-199] Attempt to get parsing info during refresh. "On-the-fly" syntax checking information may be incorrect. [E:\uni\SED\Trabajo-VHDL\RGB_PWM_Ctrol\RGB_PWM_Ctrol.srcs\sources_1\new\top.vhd:]
WARNING: [filemgmt 56-199] Attempt to get parsing info during refresh. "On-the-fly" syntax checking information may be incorrect. [E:\uni\SED\Trabajo-VHDL\RGB_PWM_Ctrol\RGB_PWM_Ctrol.srcs\sources_1\new\RGB_Controller.vhd:]
WARNING: [filemgmt 56-199] Attempt to get parsing info during refresh. "On-the-fly" syntax checking information may be incorrect. [E:\uni\SED\Trabajo-VHDL\RGB_PWM_Ctrol\RGB_PWM_Ctrol.srcs\sim_1\new\FSM_Master_tb.vhd:]
WARNING: [filemgmt 56-199] Attempt to get parsing info during refresh. "On-the-fly" syntax checking information may be incorrect. [E:\uni\SED\Trabajo-VHDL\RGB_PWM_Ctrol\RGB_PWM_Ctrol.srcs\sim_1\new\FSM_Master_tb.vhd:]
ERROR: [Common 17-180] Spawn failed: La operación se completó correctamente.

WARNING: [filemgmt 56-199] Attempt to get parsing info during refresh. "On-the-fly" syntax checking information may be incorrect. [E:\uni\SED\Trabajo-VHDL\RGB_PWM_Ctrol\RGB_PWM_Ctrol.srcs\sources_1\new\FSM_Master.vhd:]
WARNING: [filemgmt 56-199] Attempt to get parsing info during refresh. "On-the-fly" syntax checking information may be incorrect. [E:\uni\SED\Trabajo-VHDL\RGB_PWM_Ctrol\RGB_PWM_Ctrol.srcs\sim_1\new\FSM_Master_tb.vhd:]
WARNING: [filemgmt 56-199] Attempt to get parsing info during refresh. "On-the-fly" syntax checking information may be incorrect. [E:\uni\SED\Trabajo-VHDL\RGB_PWM_Ctrol\RGB_PWM_Ctrol.srcs\sources_1\new\FSM_Slave.vhd:]
WARNING: [filemgmt 56-199] Attempt to get parsing info during refresh. "On-the-fly" syntax checking information may be incorrect. [E:\uni\SED\Trabajo-VHDL\RGB_PWM_Ctrol\RGB_PWM_Ctrol.srcs\sources_1\new\top.vhd:]
WARNING: [filemgmt 56-199] Attempt to get parsing info during refresh. "On-the-fly" syntax checking information may be incorrect. [E:\uni\SED\Trabajo-VHDL\RGB_PWM_Ctrol\RGB_PWM_Ctrol.srcs\sources_1\new\RGB_Controller.vhd:]
WARNING: [filemgmt 56-199] Attempt to get parsing info during refresh. "On-the-fly" syntax checking information may be incorrect. [E:\uni\SED\Trabajo-VHDL\RGB_PWM_Ctrol\RGB_PWM_Ctrol.srcs\sources_1\new\FSM_Slave.vhd:]
WARNING: [filemgmt 56-199] Attempt to get parsing info during refresh. "On-the-fly" syntax checking information may be incorrect. [E:\uni\SED\Trabajo-VHDL\RGB_PWM_Ctrol\RGB_PWM_Ctrol.srcs\sources_1\new\FSM_Slave.vhd:]
update_compile_order -fileset sim_1
launch_simulation
Command: launch_simulation 
INFO: [Vivado 12-12493] Simulation top is 'RGB_Controller'
INFO: [Vivado 12-5682] Launching behavioral simulation in 'E:/uni/SED/Trabajo-VHDL/RGB_PWM_Ctrol/RGB_PWM_Ctrol.sim/sim_1/behav/xsim'
INFO: [SIM-utils-51] Simulation object is 'sim_1'
INFO: [SIM-utils-72] Using boost library from 'C:/Xilinx/2025.1/Vivado/tps/boost_1_72_0'
INFO: [SIM-utils-54] Inspecting design source files for 'RGB_Controller' in fileset 'sim_1'...
INFO: [USF-XSim-97] Finding global include files...
INFO: [USF-XSim-98] Fetching design files from 'sim_1'...
INFO: [USF-XSim-2] XSim::Compile design
INFO: [USF-XSim-61] Executing 'COMPILE and ANALYZE' step in 'E:/uni/SED/Trabajo-VHDL/RGB_PWM_Ctrol/RGB_PWM_Ctrol.sim/sim_1/behav/xsim'
"xvhdl --incr --relax -prj RGB_Controller_vhdl.prj"
INFO: [VRFC 10-163] Analyzing VHDL file "E:/uni/SED/Trabajo-VHDL/RGB_PWM_Ctrol/RGB_PWM_Ctrol.srcs/sources_1/new/FSM_Master.vhd" into library xil_defaultlib
INFO: [VRFC 10-3107] analyzing entity 'FSM_Master'
INFO: [VRFC 10-163] Analyzing VHDL file "E:/uni/SED/Trabajo-VHDL/RGB_PWM_Ctrol/RGB_PWM_Ctrol.srcs/sources_1/new/FSM_Slave.vhd" into library xil_defaultlib
INFO: [VRFC 10-3107] analyzing entity 'FSM_Slave'
INFO: [VRFC 10-163] Analyzing VHDL file "E:/uni/SED/Trabajo-VHDL/RGB_PWM_Ctrol/RGB_PWM_Ctrol.srcs/sources_1/new/RGB_Controller.vhd" into library xil_defaultlib
INFO: [VRFC 10-3107] analyzing entity 'RGB_Controller'
INFO: [USF-XSim-69] 'compile' step finished in '1' seconds
INFO: [USF-XSim-3] XSim::Elaborate design
INFO: [USF-XSim-61] Executing 'ELABORATE' step in 'E:/uni/SED/Trabajo-VHDL/RGB_PWM_Ctrol/RGB_PWM_Ctrol.sim/sim_1/behav/xsim'
"xelab --incr --debug typical --relax --mt 2 -L xil_defaultlib -L secureip --snapshot RGB_Controller_behav xil_defaultlib.RGB_Controller -log elaborate.log"
Vivado Simulator v2025.1.0
Copyright 1986-2022 Xilinx, Inc. All Rights Reserved.
Copyright 2022-2025 Advanced Micro Devices, Inc. All Rights Reserved.
Running: C:/Xilinx/2025.1/Vivado/bin/unwrapped/win64.o/xelab.exe --incr --debug typical --relax --mt 2 -L xil_defaultlib -L secureip --snapshot RGB_Controller_behav xil_defaultlib.RGB_Controller -log elaborate.log 
Using 2 slave threads.
Starting static elaboration
Completed static elaboration
Starting simulation data flow analysis
Completed simulation data flow analysis
Time Resolution for simulation is 1ps
Compiling package std.standard
Compiling package std.textio
Compiling package ieee.std_logic_1164
Compiling package ieee.numeric_std
Compiling architecture behavioral of entity xil_defaultlib.FSM_Master [fsm_master_default]
Compiling architecture behavioral of entity xil_defaultlib.FSM_Slave [fsm_slave_default]
Compiling architecture behavioral of entity xil_defaultlib.rgb_controller
Built simulation snapshot RGB_Controller_behav
INFO: [USF-XSim-69] 'elaborate' step finished in '3' seconds
INFO: [USF-XSim-4] XSim::Simulate design
INFO: [USF-XSim-61] Executing 'SIMULATE' step in 'E:/uni/SED/Trabajo-VHDL/RGB_PWM_Ctrol/RGB_PWM_Ctrol.sim/sim_1/behav/xsim'
INFO: [USF-XSim-98] *** Running xsim
   with args "RGB_Controller_behav -key {Behavioral:sim_1:Functional:RGB_Controller} -tclbatch {RGB_Controller.tcl} -log {simulate.log}"
INFO: [USF-XSim-8] Loading simulator feature
Time resolution is 1 ps
source RGB_Controller.tcl
# set curr_wave [current_wave_config]
# if { [string length $curr_wave] == 0 } {
#   if { [llength [get_objects]] > 0} {
#     add_wave /
#     set_property needs_save false [current_wave_config]
#   } else {
#      send_msg_id Add_Wave-1 WARNING "No top level signals found. Simulator will start without a wave window. If you want to open a wave window go to 'File->New Waveform Configuration' or type 'create_wave_config' in the TCL console."
#   }
# }
# run 1000ns
INFO: [USF-XSim-96] XSim completed. Design snapshot 'RGB_Controller_behav' loaded.
INFO: [USF-XSim-97] XSim simulation ran for 1000ns
launch_simulation: Time (s): cpu = 00:00:05 ; elapsed = 00:00:08 . Memory (MB): peak = 1708.488 ; gain = 10.270
WARNING: [filemgmt 56-199] Attempt to get parsing info during refresh. "On-the-fly" syntax checking information may be incorrect. [E:\uni\SED\Trabajo-VHDL\RGB_PWM_Ctrol\RGB_PWM_Ctrol.srcs\sources_1\new\FSM_Master.vhd:]
WARNING: [filemgmt 56-199] Attempt to get parsing info during refresh. "On-the-fly" syntax checking information may be incorrect. [E:\uni\SED\Trabajo-VHDL\RGB_PWM_Ctrol\RGB_PWM_Ctrol.srcs\sources_1\new\FSM_Slave.vhd:]
WARNING: [filemgmt 56-199] Attempt to get parsing info during refresh. "On-the-fly" syntax checking information may be incorrect. [E:\uni\SED\Trabajo-VHDL\RGB_PWM_Ctrol\RGB_PWM_Ctrol.srcs\sources_1\new\top.vhd:]
WARNING: [filemgmt 56-199] Attempt to get parsing info during refresh. "On-the-fly" syntax checking information may be incorrect. [E:\uni\SED\Trabajo-VHDL\RGB_PWM_Ctrol\RGB_PWM_Ctrol.srcs\sources_1\new\RGB_Controller.vhd:]
WARNING: [filemgmt 56-199] Attempt to get parsing info during refresh. "On-the-fly" syntax checking information may be incorrect. [E:\uni\SED\Trabajo-VHDL\RGB_PWM_Ctrol\RGB_PWM_Ctrol.srcs\sim_1\new\RGB_Controller_tb.vhd:]
WARNING: [filemgmt 56-199] Attempt to get parsing info during refresh. "On-the-fly" syntax checking information may be incorrect. [E:\uni\SED\Trabajo-VHDL\RGB_PWM_Ctrol\RGB_PWM_Ctrol.srcs\sources_1\new\FSM_Slave.vhd:]
WARNING: [filemgmt 56-199] Attempt to get parsing info during refresh. "On-the-fly" syntax checking information may be incorrect. [E:\uni\SED\Trabajo-VHDL\RGB_PWM_Ctrol\RGB_PWM_Ctrol.srcs\sources_1\new\FSM_Slave.vhd:]
WARNING: [filemgmt 56-199] Attempt to get parsing info during refresh. "On-the-fly" syntax checking information may be incorrect. [E:\uni\SED\Trabajo-VHDL\RGB_PWM_Ctrol\RGB_PWM_Ctrol.srcs\sources_1\new\FSM_Master.vhd:]
WARNING: [filemgmt 56-199] Attempt to get parsing info during refresh. "On-the-fly" syntax checking information may be incorrect. [E:\uni\SED\Trabajo-VHDL\RGB_PWM_Ctrol\RGB_PWM_Ctrol.srcs\sources_1\new\FSM_Slave.vhd:]
WARNING: [filemgmt 56-199] Attempt to get parsing info during refresh. "On-the-fly" syntax checking information may be incorrect. [E:\uni\SED\Trabajo-VHDL\RGB_PWM_Ctrol\RGB_PWM_Ctrol.srcs\sources_1\new\top.vhd:]
WARNING: [filemgmt 56-199] Attempt to get parsing info during refresh. "On-the-fly" syntax checking information may be incorrect. [E:\uni\SED\Trabajo-VHDL\RGB_PWM_Ctrol\RGB_PWM_Ctrol.srcs\sources_1\new\RGB_Controller.vhd:]
WARNING: [filemgmt 56-199] Attempt to get parsing info during refresh. "On-the-fly" syntax checking information may be incorrect. [E:\uni\SED\Trabajo-VHDL\RGB_PWM_Ctrol\RGB_PWM_Ctrol.srcs\sim_1\new\RGB_Controller_tb.vhd:]
WARNING: [filemgmt 56-199] Attempt to get parsing info during refresh. "On-the-fly" syntax checking information may be incorrect. [E:\uni\SED\Trabajo-VHDL\RGB_PWM_Ctrol\RGB_PWM_Ctrol.srcs\sim_1\new\RGB_Controller_tb.vhd:]
WARNING: [filemgmt 56-199] Attempt to get parsing info during refresh. "On-the-fly" syntax checking information may be incorrect. [E:\uni\SED\Trabajo-VHDL\RGB_PWM_Ctrol\RGB_PWM_Ctrol.srcs\sim_1\new\RGB_Controller_tb.vhd:]
update_compile_order -fileset sim_1
WARNING: [filemgmt 56-199] Attempt to get parsing info during refresh. "On-the-fly" syntax checking information may be incorrect. [E:\uni\SED\Trabajo-VHDL\RGB_PWM_Ctrol\RGB_PWM_Ctrol.srcs\sources_1\new\FSM_Master.vhd:]
WARNING: [filemgmt 56-199] Attempt to get parsing info during refresh. "On-the-fly" syntax checking information may be incorrect. [E:\uni\SED\Trabajo-VHDL\RGB_PWM_Ctrol\RGB_PWM_Ctrol.srcs\sources_1\new\FSM_Slave.vhd:]
WARNING: [filemgmt 56-199] Attempt to get parsing info during refresh. "On-the-fly" syntax checking information may be incorrect. [E:\uni\SED\Trabajo-VHDL\RGB_PWM_Ctrol\RGB_PWM_Ctrol.srcs\sources_1\new\top.vhd:]
WARNING: [filemgmt 56-199] Attempt to get parsing info during refresh. "On-the-fly" syntax checking information may be incorrect. [E:\uni\SED\Trabajo-VHDL\RGB_PWM_Ctrol\RGB_PWM_Ctrol.srcs\sources_1\new\RGB_Controller.vhd:]
WARNING: [filemgmt 56-199] Attempt to get parsing info during refresh. "On-the-fly" syntax checking information may be incorrect. [E:\uni\SED\Trabajo-VHDL\RGB_PWM_Ctrol\RGB_PWM_Ctrol.srcs\sim_1\new\RGB_Controller_tb.vhd:]
WARNING: [filemgmt 56-199] Attempt to get parsing info during refresh. "On-the-fly" syntax checking information may be incorrect. [E:\uni\SED\Trabajo-VHDL\RGB_PWM_Ctrol\RGB_PWM_Ctrol.srcs\sources_1\new\top.vhd:]
WARNING: [filemgmt 56-199] Attempt to get parsing info during refresh. "On-the-fly" syntax checking information may be incorrect. [E:\uni\SED\Trabajo-VHDL\RGB_PWM_Ctrol\RGB_PWM_Ctrol.srcs\sources_1\new\top.vhd:]
WARNING: [filemgmt 56-199] Attempt to get parsing info during refresh. "On-the-fly" syntax checking information may be incorrect. [E:\uni\SED\Trabajo-VHDL\RGB_PWM_Ctrol\RGB_PWM_Ctrol.srcs\sources_1\new\FSM_Master.vhd:]
WARNING: [filemgmt 56-199] Attempt to get parsing info during refresh. "On-the-fly" syntax checking information may be incorrect. [E:\uni\SED\Trabajo-VHDL\RGB_PWM_Ctrol\RGB_PWM_Ctrol.srcs\sources_1\new\FSM_Slave.vhd:]
WARNING: [filemgmt 56-199] Attempt to get parsing info during refresh. "On-the-fly" syntax checking information may be incorrect. [E:\uni\SED\Trabajo-VHDL\RGB_PWM_Ctrol\RGB_PWM_Ctrol.srcs\sources_1\new\top.vhd:]
WARNING: [filemgmt 56-199] Attempt to get parsing info during refresh. "On-the-fly" syntax checking information may be incorrect. [E:\uni\SED\Trabajo-VHDL\RGB_PWM_Ctrol\RGB_PWM_Ctrol.srcs\sources_1\new\RGB_Controller.vhd:]
WARNING: [filemgmt 56-199] Attempt to get parsing info during refresh. "On-the-fly" syntax checking information may be incorrect. [E:\uni\SED\Trabajo-VHDL\RGB_PWM_Ctrol\RGB_PWM_Ctrol.srcs\sim_1\new\RGB_Controller_tb.vhd:]
WARNING: [filemgmt 56-199] Attempt to get parsing info during refresh. "On-the-fly" syntax checking information may be incorrect. [E:\uni\SED\Trabajo-VHDL\RGB_PWM_Ctrol\RGB_PWM_Ctrol.srcs\sim_1\new\RGB_Controller_tb.vhd:]
WARNING: [filemgmt 56-199] Attempt to get parsing info during refresh. "On-the-fly" syntax checking information may be incorrect. [E:\uni\SED\Trabajo-VHDL\RGB_PWM_Ctrol\RGB_PWM_Ctrol.srcs\sim_1\new\RGB_Controller_tb.vhd:]
ERROR: [Common 17-180] Spawn failed: La operación se completó correctamente.

WARNING: [filemgmt 56-199] Attempt to get parsing info during refresh. "On-the-fly" syntax checking information may be incorrect. [E:\uni\SED\Trabajo-VHDL\RGB_PWM_Ctrol\RGB_PWM_Ctrol.srcs\sources_1\new\FSM_Master.vhd:]
WARNING: [filemgmt 56-199] Attempt to get parsing info during refresh. "On-the-fly" syntax checking information may be incorrect. [E:\uni\SED\Trabajo-VHDL\RGB_PWM_Ctrol\RGB_PWM_Ctrol.srcs\sources_1\new\FSM_Slave.vhd:]
WARNING: [filemgmt 56-199] Attempt to get parsing info during refresh. "On-the-fly" syntax checking information may be incorrect. [E:\uni\SED\Trabajo-VHDL\RGB_PWM_Ctrol\RGB_PWM_Ctrol.srcs\sources_1\new\top.vhd:]
WARNING: [filemgmt 56-199] Attempt to get parsing info during refresh. "On-the-fly" syntax checking information may be incorrect. [E:\uni\SED\Trabajo-VHDL\RGB_PWM_Ctrol\RGB_PWM_Ctrol.srcs\sources_1\new\RGB_Controller.vhd:]
WARNING: [filemgmt 56-199] Attempt to get parsing info during refresh. "On-the-fly" syntax checking information may be incorrect. [E:\uni\SED\Trabajo-VHDL\RGB_PWM_Ctrol\RGB_PWM_Ctrol.srcs\sim_1\new\RGB_Controller_tb.vhd:]
WARNING: [filemgmt 56-199] Attempt to get parsing info during refresh. "On-the-fly" syntax checking information may be incorrect. [E:\uni\SED\Trabajo-VHDL\RGB_PWM_Ctrol\RGB_PWM_Ctrol.srcs\sources_1\new\RGB_Controller.vhd:]
WARNING: [filemgmt 56-199] Attempt to get parsing info during refresh. "On-the-fly" syntax checking information may be incorrect. [E:\uni\SED\Trabajo-VHDL\RGB_PWM_Ctrol\RGB_PWM_Ctrol.srcs\sources_1\new\RGB_Controller.vhd:]
WARNING: [filemgmt 56-199] Attempt to get parsing info during refresh. "On-the-fly" syntax checking information may be incorrect. [E:\uni\SED\Trabajo-VHDL\RGB_PWM_Ctrol\RGB_PWM_Ctrol.srcs\sources_1\new\FSM_Master.vhd:]
WARNING: [filemgmt 56-199] Attempt to get parsing info during refresh. "On-the-fly" syntax checking information may be incorrect. [E:\uni\SED\Trabajo-VHDL\RGB_PWM_Ctrol\RGB_PWM_Ctrol.srcs\sources_1\new\FSM_Slave.vhd:]
WARNING: [filemgmt 56-199] Attempt to get parsing info during refresh. "On-the-fly" syntax checking information may be incorrect. [E:\uni\SED\Trabajo-VHDL\RGB_PWM_Ctrol\RGB_PWM_Ctrol.srcs\sources_1\new\top.vhd:]
WARNING: [filemgmt 56-199] Attempt to get parsing info during refresh. "On-the-fly" syntax checking information may be incorrect. [E:\uni\SED\Trabajo-VHDL\RGB_PWM_Ctrol\RGB_PWM_Ctrol.srcs\sources_1\new\RGB_Controller.vhd:]
WARNING: [filemgmt 56-199] Attempt to get parsing info during refresh. "On-the-fly" syntax checking information may be incorrect. [E:\uni\SED\Trabajo-VHDL\RGB_PWM_Ctrol\RGB_PWM_Ctrol.srcs\sim_1\new\RGB_Controller_tb.vhd:]
WARNING: [filemgmt 56-199] Attempt to get parsing info during refresh. "On-the-fly" syntax checking information may be incorrect. [E:\uni\SED\Trabajo-VHDL\RGB_PWM_Ctrol\RGB_PWM_Ctrol.srcs\sources_1\new\FSM_Slave.vhd:]
WARNING: [filemgmt 56-199] Attempt to get parsing info during refresh. "On-the-fly" syntax checking information may be incorrect. [E:\uni\SED\Trabajo-VHDL\RGB_PWM_Ctrol\RGB_PWM_Ctrol.srcs\sources_1\new\FSM_Slave.vhd:]
ERROR: [Common 17-180] Spawn failed: La operación se completó correctamente.

WARNING: [filemgmt 56-199] Attempt to get parsing info during refresh. "On-the-fly" syntax checking information may be incorrect. [E:\uni\SED\Trabajo-VHDL\RGB_PWM_Ctrol\RGB_PWM_Ctrol.srcs\sources_1\new\FSM_Master.vhd:]
WARNING: [filemgmt 56-199] Attempt to get parsing info during refresh. "On-the-fly" syntax checking information may be incorrect. [E:\uni\SED\Trabajo-VHDL\RGB_PWM_Ctrol\RGB_PWM_Ctrol.srcs\sources_1\new\FSM_Slave.vhd:]
WARNING: [filemgmt 56-199] Attempt to get parsing info during refresh. "On-the-fly" syntax checking information may be incorrect. [E:\uni\SED\Trabajo-VHDL\RGB_PWM_Ctrol\RGB_PWM_Ctrol.srcs\sources_1\new\top.vhd:]
WARNING: [filemgmt 56-199] Attempt to get parsing info during refresh. "On-the-fly" syntax checking information may be incorrect. [E:\uni\SED\Trabajo-VHDL\RGB_PWM_Ctrol\RGB_PWM_Ctrol.srcs\sources_1\new\RGB_Controller.vhd:]
WARNING: [filemgmt 56-199] Attempt to get parsing info during refresh. "On-the-fly" syntax checking information may be incorrect. [E:\uni\SED\Trabajo-VHDL\RGB_PWM_Ctrol\RGB_PWM_Ctrol.srcs\sim_1\new\RGB_Controller_tb.vhd:]
WARNING: [filemgmt 56-199] Attempt to get parsing info during refresh. "On-the-fly" syntax checking information may be incorrect. [E:\uni\SED\Trabajo-VHDL\RGB_PWM_Ctrol\RGB_PWM_Ctrol.srcs\sources_1\new\FSM_Master.vhd:]
WARNING: [filemgmt 56-199] Attempt to get parsing info during refresh. "On-the-fly" syntax checking information may be incorrect. [E:\uni\SED\Trabajo-VHDL\RGB_PWM_Ctrol\RGB_PWM_Ctrol.srcs\sources_1\new\FSM_Master.vhd:]
launch_simulation
Command: launch_simulation 
INFO: [Vivado 12-12493] Simulation top is 'RGB_Controller_tb'
boost::filesystem::remove: El proceso no tiene acceso al archivo porque está siendo utilizado por otro proceso: "E:/uni/SED/Trabajo-VHDL/RGB_PWM_Ctrol/RGB_PWM_Ctrol.sim/sim_1/behav/xsim/simulate.log"
close_sim
INFO: [Simtcl 6-16] Simulation closed
launch_simulation
Command: launch_simulation 
INFO: [Vivado 12-12493] Simulation top is 'RGB_Controller_tb'
INFO: [Vivado 12-5682] Launching behavioral simulation in 'E:/uni/SED/Trabajo-VHDL/RGB_PWM_Ctrol/RGB_PWM_Ctrol.sim/sim_1/behav/xsim'
INFO: [SIM-utils-51] Simulation object is 'sim_1'
INFO: [SIM-utils-72] Using boost library from 'C:/Xilinx/2025.1/Vivado/tps/boost_1_72_0'
INFO: [SIM-utils-54] Inspecting design source files for 'RGB_Controller_tb' in fileset 'sim_1'...
INFO: [USF-XSim-97] Finding global include files...
INFO: [USF-XSim-98] Fetching design files from 'sim_1'...
INFO: [USF-XSim-2] XSim::Compile design
INFO: [USF-XSim-61] Executing 'COMPILE and ANALYZE' step in 'E:/uni/SED/Trabajo-VHDL/RGB_PWM_Ctrol/RGB_PWM_Ctrol.sim/sim_1/behav/xsim'
"xvhdl --incr --relax -prj RGB_Controller_tb_vhdl.prj"
INFO: [VRFC 10-163] Analyzing VHDL file "E:/uni/SED/Trabajo-VHDL/RGB_PWM_Ctrol/RGB_PWM_Ctrol.srcs/sim_1/new/RGB_Controller_tb.vhd" into library xil_defaultlib
INFO: [VRFC 10-3107] analyzing entity 'RGB_Controller_tb'
INFO: [USF-XSim-69] 'compile' step finished in '1' seconds
INFO: [USF-XSim-3] XSim::Elaborate design
INFO: [USF-XSim-61] Executing 'ELABORATE' step in 'E:/uni/SED/Trabajo-VHDL/RGB_PWM_Ctrol/RGB_PWM_Ctrol.sim/sim_1/behav/xsim'
"xelab --incr --debug typical --relax --mt 2 -L xil_defaultlib -L secureip --snapshot RGB_Controller_tb_behav xil_defaultlib.RGB_Controller_tb -log elaborate.log"
Vivado Simulator v2025.1.0
Copyright 1986-2022 Xilinx, Inc. All Rights Reserved.
Copyright 2022-2025 Advanced Micro Devices, Inc. All Rights Reserved.
Running: C:/Xilinx/2025.1/Vivado/bin/unwrapped/win64.o/xelab.exe --incr --debug typical --relax --mt 2 -L xil_defaultlib -L secureip --snapshot RGB_Controller_tb_behav xil_defaultlib.RGB_Controller_tb -log elaborate.log 
Using 2 slave threads.
Starting static elaboration
Completed static elaboration
Starting simulation data flow analysis
Completed simulation data flow analysis
Time Resolution for simulation is 1ps
Compiling package std.standard
Compiling package std.textio
Compiling package ieee.std_logic_1164
Compiling package ieee.numeric_std
Compiling architecture behavioral of entity xil_defaultlib.FSM_Master [fsm_master_default]
Compiling architecture behavioral of entity xil_defaultlib.FSM_Slave [fsm_slave_default]
Compiling architecture behavioral of entity xil_defaultlib.RGB_Controller [rgb_controller_default]
Compiling architecture behavioral of entity xil_defaultlib.rgb_controller_tb
Built simulation snapshot RGB_Controller_tb_behav
INFO: [USF-XSim-69] 'elaborate' step finished in '2' seconds
INFO: [USF-XSim-4] XSim::Simulate design
INFO: [USF-XSim-61] Executing 'SIMULATE' step in 'E:/uni/SED/Trabajo-VHDL/RGB_PWM_Ctrol/RGB_PWM_Ctrol.sim/sim_1/behav/xsim'
INFO: [USF-XSim-98] *** Running xsim
   with args "RGB_Controller_tb_behav -key {Behavioral:sim_1:Functional:RGB_Controller_tb} -tclbatch {RGB_Controller_tb.tcl} -log {simulate.log}"
INFO: [USF-XSim-8] Loading simulator feature
Time resolution is 1 ps
source RGB_Controller_tb.tcl
# set curr_wave [current_wave_config]
# if { [string length $curr_wave] == 0 } {
#   if { [llength [get_objects]] > 0} {
#     add_wave /
#     set_property needs_save false [current_wave_config]
#   } else {
#      send_msg_id Add_Wave-1 WARNING "No top level signals found. Simulator will start without a wave window. If you want to open a wave window go to 'File->New Waveform Configuration' or type 'create_wave_config' in the TCL console."
#   }
# }
# run 1000ns
INFO: [USF-XSim-96] XSim completed. Design snapshot 'RGB_Controller_tb_behav' loaded.
INFO: [USF-XSim-97] XSim simulation ran for 1000ns
run 500 ns
run 500 ns
WARNING: [filemgmt 56-199] Attempt to get parsing info during refresh. "On-the-fly" syntax checking information may be incorrect. [E:\uni\SED\Trabajo-VHDL\RGB_PWM_Ctrol\RGB_PWM_Ctrol.srcs\sources_1\new\FSM_Master.vhd:]
WARNING: [filemgmt 56-199] Attempt to get parsing info during refresh. "On-the-fly" syntax checking information may be incorrect. [E:\uni\SED\Trabajo-VHDL\RGB_PWM_Ctrol\RGB_PWM_Ctrol.srcs\sources_1\new\FSM_Slave.vhd:]
WARNING: [filemgmt 56-199] Attempt to get parsing info during refresh. "On-the-fly" syntax checking information may be incorrect. [E:\uni\SED\Trabajo-VHDL\RGB_PWM_Ctrol\RGB_PWM_Ctrol.srcs\sources_1\new\top.vhd:]
WARNING: [filemgmt 56-199] Attempt to get parsing info during refresh. "On-the-fly" syntax checking information may be incorrect. [E:\uni\SED\Trabajo-VHDL\RGB_PWM_Ctrol\RGB_PWM_Ctrol.srcs\sources_1\new\RGB_Controller.vhd:]
WARNING: [filemgmt 56-199] Attempt to get parsing info during refresh. "On-the-fly" syntax checking information may be incorrect. [E:\uni\SED\Trabajo-VHDL\RGB_PWM_Ctrol\RGB_PWM_Ctrol.srcs\sim_1\new\RGB_Controller_tb.vhd:]
WARNING: [filemgmt 56-199] Attempt to get parsing info during refresh. "On-the-fly" syntax checking information may be incorrect. [E:\uni\SED\Trabajo-VHDL\RGB_PWM_Ctrol\RGB_PWM_Ctrol.srcs\sources_1\new\FSM_Master.vhd:]
WARNING: [filemgmt 56-199] Attempt to get parsing info during refresh. "On-the-fly" syntax checking information may be incorrect. [E:\uni\SED\Trabajo-VHDL\RGB_PWM_Ctrol\RGB_PWM_Ctrol.srcs\sources_1\new\FSM_Master.vhd:]
WARNING: [filemgmt 56-199] Attempt to get parsing info during refresh. "On-the-fly" syntax checking information may be incorrect. [E:\uni\SED\Trabajo-VHDL\RGB_PWM_Ctrol\RGB_PWM_Ctrol.srcs\sources_1\new\FSM_Master.vhd:]
WARNING: [filemgmt 56-199] Attempt to get parsing info during refresh. "On-the-fly" syntax checking information may be incorrect. [E:\uni\SED\Trabajo-VHDL\RGB_PWM_Ctrol\RGB_PWM_Ctrol.srcs\sources_1\new\FSM_Slave.vhd:]
WARNING: [filemgmt 56-199] Attempt to get parsing info during refresh. "On-the-fly" syntax checking information may be incorrect. [E:\uni\SED\Trabajo-VHDL\RGB_PWM_Ctrol\RGB_PWM_Ctrol.srcs\sources_1\new\top.vhd:]
WARNING: [filemgmt 56-199] Attempt to get parsing info during refresh. "On-the-fly" syntax checking information may be incorrect. [E:\uni\SED\Trabajo-VHDL\RGB_PWM_Ctrol\RGB_PWM_Ctrol.srcs\sources_1\new\RGB_Controller.vhd:]
WARNING: [filemgmt 56-199] Attempt to get parsing info during refresh. "On-the-fly" syntax checking information may be incorrect. [E:\uni\SED\Trabajo-VHDL\RGB_PWM_Ctrol\RGB_PWM_Ctrol.srcs\sim_1\new\RGB_Controller_tb.vhd:]
WARNING: [filemgmt 56-199] Attempt to get parsing info during refresh. "On-the-fly" syntax checking information may be incorrect. [E:\uni\SED\Trabajo-VHDL\RGB_PWM_Ctrol\RGB_PWM_Ctrol.srcs\sources_1\new\FSM_Slave.vhd:]
WARNING: [filemgmt 56-199] Attempt to get parsing info during refresh. "On-the-fly" syntax checking information may be incorrect. [E:\uni\SED\Trabajo-VHDL\RGB_PWM_Ctrol\RGB_PWM_Ctrol.srcs\sources_1\new\FSM_Slave.vhd:]
WARNING: [filemgmt 56-199] Attempt to get parsing info during refresh. "On-the-fly" syntax checking information may be incorrect. [E:\uni\SED\Trabajo-VHDL\RGB_PWM_Ctrol\RGB_PWM_Ctrol.srcs\sources_1\new\FSM_Master.vhd:]
WARNING: [filemgmt 56-199] Attempt to get parsing info during refresh. "On-the-fly" syntax checking information may be incorrect. [E:\uni\SED\Trabajo-VHDL\RGB_PWM_Ctrol\RGB_PWM_Ctrol.srcs\sources_1\new\FSM_Slave.vhd:]
WARNING: [filemgmt 56-199] Attempt to get parsing info during refresh. "On-the-fly" syntax checking information may be incorrect. [E:\uni\SED\Trabajo-VHDL\RGB_PWM_Ctrol\RGB_PWM_Ctrol.srcs\sources_1\new\top.vhd:]
WARNING: [filemgmt 56-199] Attempt to get parsing info during refresh. "On-the-fly" syntax checking information may be incorrect. [E:\uni\SED\Trabajo-VHDL\RGB_PWM_Ctrol\RGB_PWM_Ctrol.srcs\sources_1\new\RGB_Controller.vhd:]
WARNING: [filemgmt 56-199] Attempt to get parsing info during refresh. "On-the-fly" syntax checking information may be incorrect. [E:\uni\SED\Trabajo-VHDL\RGB_PWM_Ctrol\RGB_PWM_Ctrol.srcs\sim_1\new\RGB_Controller_tb.vhd:]
WARNING: [filemgmt 56-199] Attempt to get parsing info during refresh. "On-the-fly" syntax checking information may be incorrect. [E:\uni\SED\Trabajo-VHDL\RGB_PWM_Ctrol\RGB_PWM_Ctrol.srcs\sources_1\new\RGB_Controller.vhd:]
WARNING: [filemgmt 56-199] Attempt to get parsing info during refresh. "On-the-fly" syntax checking information may be incorrect. [E:\uni\SED\Trabajo-VHDL\RGB_PWM_Ctrol\RGB_PWM_Ctrol.srcs\sources_1\new\RGB_Controller.vhd:]
WARNING: [filemgmt 56-199] Attempt to get parsing info during refresh. "On-the-fly" syntax checking information may be incorrect. [E:\uni\SED\Trabajo-VHDL\RGB_PWM_Ctrol\RGB_PWM_Ctrol.srcs\sources_1\new\FSM_Master.vhd:]
WARNING: [filemgmt 56-199] Attempt to get parsing info during refresh. "On-the-fly" syntax checking information may be incorrect. [E:\uni\SED\Trabajo-VHDL\RGB_PWM_Ctrol\RGB_PWM_Ctrol.srcs\sources_1\new\FSM_Slave.vhd:]
WARNING: [filemgmt 56-199] Attempt to get parsing info during refresh. "On-the-fly" syntax checking information may be incorrect. [E:\uni\SED\Trabajo-VHDL\RGB_PWM_Ctrol\RGB_PWM_Ctrol.srcs\sources_1\new\top.vhd:]
WARNING: [filemgmt 56-199] Attempt to get parsing info during refresh. "On-the-fly" syntax checking information may be incorrect. [E:\uni\SED\Trabajo-VHDL\RGB_PWM_Ctrol\RGB_PWM_Ctrol.srcs\sources_1\new\RGB_Controller.vhd:]
WARNING: [filemgmt 56-199] Attempt to get parsing info during refresh. "On-the-fly" syntax checking information may be incorrect. [E:\uni\SED\Trabajo-VHDL\RGB_PWM_Ctrol\RGB_PWM_Ctrol.srcs\sim_1\new\RGB_Controller_tb.vhd:]
WARNING: [filemgmt 56-199] Attempt to get parsing info during refresh. "On-the-fly" syntax checking information may be incorrect. [E:\uni\SED\Trabajo-VHDL\RGB_PWM_Ctrol\RGB_PWM_Ctrol.srcs\sources_1\new\top.vhd:]
WARNING: [filemgmt 56-199] Attempt to get parsing info during refresh. "On-the-fly" syntax checking information may be incorrect. [E:\uni\SED\Trabajo-VHDL\RGB_PWM_Ctrol\RGB_PWM_Ctrol.srcs\sources_1\new\top.vhd:]
ERROR: [Common 17-180] Spawn failed: La operación se completó correctamente.

WARNING: [filemgmt 56-199] Attempt to get parsing info during refresh. "On-the-fly" syntax checking information may be incorrect. [E:\uni\SED\Trabajo-VHDL\RGB_PWM_Ctrol\RGB_PWM_Ctrol.srcs\sources_1\new\FSM_Master.vhd:]
WARNING: [filemgmt 56-199] Attempt to get parsing info during refresh. "On-the-fly" syntax checking information may be incorrect. [E:\uni\SED\Trabajo-VHDL\RGB_PWM_Ctrol\RGB_PWM_Ctrol.srcs\sources_1\new\FSM_Slave.vhd:]
WARNING: [filemgmt 56-199] Attempt to get parsing info during refresh. "On-the-fly" syntax checking information may be incorrect. [E:\uni\SED\Trabajo-VHDL\RGB_PWM_Ctrol\RGB_PWM_Ctrol.srcs\sources_1\new\top.vhd:]
WARNING: [filemgmt 56-199] Attempt to get parsing info during refresh. "On-the-fly" syntax checking information may be incorrect. [E:\uni\SED\Trabajo-VHDL\RGB_PWM_Ctrol\RGB_PWM_Ctrol.srcs\sources_1\new\RGB_Controller.vhd:]
WARNING: [filemgmt 56-199] Attempt to get parsing info during refresh. "On-the-fly" syntax checking information may be incorrect. [E:\uni\SED\Trabajo-VHDL\RGB_PWM_Ctrol\RGB_PWM_Ctrol.srcs\sim_1\new\RGB_Controller_tb.vhd:]
WARNING: [filemgmt 56-199] Attempt to get parsing info during refresh. "On-the-fly" syntax checking information may be incorrect. [E:\uni\SED\Trabajo-VHDL\RGB_PWM_Ctrol\RGB_PWM_Ctrol.srcs\sources_1\new\top.vhd:]
WARNING: [filemgmt 56-199] Attempt to get parsing info during refresh. "On-the-fly" syntax checking information may be incorrect. [E:\uni\SED\Trabajo-VHDL\RGB_PWM_Ctrol\RGB_PWM_Ctrol.srcs\sources_1\new\top.vhd:]
WARNING: [filemgmt 56-199] Attempt to get parsing info during refresh. "On-the-fly" syntax checking information may be incorrect. [E:\uni\SED\Trabajo-VHDL\RGB_PWM_Ctrol\RGB_PWM_Ctrol.srcs\sources_1\new\FSM_Master.vhd:]
WARNING: [filemgmt 56-199] Attempt to get parsing info during refresh. "On-the-fly" syntax checking information may be incorrect. [E:\uni\SED\Trabajo-VHDL\RGB_PWM_Ctrol\RGB_PWM_Ctrol.srcs\sources_1\new\FSM_Slave.vhd:]
WARNING: [filemgmt 56-199] Attempt to get parsing info during refresh. "On-the-fly" syntax checking information may be incorrect. [E:\uni\SED\Trabajo-VHDL\RGB_PWM_Ctrol\RGB_PWM_Ctrol.srcs\sources_1\new\top.vhd:]
WARNING: [filemgmt 56-199] Attempt to get parsing info during refresh. "On-the-fly" syntax checking information may be incorrect. [E:\uni\SED\Trabajo-VHDL\RGB_PWM_Ctrol\RGB_PWM_Ctrol.srcs\sources_1\new\RGB_Controller.vhd:]
WARNING: [filemgmt 56-199] Attempt to get parsing info during refresh. "On-the-fly" syntax checking information may be incorrect. [E:\uni\SED\Trabajo-VHDL\RGB_PWM_Ctrol\RGB_PWM_Ctrol.srcs\sim_1\new\RGB_Controller_tb.vhd:]
WARNING: [filemgmt 56-199] Attempt to get parsing info during refresh. "On-the-fly" syntax checking information may be incorrect. [E:\uni\SED\Trabajo-VHDL\RGB_PWM_Ctrol\RGB_PWM_Ctrol.srcs\sim_1\new\RGB_Controller_tb.vhd:]
WARNING: [filemgmt 56-199] Attempt to get parsing info during refresh. "On-the-fly" syntax checking information may be incorrect. [E:\uni\SED\Trabajo-VHDL\RGB_PWM_Ctrol\RGB_PWM_Ctrol.srcs\sim_1\new\RGB_Controller_tb.vhd:]
WARNING: [filemgmt 56-199] Attempt to get parsing info during refresh. "On-the-fly" syntax checking information may be incorrect. [E:\uni\SED\Trabajo-VHDL\RGB_PWM_Ctrol\RGB_PWM_Ctrol.srcs\sources_1\new\FSM_Master.vhd:]
WARNING: [filemgmt 56-199] Attempt to get parsing info during refresh. "On-the-fly" syntax checking information may be incorrect. [E:\uni\SED\Trabajo-VHDL\RGB_PWM_Ctrol\RGB_PWM_Ctrol.srcs\sources_1\new\FSM_Slave.vhd:]
WARNING: [filemgmt 56-199] Attempt to get parsing info during refresh. "On-the-fly" syntax checking information may be incorrect. [E:\uni\SED\Trabajo-VHDL\RGB_PWM_Ctrol\RGB_PWM_Ctrol.srcs\sources_1\new\top.vhd:]
WARNING: [filemgmt 56-199] Attempt to get parsing info during refresh. "On-the-fly" syntax checking information may be incorrect. [E:\uni\SED\Trabajo-VHDL\RGB_PWM_Ctrol\RGB_PWM_Ctrol.srcs\sources_1\new\RGB_Controller.vhd:]
WARNING: [filemgmt 56-199] Attempt to get parsing info during refresh. "On-the-fly" syntax checking information may be incorrect. [E:\uni\SED\Trabajo-VHDL\RGB_PWM_Ctrol\RGB_PWM_Ctrol.srcs\sim_1\new\RGB_Controller_tb.vhd:]
WARNING: [filemgmt 56-199] Attempt to get parsing info during refresh. "On-the-fly" syntax checking information may be incorrect. [E:\uni\SED\Trabajo-VHDL\RGB_PWM_Ctrol\RGB_PWM_Ctrol.srcs\sources_1\new\FSM_Slave.vhd:]
WARNING: [filemgmt 56-199] Attempt to get parsing info during refresh. "On-the-fly" syntax checking information may be incorrect. [E:\uni\SED\Trabajo-VHDL\RGB_PWM_Ctrol\RGB_PWM_Ctrol.srcs\sources_1\new\FSM_Slave.vhd:]
ERROR: [Common 17-180] Spawn failed: La operación se completó correctamente.

WARNING: [filemgmt 56-199] Attempt to get parsing info during refresh. "On-the-fly" syntax checking information may be incorrect. [E:\uni\SED\Trabajo-VHDL\RGB_PWM_Ctrol\RGB_PWM_Ctrol.srcs\sources_1\new\FSM_Master.vhd:]
WARNING: [filemgmt 56-199] Attempt to get parsing info during refresh. "On-the-fly" syntax checking information may be incorrect. [E:\uni\SED\Trabajo-VHDL\RGB_PWM_Ctrol\RGB_PWM_Ctrol.srcs\sources_1\new\FSM_Slave.vhd:]
WARNING: [filemgmt 56-199] Attempt to get parsing info during refresh. "On-the-fly" syntax checking information may be incorrect. [E:\uni\SED\Trabajo-VHDL\RGB_PWM_Ctrol\RGB_PWM_Ctrol.srcs\sources_1\new\top.vhd:]
WARNING: [filemgmt 56-199] Attempt to get parsing info during refresh. "On-the-fly" syntax checking information may be incorrect. [E:\uni\SED\Trabajo-VHDL\RGB_PWM_Ctrol\RGB_PWM_Ctrol.srcs\sources_1\new\RGB_Controller.vhd:]
WARNING: [filemgmt 56-199] Attempt to get parsing info during refresh. "On-the-fly" syntax checking information may be incorrect. [E:\uni\SED\Trabajo-VHDL\RGB_PWM_Ctrol\RGB_PWM_Ctrol.srcs\sim_1\new\RGB_Controller_tb.vhd:]
WARNING: [filemgmt 56-199] Attempt to get parsing info during refresh. "On-the-fly" syntax checking information may be incorrect. [E:\uni\SED\Trabajo-VHDL\RGB_PWM_Ctrol\RGB_PWM_Ctrol.srcs\sources_1\new\FSM_Master.vhd:]
WARNING: [filemgmt 56-199] Attempt to get parsing info during refresh. "On-the-fly" syntax checking information may be incorrect. [E:\uni\SED\Trabajo-VHDL\RGB_PWM_Ctrol\RGB_PWM_Ctrol.srcs\sources_1\new\FSM_Master.vhd:]
WARNING: [filemgmt 56-199] Attempt to get parsing info during refresh. "On-the-fly" syntax checking information may be incorrect. [E:\uni\SED\Trabajo-VHDL\RGB_PWM_Ctrol\RGB_PWM_Ctrol.srcs\sources_1\new\FSM_Master.vhd:]
WARNING: [filemgmt 56-199] Attempt to get parsing info during refresh. "On-the-fly" syntax checking information may be incorrect. [E:\uni\SED\Trabajo-VHDL\RGB_PWM_Ctrol\RGB_PWM_Ctrol.srcs\sources_1\new\FSM_Slave.vhd:]
WARNING: [filemgmt 56-199] Attempt to get parsing info during refresh. "On-the-fly" syntax checking information may be incorrect. [E:\uni\SED\Trabajo-VHDL\RGB_PWM_Ctrol\RGB_PWM_Ctrol.srcs\sources_1\new\top.vhd:]
WARNING: [filemgmt 56-199] Attempt to get parsing info during refresh. "On-the-fly" syntax checking information may be incorrect. [E:\uni\SED\Trabajo-VHDL\RGB_PWM_Ctrol\RGB_PWM_Ctrol.srcs\sources_1\new\RGB_Controller.vhd:]
WARNING: [filemgmt 56-199] Attempt to get parsing info during refresh. "On-the-fly" syntax checking information may be incorrect. [E:\uni\SED\Trabajo-VHDL\RGB_PWM_Ctrol\RGB_PWM_Ctrol.srcs\sim_1\new\RGB_Controller_tb.vhd:]
WARNING: [filemgmt 56-199] Attempt to get parsing info during refresh. "On-the-fly" syntax checking information may be incorrect. [E:\uni\SED\Trabajo-VHDL\RGB_PWM_Ctrol\RGB_PWM_Ctrol.srcs\sources_1\new\RGB_Controller.vhd:]
WARNING: [filemgmt 56-199] Attempt to get parsing info during refresh. "On-the-fly" syntax checking information may be incorrect. [E:\uni\SED\Trabajo-VHDL\RGB_PWM_Ctrol\RGB_PWM_Ctrol.srcs\sources_1\new\RGB_Controller.vhd:]
WARNING: [filemgmt 56-199] Attempt to get parsing info during refresh. "On-the-fly" syntax checking information may be incorrect. [E:\uni\SED\Trabajo-VHDL\RGB_PWM_Ctrol\RGB_PWM_Ctrol.srcs\sources_1\new\FSM_Master.vhd:]
WARNING: [filemgmt 56-199] Attempt to get parsing info during refresh. "On-the-fly" syntax checking information may be incorrect. [E:\uni\SED\Trabajo-VHDL\RGB_PWM_Ctrol\RGB_PWM_Ctrol.srcs\sources_1\new\FSM_Slave.vhd:]
WARNING: [filemgmt 56-199] Attempt to get parsing info during refresh. "On-the-fly" syntax checking information may be incorrect. [E:\uni\SED\Trabajo-VHDL\RGB_PWM_Ctrol\RGB_PWM_Ctrol.srcs\sources_1\new\top.vhd:]
WARNING: [filemgmt 56-199] Attempt to get parsing info during refresh. "On-the-fly" syntax checking information may be incorrect. [E:\uni\SED\Trabajo-VHDL\RGB_PWM_Ctrol\RGB_PWM_Ctrol.srcs\sources_1\new\RGB_Controller.vhd:]
WARNING: [filemgmt 56-199] Attempt to get parsing info during refresh. "On-the-fly" syntax checking information may be incorrect. [E:\uni\SED\Trabajo-VHDL\RGB_PWM_Ctrol\RGB_PWM_Ctrol.srcs\sim_1\new\RGB_Controller_tb.vhd:]
WARNING: [filemgmt 56-199] Attempt to get parsing info during refresh. "On-the-fly" syntax checking information may be incorrect. [E:\uni\SED\Trabajo-VHDL\RGB_PWM_Ctrol\RGB_PWM_Ctrol.srcs\sources_1\new\FSM_Master.vhd:]
WARNING: [filemgmt 56-199] Attempt to get parsing info during refresh. "On-the-fly" syntax checking information may be incorrect. [E:\uni\SED\Trabajo-VHDL\RGB_PWM_Ctrol\RGB_PWM_Ctrol.srcs\sources_1\new\FSM_Master.vhd:]
WARNING: [filemgmt 56-199] Attempt to get parsing info during refresh. "On-the-fly" syntax checking information may be incorrect. [E:\uni\SED\Trabajo-VHDL\RGB_PWM_Ctrol\RGB_PWM_Ctrol.srcs\sources_1\new\FSM_Master.vhd:]
WARNING: [filemgmt 56-199] Attempt to get parsing info during refresh. "On-the-fly" syntax checking information may be incorrect. [E:\uni\SED\Trabajo-VHDL\RGB_PWM_Ctrol\RGB_PWM_Ctrol.srcs\sources_1\new\FSM_Slave.vhd:]
WARNING: [filemgmt 56-199] Attempt to get parsing info during refresh. "On-the-fly" syntax checking information may be incorrect. [E:\uni\SED\Trabajo-VHDL\RGB_PWM_Ctrol\RGB_PWM_Ctrol.srcs\sources_1\new\top.vhd:]
WARNING: [filemgmt 56-199] Attempt to get parsing info during refresh. "On-the-fly" syntax checking information may be incorrect. [E:\uni\SED\Trabajo-VHDL\RGB_PWM_Ctrol\RGB_PWM_Ctrol.srcs\sources_1\new\RGB_Controller.vhd:]
WARNING: [filemgmt 56-199] Attempt to get parsing info during refresh. "On-the-fly" syntax checking information may be incorrect. [E:\uni\SED\Trabajo-VHDL\RGB_PWM_Ctrol\RGB_PWM_Ctrol.srcs\sim_1\new\RGB_Controller_tb.vhd:]
WARNING: [filemgmt 56-199] Attempt to get parsing info during refresh. "On-the-fly" syntax checking information may be incorrect. [E:\uni\SED\Trabajo-VHDL\RGB_PWM_Ctrol\RGB_PWM_Ctrol.srcs\sources_1\new\RGB_Controller.vhd:]
WARNING: [filemgmt 56-199] Attempt to get parsing info during refresh. "On-the-fly" syntax checking information may be incorrect. [E:\uni\SED\Trabajo-VHDL\RGB_PWM_Ctrol\RGB_PWM_Ctrol.srcs\sources_1\new\RGB_Controller.vhd:]
ERROR: [Common 17-180] Spawn failed: La operación se completó correctamente.

WARNING: [filemgmt 56-199] Attempt to get parsing info during refresh. "On-the-fly" syntax checking information may be incorrect. [E:\uni\SED\Trabajo-VHDL\RGB_PWM_Ctrol\RGB_PWM_Ctrol.srcs\sources_1\new\FSM_Master.vhd:]
WARNING: [filemgmt 56-199] Attempt to get parsing info during refresh. "On-the-fly" syntax checking information may be incorrect. [E:\uni\SED\Trabajo-VHDL\RGB_PWM_Ctrol\RGB_PWM_Ctrol.srcs\sources_1\new\FSM_Slave.vhd:]
WARNING: [filemgmt 56-199] Attempt to get parsing info during refresh. "On-the-fly" syntax checking information may be incorrect. [E:\uni\SED\Trabajo-VHDL\RGB_PWM_Ctrol\RGB_PWM_Ctrol.srcs\sources_1\new\top.vhd:]
WARNING: [filemgmt 56-199] Attempt to get parsing info during refresh. "On-the-fly" syntax checking information may be incorrect. [E:\uni\SED\Trabajo-VHDL\RGB_PWM_Ctrol\RGB_PWM_Ctrol.srcs\sources_1\new\RGB_Controller.vhd:]
WARNING: [filemgmt 56-199] Attempt to get parsing info during refresh. "On-the-fly" syntax checking information may be incorrect. [E:\uni\SED\Trabajo-VHDL\RGB_PWM_Ctrol\RGB_PWM_Ctrol.srcs\sim_1\new\RGB_Controller_tb.vhd:]
WARNING: [filemgmt 56-199] Attempt to get parsing info during refresh. "On-the-fly" syntax checking information may be incorrect. [E:\uni\SED\Trabajo-VHDL\RGB_PWM_Ctrol\RGB_PWM_Ctrol.srcs\sources_1\new\top.vhd:]
WARNING: [filemgmt 56-199] Attempt to get parsing info during refresh. "On-the-fly" syntax checking information may be incorrect. [E:\uni\SED\Trabajo-VHDL\RGB_PWM_Ctrol\RGB_PWM_Ctrol.srcs\sources_1\new\top.vhd:]
WARNING: [filemgmt 56-199] Attempt to get parsing info during refresh. "On-the-fly" syntax checking information may be incorrect. [E:\uni\SED\Trabajo-VHDL\RGB_PWM_Ctrol\RGB_PWM_Ctrol.srcs\sources_1\new\FSM_Master.vhd:]
WARNING: [filemgmt 56-199] Attempt to get parsing info during refresh. "On-the-fly" syntax checking information may be incorrect. [E:\uni\SED\Trabajo-VHDL\RGB_PWM_Ctrol\RGB_PWM_Ctrol.srcs\sources_1\new\FSM_Slave.vhd:]
WARNING: [filemgmt 56-199] Attempt to get parsing info during refresh. "On-the-fly" syntax checking information may be incorrect. [E:\uni\SED\Trabajo-VHDL\RGB_PWM_Ctrol\RGB_PWM_Ctrol.srcs\sources_1\new\top.vhd:]
WARNING: [filemgmt 56-199] Attempt to get parsing info during refresh. "On-the-fly" syntax checking information may be incorrect. [E:\uni\SED\Trabajo-VHDL\RGB_PWM_Ctrol\RGB_PWM_Ctrol.srcs\sources_1\new\RGB_Controller.vhd:]
WARNING: [filemgmt 56-199] Attempt to get parsing info during refresh. "On-the-fly" syntax checking information may be incorrect. [E:\uni\SED\Trabajo-VHDL\RGB_PWM_Ctrol\RGB_PWM_Ctrol.srcs\sim_1\new\RGB_Controller_tb.vhd:]
WARNING: [filemgmt 56-199] Attempt to get parsing info during refresh. "On-the-fly" syntax checking information may be incorrect. [E:\uni\SED\Trabajo-VHDL\RGB_PWM_Ctrol\RGB_PWM_Ctrol.srcs\sources_1\new\FSM_Slave.vhd:]
WARNING: [filemgmt 56-199] Attempt to get parsing info during refresh. "On-the-fly" syntax checking information may be incorrect. [E:\uni\SED\Trabajo-VHDL\RGB_PWM_Ctrol\RGB_PWM_Ctrol.srcs\sources_1\new\FSM_Slave.vhd:]
ERROR: [Common 17-180] Spawn failed: La operación se completó correctamente.

WARNING: [filemgmt 56-199] Attempt to get parsing info during refresh. "On-the-fly" syntax checking information may be incorrect. [E:\uni\SED\Trabajo-VHDL\RGB_PWM_Ctrol\RGB_PWM_Ctrol.srcs\sources_1\new\FSM_Master.vhd:]
WARNING: [filemgmt 56-199] Attempt to get parsing info during refresh. "On-the-fly" syntax checking information may be incorrect. [E:\uni\SED\Trabajo-VHDL\RGB_PWM_Ctrol\RGB_PWM_Ctrol.srcs\sources_1\new\FSM_Slave.vhd:]
WARNING: [filemgmt 56-199] Attempt to get parsing info during refresh. "On-the-fly" syntax checking information may be incorrect. [E:\uni\SED\Trabajo-VHDL\RGB_PWM_Ctrol\RGB_PWM_Ctrol.srcs\sources_1\new\top.vhd:]
WARNING: [filemgmt 56-199] Attempt to get parsing info during refresh. "On-the-fly" syntax checking information may be incorrect. [E:\uni\SED\Trabajo-VHDL\RGB_PWM_Ctrol\RGB_PWM_Ctrol.srcs\sources_1\new\RGB_Controller.vhd:]
WARNING: [filemgmt 56-199] Attempt to get parsing info during refresh. "On-the-fly" syntax checking information may be incorrect. [E:\uni\SED\Trabajo-VHDL\RGB_PWM_Ctrol\RGB_PWM_Ctrol.srcs\sim_1\new\RGB_Controller_tb.vhd:]
WARNING: [filemgmt 56-199] Attempt to get parsing info during refresh. "On-the-fly" syntax checking information may be incorrect. [E:\uni\SED\Trabajo-VHDL\RGB_PWM_Ctrol\RGB_PWM_Ctrol.srcs\sources_1\new\top.vhd:]
WARNING: [filemgmt 56-199] Attempt to get parsing info during refresh. "On-the-fly" syntax checking information may be incorrect. [E:\uni\SED\Trabajo-VHDL\RGB_PWM_Ctrol\RGB_PWM_Ctrol.srcs\sources_1\new\top.vhd:]
WARNING: [filemgmt 56-199] Attempt to get parsing info during refresh. "On-the-fly" syntax checking information may be incorrect. [E:\uni\SED\Trabajo-VHDL\RGB_PWM_Ctrol\RGB_PWM_Ctrol.srcs\sources_1\new\FSM_Master.vhd:]
WARNING: [filemgmt 56-199] Attempt to get parsing info during refresh. "On-the-fly" syntax checking information may be incorrect. [E:\uni\SED\Trabajo-VHDL\RGB_PWM_Ctrol\RGB_PWM_Ctrol.srcs\sources_1\new\FSM_Slave.vhd:]
WARNING: [filemgmt 56-199] Attempt to get parsing info during refresh. "On-the-fly" syntax checking information may be incorrect. [E:\uni\SED\Trabajo-VHDL\RGB_PWM_Ctrol\RGB_PWM_Ctrol.srcs\sources_1\new\top.vhd:]
WARNING: [filemgmt 56-199] Attempt to get parsing info during refresh. "On-the-fly" syntax checking information may be incorrect. [E:\uni\SED\Trabajo-VHDL\RGB_PWM_Ctrol\RGB_PWM_Ctrol.srcs\sources_1\new\RGB_Controller.vhd:]
WARNING: [filemgmt 56-199] Attempt to get parsing info during refresh. "On-the-fly" syntax checking information may be incorrect. [E:\uni\SED\Trabajo-VHDL\RGB_PWM_Ctrol\RGB_PWM_Ctrol.srcs\sim_1\new\RGB_Controller_tb.vhd:]
WARNING: [filemgmt 56-199] Attempt to get parsing info during refresh. "On-the-fly" syntax checking information may be incorrect. [E:\uni\SED\Trabajo-VHDL\RGB_PWM_Ctrol\RGB_PWM_Ctrol.srcs\sources_1\new\RGB_Controller.vhd:]
WARNING: [filemgmt 56-199] Attempt to get parsing info during refresh. "On-the-fly" syntax checking information may be incorrect. [E:\uni\SED\Trabajo-VHDL\RGB_PWM_Ctrol\RGB_PWM_Ctrol.srcs\sources_1\new\RGB_Controller.vhd:]
WARNING: [filemgmt 56-199] Attempt to get parsing info during refresh. "On-the-fly" syntax checking information may be incorrect. [E:\uni\SED\Trabajo-VHDL\RGB_PWM_Ctrol\RGB_PWM_Ctrol.srcs\sources_1\new\FSM_Master.vhd:]
WARNING: [filemgmt 56-199] Attempt to get parsing info during refresh. "On-the-fly" syntax checking information may be incorrect. [E:\uni\SED\Trabajo-VHDL\RGB_PWM_Ctrol\RGB_PWM_Ctrol.srcs\sources_1\new\FSM_Slave.vhd:]
WARNING: [filemgmt 56-199] Attempt to get parsing info during refresh. "On-the-fly" syntax checking information may be incorrect. [E:\uni\SED\Trabajo-VHDL\RGB_PWM_Ctrol\RGB_PWM_Ctrol.srcs\sources_1\new\top.vhd:]
WARNING: [filemgmt 56-199] Attempt to get parsing info during refresh. "On-the-fly" syntax checking information may be incorrect. [E:\uni\SED\Trabajo-VHDL\RGB_PWM_Ctrol\RGB_PWM_Ctrol.srcs\sources_1\new\RGB_Controller.vhd:]
WARNING: [filemgmt 56-199] Attempt to get parsing info during refresh. "On-the-fly" syntax checking information may be incorrect. [E:\uni\SED\Trabajo-VHDL\RGB_PWM_Ctrol\RGB_PWM_Ctrol.srcs\sim_1\new\RGB_Controller_tb.vhd:]
WARNING: [filemgmt 56-199] Attempt to get parsing info during refresh. "On-the-fly" syntax checking information may be incorrect. [E:\uni\SED\Trabajo-VHDL\RGB_PWM_Ctrol\RGB_PWM_Ctrol.srcs\sim_1\new\RGB_Controller_tb.vhd:]
WARNING: [filemgmt 56-199] Attempt to get parsing info during refresh. "On-the-fly" syntax checking information may be incorrect. [E:\uni\SED\Trabajo-VHDL\RGB_PWM_Ctrol\RGB_PWM_Ctrol.srcs\sim_1\new\RGB_Controller_tb.vhd:]
ERROR: [Common 17-180] Spawn failed: La operación se completó correctamente.

WARNING: [filemgmt 56-199] Attempt to get parsing info during refresh. "On-the-fly" syntax checking information may be incorrect. [E:\uni\SED\Trabajo-VHDL\RGB_PWM_Ctrol\RGB_PWM_Ctrol.srcs\sources_1\new\FSM_Master.vhd:]
WARNING: [filemgmt 56-199] Attempt to get parsing info during refresh. "On-the-fly" syntax checking information may be incorrect. [E:\uni\SED\Trabajo-VHDL\RGB_PWM_Ctrol\RGB_PWM_Ctrol.srcs\sources_1\new\FSM_Slave.vhd:]
WARNING: [filemgmt 56-199] Attempt to get parsing info during refresh. "On-the-fly" syntax checking information may be incorrect. [E:\uni\SED\Trabajo-VHDL\RGB_PWM_Ctrol\RGB_PWM_Ctrol.srcs\sources_1\new\top.vhd:]
WARNING: [filemgmt 56-199] Attempt to get parsing info during refresh. "On-the-fly" syntax checking information may be incorrect. [E:\uni\SED\Trabajo-VHDL\RGB_PWM_Ctrol\RGB_PWM_Ctrol.srcs\sources_1\new\RGB_Controller.vhd:]
WARNING: [filemgmt 56-199] Attempt to get parsing info during refresh. "On-the-fly" syntax checking information may be incorrect. [E:\uni\SED\Trabajo-VHDL\RGB_PWM_Ctrol\RGB_PWM_Ctrol.srcs\sim_1\new\RGB_Controller_tb.vhd:]
WARNING: [filemgmt 56-199] Attempt to get parsing info during refresh. "On-the-fly" syntax checking information may be incorrect. [E:\uni\SED\Trabajo-VHDL\RGB_PWM_Ctrol\RGB_PWM_Ctrol.srcs\sources_1\new\FSM_Master.vhd:]
WARNING: [filemgmt 56-199] Attempt to get parsing info during refresh. "On-the-fly" syntax checking information may be incorrect. [E:\uni\SED\Trabajo-VHDL\RGB_PWM_Ctrol\RGB_PWM_Ctrol.srcs\sources_1\new\FSM_Master.vhd:]
close_sim
INFO: [Simtcl 6-16] Simulation closed
launch_simulation
Command: launch_simulation 
INFO: [Vivado 12-12493] Simulation top is 'RGB_Controller_tb'
INFO: [Vivado 12-5682] Launching behavioral simulation in 'E:/uni/SED/Trabajo-VHDL/RGB_PWM_Ctrol/RGB_PWM_Ctrol.sim/sim_1/behav/xsim'
INFO: [SIM-utils-51] Simulation object is 'sim_1'
INFO: [SIM-utils-72] Using boost library from 'C:/Xilinx/2025.1/Vivado/tps/boost_1_72_0'
INFO: [SIM-utils-54] Inspecting design source files for 'RGB_Controller_tb' in fileset 'sim_1'...
INFO: [USF-XSim-97] Finding global include files...
INFO: [USF-XSim-98] Fetching design files from 'sim_1'...
INFO: [USF-XSim-2] XSim::Compile design
INFO: [USF-XSim-61] Executing 'COMPILE and ANALYZE' step in 'E:/uni/SED/Trabajo-VHDL/RGB_PWM_Ctrol/RGB_PWM_Ctrol.sim/sim_1/behav/xsim'
"xvhdl --incr --relax -prj RGB_Controller_tb_vhdl.prj"
INFO: [VRFC 10-163] Analyzing VHDL file "E:/uni/SED/Trabajo-VHDL/RGB_PWM_Ctrol/RGB_PWM_Ctrol.srcs/sources_1/new/FSM_Master.vhd" into library xil_defaultlib
INFO: [VRFC 10-3107] analyzing entity 'FSM_Master'
INFO: [VRFC 10-163] Analyzing VHDL file "E:/uni/SED/Trabajo-VHDL/RGB_PWM_Ctrol/RGB_PWM_Ctrol.srcs/sources_1/new/FSM_Slave.vhd" into library xil_defaultlib
INFO: [VRFC 10-3107] analyzing entity 'FSM_Slave'
INFO: [USF-XSim-69] 'compile' step finished in '1' seconds
INFO: [USF-XSim-3] XSim::Elaborate design
INFO: [USF-XSim-61] Executing 'ELABORATE' step in 'E:/uni/SED/Trabajo-VHDL/RGB_PWM_Ctrol/RGB_PWM_Ctrol.sim/sim_1/behav/xsim'
"xelab --incr --debug typical --relax --mt 2 -L xil_defaultlib -L secureip --snapshot RGB_Controller_tb_behav xil_defaultlib.RGB_Controller_tb -log elaborate.log"
Vivado Simulator v2025.1.0
Copyright 1986-2022 Xilinx, Inc. All Rights Reserved.
Copyright 2022-2025 Advanced Micro Devices, Inc. All Rights Reserved.
Running: C:/Xilinx/2025.1/Vivado/bin/unwrapped/win64.o/xelab.exe --incr --debug typical --relax --mt 2 -L xil_defaultlib -L secureip --snapshot RGB_Controller_tb_behav xil_defaultlib.RGB_Controller_tb -log elaborate.log 
Using 2 slave threads.
Starting static elaboration
Completed static elaboration
Starting simulation data flow analysis
Completed simulation data flow analysis
Time Resolution for simulation is 1ps
Compiling package std.standard
Compiling package std.textio
Compiling package ieee.std_logic_1164
Compiling package ieee.numeric_std
Compiling architecture behavioral of entity xil_defaultlib.FSM_Master [fsm_master_default]
Compiling architecture behavioral of entity xil_defaultlib.FSM_Slave [fsm_slave_default]
Compiling architecture behavioral of entity xil_defaultlib.RGB_Controller [rgb_controller_default]
Compiling architecture behavioral of entity xil_defaultlib.rgb_controller_tb
Built simulation snapshot RGB_Controller_tb_behav
INFO: [USF-XSim-69] 'elaborate' step finished in '3' seconds
INFO: [USF-XSim-4] XSim::Simulate design
INFO: [USF-XSim-61] Executing 'SIMULATE' step in 'E:/uni/SED/Trabajo-VHDL/RGB_PWM_Ctrol/RGB_PWM_Ctrol.sim/sim_1/behav/xsim'
INFO: [USF-XSim-98] *** Running xsim
   with args "RGB_Controller_tb_behav -key {Behavioral:sim_1:Functional:RGB_Controller_tb} -tclbatch {RGB_Controller_tb.tcl} -log {simulate.log}"
INFO: [USF-XSim-8] Loading simulator feature
Time resolution is 1 ps
source RGB_Controller_tb.tcl
# set curr_wave [current_wave_config]
# if { [string length $curr_wave] == 0 } {
#   if { [llength [get_objects]] > 0} {
#     add_wave /
#     set_property needs_save false [current_wave_config]
#   } else {
#      send_msg_id Add_Wave-1 WARNING "No top level signals found. Simulator will start without a wave window. If you want to open a wave window go to 'File->New Waveform Configuration' or type 'create_wave_config' in the TCL console."
#   }
# }
# run 1000ns
INFO: [USF-XSim-96] XSim completed. Design snapshot 'RGB_Controller_tb_behav' loaded.
INFO: [USF-XSim-97] XSim simulation ran for 1000ns
launch_simulation: Time (s): cpu = 00:00:03 ; elapsed = 00:00:06 . Memory (MB): peak = 3397.520 ; gain = 6.316
close_sim
WARNING: [filemgmt 56-199] Attempt to get parsing info during refresh. "On-the-fly" syntax checking information may be incorrect. [E:\uni\SED\Trabajo-VHDL\RGB_PWM_Ctrol\RGB_PWM_Ctrol.srcs\sources_1\new\FSM_Master.vhd:]
WARNING: [filemgmt 56-199] Attempt to get parsing info during refresh. "On-the-fly" syntax checking information may be incorrect. [E:\uni\SED\Trabajo-VHDL\RGB_PWM_Ctrol\RGB_PWM_Ctrol.srcs\sources_1\new\FSM_Slave.vhd:]
WARNING: [filemgmt 56-199] Attempt to get parsing info during refresh. "On-the-fly" syntax checking information may be incorrect. [E:\uni\SED\Trabajo-VHDL\RGB_PWM_Ctrol\RGB_PWM_Ctrol.srcs\sources_1\new\top.vhd:]
WARNING: [filemgmt 56-199] Attempt to get parsing info during refresh. "On-the-fly" syntax checking information may be incorrect. [E:\uni\SED\Trabajo-VHDL\RGB_PWM_Ctrol\RGB_PWM_Ctrol.srcs\sources_1\new\RGB_Controller.vhd:]
WARNING: [filemgmt 56-199] Attempt to get parsing info during refresh. "On-the-fly" syntax checking information may be incorrect. [E:\uni\SED\Trabajo-VHDL\RGB_PWM_Ctrol\RGB_PWM_Ctrol.srcs\sim_1\new\RGB_Controller_tb.vhd:]
WARNING: [filemgmt 56-199] Attempt to get parsing info during refresh. "On-the-fly" syntax checking information may be incorrect. [E:\uni\SED\Trabajo-VHDL\RGB_PWM_Ctrol\RGB_PWM_Ctrol.srcs\sources_1\new\FSM_Master.vhd:]
WARNING: [filemgmt 56-199] Attempt to get parsing info during refresh. "On-the-fly" syntax checking information may be incorrect. [E:\uni\SED\Trabajo-VHDL\RGB_PWM_Ctrol\RGB_PWM_Ctrol.srcs\sources_1\new\FSM_Master.vhd:]
WARNING: [filemgmt 56-199] Attempt to get parsing info during refresh. "On-the-fly" syntax checking information may be incorrect. [E:\uni\SED\Trabajo-VHDL\RGB_PWM_Ctrol\RGB_PWM_Ctrol.srcs\sources_1\new\FSM_Master.vhd:]
WARNING: [filemgmt 56-199] Attempt to get parsing info during refresh. "On-the-fly" syntax checking information may be incorrect. [E:\uni\SED\Trabajo-VHDL\RGB_PWM_Ctrol\RGB_PWM_Ctrol.srcs\sources_1\new\FSM_Slave.vhd:]
WARNING: [filemgmt 56-199] Attempt to get parsing info during refresh. "On-the-fly" syntax checking information may be incorrect. [E:\uni\SED\Trabajo-VHDL\RGB_PWM_Ctrol\RGB_PWM_Ctrol.srcs\sources_1\new\top.vhd:]
WARNING: [filemgmt 56-199] Attempt to get parsing info during refresh. "On-the-fly" syntax checking information may be incorrect. [E:\uni\SED\Trabajo-VHDL\RGB_PWM_Ctrol\RGB_PWM_Ctrol.srcs\sources_1\new\RGB_Controller.vhd:]
WARNING: [filemgmt 56-199] Attempt to get parsing info during refresh. "On-the-fly" syntax checking information may be incorrect. [E:\uni\SED\Trabajo-VHDL\RGB_PWM_Ctrol\RGB_PWM_Ctrol.srcs\sim_1\new\RGB_Controller_tb.vhd:]
WARNING: [filemgmt 56-199] Attempt to get parsing info during refresh. "On-the-fly" syntax checking information may be incorrect. [E:\uni\SED\Trabajo-VHDL\RGB_PWM_Ctrol\RGB_PWM_Ctrol.srcs\sources_1\new\FSM_Slave.vhd:]
WARNING: [filemgmt 56-199] Attempt to get parsing info during refresh. "On-the-fly" syntax checking information may be incorrect. [E:\uni\SED\Trabajo-VHDL\RGB_PWM_Ctrol\RGB_PWM_Ctrol.srcs\sources_1\new\FSM_Slave.vhd:]
WARNING: [filemgmt 56-199] Attempt to get parsing info during refresh. "On-the-fly" syntax checking information may be incorrect. [E:\uni\SED\Trabajo-VHDL\RGB_PWM_Ctrol\RGB_PWM_Ctrol.srcs\sources_1\new\FSM_Master.vhd:]
WARNING: [filemgmt 56-199] Attempt to get parsing info during refresh. "On-the-fly" syntax checking information may be incorrect. [E:\uni\SED\Trabajo-VHDL\RGB_PWM_Ctrol\RGB_PWM_Ctrol.srcs\sources_1\new\FSM_Slave.vhd:]
WARNING: [filemgmt 56-199] Attempt to get parsing info during refresh. "On-the-fly" syntax checking information may be incorrect. [E:\uni\SED\Trabajo-VHDL\RGB_PWM_Ctrol\RGB_PWM_Ctrol.srcs\sources_1\new\top.vhd:]
WARNING: [filemgmt 56-199] Attempt to get parsing info during refresh. "On-the-fly" syntax checking information may be incorrect. [E:\uni\SED\Trabajo-VHDL\RGB_PWM_Ctrol\RGB_PWM_Ctrol.srcs\sources_1\new\RGB_Controller.vhd:]
WARNING: [filemgmt 56-199] Attempt to get parsing info during refresh. "On-the-fly" syntax checking information may be incorrect. [E:\uni\SED\Trabajo-VHDL\RGB_PWM_Ctrol\RGB_PWM_Ctrol.srcs\sim_1\new\RGB_Controller_tb.vhd:]
WARNING: [filemgmt 56-199] Attempt to get parsing info during refresh. "On-the-fly" syntax checking information may be incorrect. [E:\uni\SED\Trabajo-VHDL\RGB_PWM_Ctrol\RGB_PWM_Ctrol.srcs\sim_1\new\RGB_Controller_tb.vhd:]
WARNING: [filemgmt 56-199] Attempt to get parsing info during refresh. "On-the-fly" syntax checking information may be incorrect. [E:\uni\SED\Trabajo-VHDL\RGB_PWM_Ctrol\RGB_PWM_Ctrol.srcs\sim_1\new\RGB_Controller_tb.vhd:]
WARNING: [filemgmt 56-199] Attempt to get parsing info during refresh. "On-the-fly" syntax checking information may be incorrect. [E:\uni\SED\Trabajo-VHDL\RGB_PWM_Ctrol\RGB_PWM_Ctrol.srcs\sources_1\new\FSM_Master.vhd:]
WARNING: [filemgmt 56-199] Attempt to get parsing info during refresh. "On-the-fly" syntax checking information may be incorrect. [E:\uni\SED\Trabajo-VHDL\RGB_PWM_Ctrol\RGB_PWM_Ctrol.srcs\sources_1\new\FSM_Slave.vhd:]
WARNING: [filemgmt 56-199] Attempt to get parsing info during refresh. "On-the-fly" syntax checking information may be incorrect. [E:\uni\SED\Trabajo-VHDL\RGB_PWM_Ctrol\RGB_PWM_Ctrol.srcs\sources_1\new\top.vhd:]
WARNING: [filemgmt 56-199] Attempt to get parsing info during refresh. "On-the-fly" syntax checking information may be incorrect. [E:\uni\SED\Trabajo-VHDL\RGB_PWM_Ctrol\RGB_PWM_Ctrol.srcs\sources_1\new\RGB_Controller.vhd:]
WARNING: [filemgmt 56-199] Attempt to get parsing info during refresh. "On-the-fly" syntax checking information may be incorrect. [E:\uni\SED\Trabajo-VHDL\RGB_PWM_Ctrol\RGB_PWM_Ctrol.srcs\sim_1\new\RGB_Controller_tb.vhd:]
WARNING: [filemgmt 56-199] Attempt to get parsing info during refresh. "On-the-fly" syntax checking information may be incorrect. [E:\uni\SED\Trabajo-VHDL\RGB_PWM_Ctrol\RGB_PWM_Ctrol.srcs\sources_1\new\top.vhd:]
WARNING: [filemgmt 56-199] Attempt to get parsing info during refresh. "On-the-fly" syntax checking information may be incorrect. [E:\uni\SED\Trabajo-VHDL\RGB_PWM_Ctrol\RGB_PWM_Ctrol.srcs\sources_1\new\top.vhd:]
INFO: [Simtcl 6-16] Simulation closed
launch_simulation
Command: launch_simulation 
INFO: [Vivado 12-12493] Simulation top is 'RGB_Controller_tb'
INFO: [Vivado 12-5682] Launching behavioral simulation in 'E:/uni/SED/Trabajo-VHDL/RGB_PWM_Ctrol/RGB_PWM_Ctrol.sim/sim_1/behav/xsim'
INFO: [SIM-utils-51] Simulation object is 'sim_1'
INFO: [SIM-utils-72] Using boost library from 'C:/Xilinx/2025.1/Vivado/tps/boost_1_72_0'
INFO: [SIM-utils-54] Inspecting design source files for 'RGB_Controller_tb' in fileset 'sim_1'...
INFO: [USF-XSim-97] Finding global include files...
INFO: [USF-XSim-98] Fetching design files from 'sim_1'...
INFO: [USF-XSim-2] XSim::Compile design
INFO: [USF-XSim-61] Executing 'COMPILE and ANALYZE' step in 'E:/uni/SED/Trabajo-VHDL/RGB_PWM_Ctrol/RGB_PWM_Ctrol.sim/sim_1/behav/xsim'
"xvhdl --incr --relax -prj RGB_Controller_tb_vhdl.prj"
INFO: [VRFC 10-163] Analyzing VHDL file "E:/uni/SED/Trabajo-VHDL/RGB_PWM_Ctrol/RGB_PWM_Ctrol.srcs/sim_1/new/RGB_Controller_tb.vhd" into library xil_defaultlib
INFO: [VRFC 10-3107] analyzing entity 'RGB_Controller_tb'
INFO: [USF-XSim-69] 'compile' step finished in '1' seconds
INFO: [USF-XSim-3] XSim::Elaborate design
INFO: [USF-XSim-61] Executing 'ELABORATE' step in 'E:/uni/SED/Trabajo-VHDL/RGB_PWM_Ctrol/RGB_PWM_Ctrol.sim/sim_1/behav/xsim'
"xelab --incr --debug typical --relax --mt 2 -L xil_defaultlib -L secureip --snapshot RGB_Controller_tb_behav xil_defaultlib.RGB_Controller_tb -log elaborate.log"
Vivado Simulator v2025.1.0
Copyright 1986-2022 Xilinx, Inc. All Rights Reserved.
Copyright 2022-2025 Advanced Micro Devices, Inc. All Rights Reserved.
Running: C:/Xilinx/2025.1/Vivado/bin/unwrapped/win64.o/xelab.exe --incr --debug typical --relax --mt 2 -L xil_defaultlib -L secureip --snapshot RGB_Controller_tb_behav xil_defaultlib.RGB_Controller_tb -log elaborate.log 
Using 2 slave threads.
Starting static elaboration
Completed static elaboration
Starting simulation data flow analysis
Completed simulation data flow analysis
Time Resolution for simulation is 1ps
Compiling package std.standard
Compiling package std.textio
Compiling package ieee.std_logic_1164
Compiling package ieee.numeric_std
Compiling architecture behavioral of entity xil_defaultlib.FSM_Master [fsm_master_default]
Compiling architecture behavioral of entity xil_defaultlib.FSM_Slave [fsm_slave_default]
Compiling architecture behavioral of entity xil_defaultlib.RGB_Controller [rgb_controller_default]
Compiling architecture behavioral of entity xil_defaultlib.rgb_controller_tb
Built simulation snapshot RGB_Controller_tb_behav
INFO: [USF-XSim-69] 'elaborate' step finished in '1' seconds
INFO: [USF-XSim-4] XSim::Simulate design
INFO: [USF-XSim-61] Executing 'SIMULATE' step in 'E:/uni/SED/Trabajo-VHDL/RGB_PWM_Ctrol/RGB_PWM_Ctrol.sim/sim_1/behav/xsim'
INFO: [USF-XSim-98] *** Running xsim
   with args "RGB_Controller_tb_behav -key {Behavioral:sim_1:Functional:RGB_Controller_tb} -tclbatch {RGB_Controller_tb.tcl} -log {simulate.log}"
INFO: [USF-XSim-8] Loading simulator feature
Time resolution is 1 ps
source RGB_Controller_tb.tcl
# set curr_wave [current_wave_config]
# if { [string length $curr_wave] == 0 } {
#   if { [llength [get_objects]] > 0} {
#     add_wave /
#     set_property needs_save false [current_wave_config]
#   } else {
#      send_msg_id Add_Wave-1 WARNING "No top level signals found. Simulator will start without a wave window. If you want to open a wave window go to 'File->New Waveform Configuration' or type 'create_wave_config' in the TCL console."
#   }
# }
# run 1000ns
INFO: [USF-XSim-96] XSim completed. Design snapshot 'RGB_Controller_tb_behav' loaded.
INFO: [USF-XSim-97] XSim simulation ran for 1000ns
close_sim
INFO: [Simtcl 6-16] Simulation closed
launch_simulation
Command: launch_simulation 
INFO: [Vivado 12-12493] Simulation top is 'RGB_Controller_tb'
INFO: [Vivado 12-5682] Launching behavioral simulation in 'E:/uni/SED/Trabajo-VHDL/RGB_PWM_Ctrol/RGB_PWM_Ctrol.sim/sim_1/behav/xsim'
INFO: [SIM-utils-51] Simulation object is 'sim_1'
INFO: [SIM-utils-72] Using boost library from 'C:/Xilinx/2025.1/Vivado/tps/boost_1_72_0'
INFO: [SIM-utils-54] Inspecting design source files for 'RGB_Controller_tb' in fileset 'sim_1'...
INFO: [USF-XSim-97] Finding global include files...
INFO: [USF-XSim-98] Fetching design files from 'sim_1'...
INFO: [USF-XSim-2] XSim::Compile design
INFO: [USF-XSim-61] Executing 'COMPILE and ANALYZE' step in 'E:/uni/SED/Trabajo-VHDL/RGB_PWM_Ctrol/RGB_PWM_Ctrol.sim/sim_1/behav/xsim'
"xvhdl --incr --relax -prj RGB_Controller_tb_vhdl.prj"
INFO: [USF-XSim-69] 'compile' step finished in '1' seconds
INFO: [USF-XSim-3] XSim::Elaborate design
INFO: [USF-XSim-61] Executing 'ELABORATE' step in 'E:/uni/SED/Trabajo-VHDL/RGB_PWM_Ctrol/RGB_PWM_Ctrol.sim/sim_1/behav/xsim'
"xelab --incr --debug typical --relax --mt 2 -L xil_defaultlib -L secureip --snapshot RGB_Controller_tb_behav xil_defaultlib.RGB_Controller_tb -log elaborate.log"
Vivado Simulator v2025.1.0
Copyright 1986-2022 Xilinx, Inc. All Rights Reserved.
Copyright 2022-2025 Advanced Micro Devices, Inc. All Rights Reserved.
Running: C:/Xilinx/2025.1/Vivado/bin/unwrapped/win64.o/xelab.exe --incr --debug typical --relax --mt 2 -L xil_defaultlib -L secureip --snapshot RGB_Controller_tb_behav xil_defaultlib.RGB_Controller_tb -log elaborate.log 
Using 2 slave threads.
Starting static elaboration
Completed static elaboration
INFO: [XSIM 43-4323] No Change in HDL. Linking previously generated obj files to create kernel
INFO: [USF-XSim-69] 'elaborate' step finished in '1' seconds
INFO: [USF-XSim-4] XSim::Simulate design
INFO: [USF-XSim-61] Executing 'SIMULATE' step in 'E:/uni/SED/Trabajo-VHDL/RGB_PWM_Ctrol/RGB_PWM_Ctrol.sim/sim_1/behav/xsim'
INFO: [USF-XSim-98] *** Running xsim
   with args "RGB_Controller_tb_behav -key {Behavioral:sim_1:Functional:RGB_Controller_tb} -tclbatch {RGB_Controller_tb.tcl} -log {simulate.log}"
INFO: [USF-XSim-8] Loading simulator feature
Time resolution is 1 ps
source RGB_Controller_tb.tcl
# set curr_wave [current_wave_config]
# if { [string length $curr_wave] == 0 } {
#   if { [llength [get_objects]] > 0} {
#     add_wave /
#     set_property needs_save false [current_wave_config]
#   } else {
#      send_msg_id Add_Wave-1 WARNING "No top level signals found. Simulator will start without a wave window. If you want to open a wave window go to 'File->New Waveform Configuration' or type 'create_wave_config' in the TCL console."
#   }
# }
# run 1000ns
INFO: [USF-XSim-96] XSim completed. Design snapshot 'RGB_Controller_tb_behav' loaded.
INFO: [USF-XSim-97] XSim simulation ran for 1000ns
run 500 ns
run 500 ns
run 500 ns
save_wave_config {E:/uni/SED/Trabajo-VHDL/RGB_PWM_Ctrol/RGB_Controller_tb_behav.wcfg}
add_files -fileset sim_1 -norecurse E:/uni/SED/Trabajo-VHDL/RGB_PWM_Ctrol/RGB_Controller_tb_behav.wcfg
set_property xsim.view E:/uni/SED/Trabajo-VHDL/RGB_PWM_Ctrol/RGB_Controller_tb_behav.wcfg [get_filesets sim_1]
WARNING: [filemgmt 56-199] Attempt to get parsing info during refresh. "On-the-fly" syntax checking information may be incorrect. [E:\uni\SED\Trabajo-VHDL\RGB_PWM_Ctrol\RGB_PWM_Ctrol.srcs\sources_1\new\FSM_Master.vhd:]
WARNING: [filemgmt 56-199] Attempt to get parsing info during refresh. "On-the-fly" syntax checking information may be incorrect. [E:\uni\SED\Trabajo-VHDL\RGB_PWM_Ctrol\RGB_PWM_Ctrol.srcs\sources_1\new\FSM_Slave.vhd:]
WARNING: [filemgmt 56-199] Attempt to get parsing info during refresh. "On-the-fly" syntax checking information may be incorrect. [E:\uni\SED\Trabajo-VHDL\RGB_PWM_Ctrol\RGB_PWM_Ctrol.srcs\sources_1\new\top.vhd:]
WARNING: [filemgmt 56-199] Attempt to get parsing info during refresh. "On-the-fly" syntax checking information may be incorrect. [E:\uni\SED\Trabajo-VHDL\RGB_PWM_Ctrol\RGB_PWM_Ctrol.srcs\sources_1\new\RGB_Controller.vhd:]
WARNING: [filemgmt 56-199] Attempt to get parsing info during refresh. "On-the-fly" syntax checking information may be incorrect. [E:\uni\SED\Trabajo-VHDL\RGB_PWM_Ctrol\RGB_PWM_Ctrol.srcs\sim_1\new\RGB_Controller_tb.vhd:]
WARNING: [filemgmt 56-199] Attempt to get parsing info during refresh. "On-the-fly" syntax checking information may be incorrect. [E:\uni\SED\Trabajo-VHDL\RGB_PWM_Ctrol\RGB_PWM_Ctrol.srcs\sources_1\new\top.vhd:]
WARNING: [filemgmt 56-199] Attempt to get parsing info during refresh. "On-the-fly" syntax checking information may be incorrect. [E:\uni\SED\Trabajo-VHDL\RGB_PWM_Ctrol\RGB_PWM_Ctrol.srcs\sources_1\new\top.vhd:]
WARNING: [filemgmt 56-199] Attempt to get parsing info during refresh. "On-the-fly" syntax checking information may be incorrect. [E:\uni\SED\Trabajo-VHDL\RGB_PWM_Ctrol\RGB_PWM_Ctrol.srcs\sources_1\new\FSM_Master.vhd:]
WARNING: [filemgmt 56-199] Attempt to get parsing info during refresh. "On-the-fly" syntax checking information may be incorrect. [E:\uni\SED\Trabajo-VHDL\RGB_PWM_Ctrol\RGB_PWM_Ctrol.srcs\sources_1\new\FSM_Slave.vhd:]
WARNING: [filemgmt 56-199] Attempt to get parsing info during refresh. "On-the-fly" syntax checking information may be incorrect. [E:\uni\SED\Trabajo-VHDL\RGB_PWM_Ctrol\RGB_PWM_Ctrol.srcs\sources_1\new\top.vhd:]
WARNING: [filemgmt 56-199] Attempt to get parsing info during refresh. "On-the-fly" syntax checking information may be incorrect. [E:\uni\SED\Trabajo-VHDL\RGB_PWM_Ctrol\RGB_PWM_Ctrol.srcs\sources_1\new\RGB_Controller.vhd:]
WARNING: [filemgmt 56-199] Attempt to get parsing info during refresh. "On-the-fly" syntax checking information may be incorrect. [E:\uni\SED\Trabajo-VHDL\RGB_PWM_Ctrol\RGB_PWM_Ctrol.srcs\sim_1\new\RGB_Controller_tb.vhd:]
WARNING: [filemgmt 56-199] Attempt to get parsing info during refresh. "On-the-fly" syntax checking information may be incorrect. [E:\uni\SED\Trabajo-VHDL\RGB_PWM_Ctrol\RGB_PWM_Ctrol.srcs\sim_1\new\RGB_Controller_tb.vhd:]
WARNING: [filemgmt 56-199] Attempt to get parsing info during refresh. "On-the-fly" syntax checking information may be incorrect. [E:\uni\SED\Trabajo-VHDL\RGB_PWM_Ctrol\RGB_PWM_Ctrol.srcs\sim_1\new\RGB_Controller_tb.vhd:]
WARNING: [filemgmt 56-199] Attempt to get parsing info during refresh. "On-the-fly" syntax checking information may be incorrect. [E:\uni\SED\Trabajo-VHDL\RGB_PWM_Ctrol\RGB_PWM_Ctrol.srcs\sources_1\new\FSM_Master.vhd:]
WARNING: [filemgmt 56-199] Attempt to get parsing info during refresh. "On-the-fly" syntax checking information may be incorrect. [E:\uni\SED\Trabajo-VHDL\RGB_PWM_Ctrol\RGB_PWM_Ctrol.srcs\sources_1\new\FSM_Slave.vhd:]
WARNING: [filemgmt 56-199] Attempt to get parsing info during refresh. "On-the-fly" syntax checking information may be incorrect. [E:\uni\SED\Trabajo-VHDL\RGB_PWM_Ctrol\RGB_PWM_Ctrol.srcs\sources_1\new\top.vhd:]
WARNING: [filemgmt 56-199] Attempt to get parsing info during refresh. "On-the-fly" syntax checking information may be incorrect. [E:\uni\SED\Trabajo-VHDL\RGB_PWM_Ctrol\RGB_PWM_Ctrol.srcs\sources_1\new\RGB_Controller.vhd:]
WARNING: [filemgmt 56-199] Attempt to get parsing info during refresh. "On-the-fly" syntax checking information may be incorrect. [E:\uni\SED\Trabajo-VHDL\RGB_PWM_Ctrol\RGB_PWM_Ctrol.srcs\sim_1\new\RGB_Controller_tb.vhd:]
WARNING: [filemgmt 56-199] Attempt to get parsing info during refresh. "On-the-fly" syntax checking information may be incorrect. [E:\uni\SED\Trabajo-VHDL\RGB_PWM_Ctrol\RGB_PWM_Ctrol.srcs\sources_1\new\FSM_Slave.vhd:]
WARNING: [filemgmt 56-199] Attempt to get parsing info during refresh. "On-the-fly" syntax checking information may be incorrect. [E:\uni\SED\Trabajo-VHDL\RGB_PWM_Ctrol\RGB_PWM_Ctrol.srcs\sources_1\new\FSM_Slave.vhd:]
ERROR: [Common 17-180] Spawn failed: La operación se completó correctamente.

WARNING: [filemgmt 56-199] Attempt to get parsing info during refresh. "On-the-fly" syntax checking information may be incorrect. [E:\uni\SED\Trabajo-VHDL\RGB_PWM_Ctrol\RGB_PWM_Ctrol.srcs\sources_1\new\FSM_Master.vhd:]
WARNING: [filemgmt 56-199] Attempt to get parsing info during refresh. "On-the-fly" syntax checking information may be incorrect. [E:\uni\SED\Trabajo-VHDL\RGB_PWM_Ctrol\RGB_PWM_Ctrol.srcs\sources_1\new\FSM_Slave.vhd:]
WARNING: [filemgmt 56-199] Attempt to get parsing info during refresh. "On-the-fly" syntax checking information may be incorrect. [E:\uni\SED\Trabajo-VHDL\RGB_PWM_Ctrol\RGB_PWM_Ctrol.srcs\sources_1\new\top.vhd:]
WARNING: [filemgmt 56-199] Attempt to get parsing info during refresh. "On-the-fly" syntax checking information may be incorrect. [E:\uni\SED\Trabajo-VHDL\RGB_PWM_Ctrol\RGB_PWM_Ctrol.srcs\sources_1\new\RGB_Controller.vhd:]
WARNING: [filemgmt 56-199] Attempt to get parsing info during refresh. "On-the-fly" syntax checking information may be incorrect. [E:\uni\SED\Trabajo-VHDL\RGB_PWM_Ctrol\RGB_PWM_Ctrol.srcs\sim_1\new\RGB_Controller_tb.vhd:]
WARNING: [filemgmt 56-199] Attempt to get parsing info during refresh. "On-the-fly" syntax checking information may be incorrect. [E:\uni\SED\Trabajo-VHDL\RGB_PWM_Ctrol\RGB_PWM_Ctrol.srcs\sources_1\new\FSM_Master.vhd:]
WARNING: [filemgmt 56-199] Attempt to get parsing info during refresh. "On-the-fly" syntax checking information may be incorrect. [E:\uni\SED\Trabajo-VHDL\RGB_PWM_Ctrol\RGB_PWM_Ctrol.srcs\sources_1\new\FSM_Master.vhd:]
WARNING: [filemgmt 56-199] Attempt to get parsing info during refresh. "On-the-fly" syntax checking information may be incorrect. [E:\uni\SED\Trabajo-VHDL\RGB_PWM_Ctrol\RGB_PWM_Ctrol.srcs\sources_1\new\FSM_Master.vhd:]
WARNING: [filemgmt 56-199] Attempt to get parsing info during refresh. "On-the-fly" syntax checking information may be incorrect. [E:\uni\SED\Trabajo-VHDL\RGB_PWM_Ctrol\RGB_PWM_Ctrol.srcs\sources_1\new\FSM_Slave.vhd:]
WARNING: [filemgmt 56-199] Attempt to get parsing info during refresh. "On-the-fly" syntax checking information may be incorrect. [E:\uni\SED\Trabajo-VHDL\RGB_PWM_Ctrol\RGB_PWM_Ctrol.srcs\sources_1\new\top.vhd:]
WARNING: [filemgmt 56-199] Attempt to get parsing info during refresh. "On-the-fly" syntax checking information may be incorrect. [E:\uni\SED\Trabajo-VHDL\RGB_PWM_Ctrol\RGB_PWM_Ctrol.srcs\sources_1\new\RGB_Controller.vhd:]
WARNING: [filemgmt 56-199] Attempt to get parsing info during refresh. "On-the-fly" syntax checking information may be incorrect. [E:\uni\SED\Trabajo-VHDL\RGB_PWM_Ctrol\RGB_PWM_Ctrol.srcs\sim_1\new\RGB_Controller_tb.vhd:]
WARNING: [filemgmt 56-199] Attempt to get parsing info during refresh. "On-the-fly" syntax checking information may be incorrect. [E:\uni\SED\Trabajo-VHDL\RGB_PWM_Ctrol\RGB_PWM_Ctrol.srcs\sources_1\new\top.vhd:]
WARNING: [filemgmt 56-199] Attempt to get parsing info during refresh. "On-the-fly" syntax checking information may be incorrect. [E:\uni\SED\Trabajo-VHDL\RGB_PWM_Ctrol\RGB_PWM_Ctrol.srcs\sources_1\new\top.vhd:]
WARNING: [filemgmt 56-199] Attempt to get parsing info during refresh. "On-the-fly" syntax checking information may be incorrect. [E:\uni\SED\Trabajo-VHDL\RGB_PWM_Ctrol\RGB_PWM_Ctrol.srcs\sources_1\new\FSM_Master.vhd:]
WARNING: [filemgmt 56-199] Attempt to get parsing info during refresh. "On-the-fly" syntax checking information may be incorrect. [E:\uni\SED\Trabajo-VHDL\RGB_PWM_Ctrol\RGB_PWM_Ctrol.srcs\sources_1\new\FSM_Slave.vhd:]
WARNING: [filemgmt 56-199] Attempt to get parsing info during refresh. "On-the-fly" syntax checking information may be incorrect. [E:\uni\SED\Trabajo-VHDL\RGB_PWM_Ctrol\RGB_PWM_Ctrol.srcs\sources_1\new\top.vhd:]
WARNING: [filemgmt 56-199] Attempt to get parsing info during refresh. "On-the-fly" syntax checking information may be incorrect. [E:\uni\SED\Trabajo-VHDL\RGB_PWM_Ctrol\RGB_PWM_Ctrol.srcs\sources_1\new\RGB_Controller.vhd:]
WARNING: [filemgmt 56-199] Attempt to get parsing info during refresh. "On-the-fly" syntax checking information may be incorrect. [E:\uni\SED\Trabajo-VHDL\RGB_PWM_Ctrol\RGB_PWM_Ctrol.srcs\sim_1\new\RGB_Controller_tb.vhd:]
WARNING: [filemgmt 56-199] Attempt to get parsing info during refresh. "On-the-fly" syntax checking information may be incorrect. [E:\uni\SED\Trabajo-VHDL\RGB_PWM_Ctrol\RGB_PWM_Ctrol.srcs\sources_1\new\RGB_Controller.vhd:]
WARNING: [filemgmt 56-199] Attempt to get parsing info during refresh. "On-the-fly" syntax checking information may be incorrect. [E:\uni\SED\Trabajo-VHDL\RGB_PWM_Ctrol\RGB_PWM_Ctrol.srcs\sources_1\new\RGB_Controller.vhd:]
WARNING: [filemgmt 56-199] Attempt to get parsing info during refresh. "On-the-fly" syntax checking information may be incorrect. [E:\uni\SED\Trabajo-VHDL\RGB_PWM_Ctrol\RGB_PWM_Ctrol.srcs\sources_1\new\FSM_Master.vhd:]
WARNING: [filemgmt 56-199] Attempt to get parsing info during refresh. "On-the-fly" syntax checking information may be incorrect. [E:\uni\SED\Trabajo-VHDL\RGB_PWM_Ctrol\RGB_PWM_Ctrol.srcs\sources_1\new\FSM_Slave.vhd:]
WARNING: [filemgmt 56-199] Attempt to get parsing info during refresh. "On-the-fly" syntax checking information may be incorrect. [E:\uni\SED\Trabajo-VHDL\RGB_PWM_Ctrol\RGB_PWM_Ctrol.srcs\sources_1\new\top.vhd:]
WARNING: [filemgmt 56-199] Attempt to get parsing info during refresh. "On-the-fly" syntax checking information may be incorrect. [E:\uni\SED\Trabajo-VHDL\RGB_PWM_Ctrol\RGB_PWM_Ctrol.srcs\sources_1\new\RGB_Controller.vhd:]
WARNING: [filemgmt 56-199] Attempt to get parsing info during refresh. "On-the-fly" syntax checking information may be incorrect. [E:\uni\SED\Trabajo-VHDL\RGB_PWM_Ctrol\RGB_PWM_Ctrol.srcs\sim_1\new\RGB_Controller_tb.vhd:]
WARNING: [filemgmt 56-199] Attempt to get parsing info during refresh. "On-the-fly" syntax checking information may be incorrect. [E:\uni\SED\Trabajo-VHDL\RGB_PWM_Ctrol\RGB_PWM_Ctrol.srcs\sources_1\new\FSM_Master.vhd:]
WARNING: [filemgmt 56-199] Attempt to get parsing info during refresh. "On-the-fly" syntax checking information may be incorrect. [E:\uni\SED\Trabajo-VHDL\RGB_PWM_Ctrol\RGB_PWM_Ctrol.srcs\sources_1\new\FSM_Master.vhd:]
WARNING: [filemgmt 56-199] Attempt to get parsing info during refresh. "On-the-fly" syntax checking information may be incorrect. [E:\uni\SED\Trabajo-VHDL\RGB_PWM_Ctrol\RGB_PWM_Ctrol.srcs\sources_1\new\FSM_Master.vhd:]
WARNING: [filemgmt 56-199] Attempt to get parsing info during refresh. "On-the-fly" syntax checking information may be incorrect. [E:\uni\SED\Trabajo-VHDL\RGB_PWM_Ctrol\RGB_PWM_Ctrol.srcs\sources_1\new\FSM_Slave.vhd:]
WARNING: [filemgmt 56-199] Attempt to get parsing info during refresh. "On-the-fly" syntax checking information may be incorrect. [E:\uni\SED\Trabajo-VHDL\RGB_PWM_Ctrol\RGB_PWM_Ctrol.srcs\sources_1\new\top.vhd:]
WARNING: [filemgmt 56-199] Attempt to get parsing info during refresh. "On-the-fly" syntax checking information may be incorrect. [E:\uni\SED\Trabajo-VHDL\RGB_PWM_Ctrol\RGB_PWM_Ctrol.srcs\sources_1\new\RGB_Controller.vhd:]
WARNING: [filemgmt 56-199] Attempt to get parsing info during refresh. "On-the-fly" syntax checking information may be incorrect. [E:\uni\SED\Trabajo-VHDL\RGB_PWM_Ctrol\RGB_PWM_Ctrol.srcs\sim_1\new\RGB_Controller_tb.vhd:]
WARNING: [filemgmt 56-199] Attempt to get parsing info during refresh. "On-the-fly" syntax checking information may be incorrect. [E:\uni\SED\Trabajo-VHDL\RGB_PWM_Ctrol\RGB_PWM_Ctrol.srcs\sources_1\new\FSM_Slave.vhd:]
WARNING: [filemgmt 56-199] Attempt to get parsing info during refresh. "On-the-fly" syntax checking information may be incorrect. [E:\uni\SED\Trabajo-VHDL\RGB_PWM_Ctrol\RGB_PWM_Ctrol.srcs\sources_1\new\FSM_Slave.vhd:]
WARNING: [filemgmt 56-199] Attempt to get parsing info during refresh. "On-the-fly" syntax checking information may be incorrect. [E:\uni\SED\Trabajo-VHDL\RGB_PWM_Ctrol\RGB_PWM_Ctrol.srcs\sources_1\new\FSM_Master.vhd:]
WARNING: [filemgmt 56-199] Attempt to get parsing info during refresh. "On-the-fly" syntax checking information may be incorrect. [E:\uni\SED\Trabajo-VHDL\RGB_PWM_Ctrol\RGB_PWM_Ctrol.srcs\sources_1\new\FSM_Slave.vhd:]
WARNING: [filemgmt 56-199] Attempt to get parsing info during refresh. "On-the-fly" syntax checking information may be incorrect. [E:\uni\SED\Trabajo-VHDL\RGB_PWM_Ctrol\RGB_PWM_Ctrol.srcs\sources_1\new\top.vhd:]
WARNING: [filemgmt 56-199] Attempt to get parsing info during refresh. "On-the-fly" syntax checking information may be incorrect. [E:\uni\SED\Trabajo-VHDL\RGB_PWM_Ctrol\RGB_PWM_Ctrol.srcs\sources_1\new\RGB_Controller.vhd:]
WARNING: [filemgmt 56-199] Attempt to get parsing info during refresh. "On-the-fly" syntax checking information may be incorrect. [E:\uni\SED\Trabajo-VHDL\RGB_PWM_Ctrol\RGB_PWM_Ctrol.srcs\sim_1\new\RGB_Controller_tb.vhd:]
WARNING: [filemgmt 56-199] Attempt to get parsing info during refresh. "On-the-fly" syntax checking information may be incorrect. [E:\uni\SED\Trabajo-VHDL\RGB_PWM_Ctrol\RGB_PWM_Ctrol.srcs\sources_1\new\top.vhd:]
WARNING: [filemgmt 56-199] Attempt to get parsing info during refresh. "On-the-fly" syntax checking information may be incorrect. [E:\uni\SED\Trabajo-VHDL\RGB_PWM_Ctrol\RGB_PWM_Ctrol.srcs\sources_1\new\top.vhd:]
WARNING: [filemgmt 56-199] Attempt to get parsing info during refresh. "On-the-fly" syntax checking information may be incorrect. [E:\uni\SED\Trabajo-VHDL\RGB_PWM_Ctrol\RGB_PWM_Ctrol.srcs\sources_1\new\FSM_Master.vhd:]
WARNING: [filemgmt 56-199] Attempt to get parsing info during refresh. "On-the-fly" syntax checking information may be incorrect. [E:\uni\SED\Trabajo-VHDL\RGB_PWM_Ctrol\RGB_PWM_Ctrol.srcs\sources_1\new\FSM_Slave.vhd:]
WARNING: [filemgmt 56-199] Attempt to get parsing info during refresh. "On-the-fly" syntax checking information may be incorrect. [E:\uni\SED\Trabajo-VHDL\RGB_PWM_Ctrol\RGB_PWM_Ctrol.srcs\sources_1\new\top.vhd:]
WARNING: [filemgmt 56-199] Attempt to get parsing info during refresh. "On-the-fly" syntax checking information may be incorrect. [E:\uni\SED\Trabajo-VHDL\RGB_PWM_Ctrol\RGB_PWM_Ctrol.srcs\sources_1\new\RGB_Controller.vhd:]
WARNING: [filemgmt 56-199] Attempt to get parsing info during refresh. "On-the-fly" syntax checking information may be incorrect. [E:\uni\SED\Trabajo-VHDL\RGB_PWM_Ctrol\RGB_PWM_Ctrol.srcs\sim_1\new\RGB_Controller_tb.vhd:]
WARNING: [filemgmt 56-199] Attempt to get parsing info during refresh. "On-the-fly" syntax checking information may be incorrect. [E:\uni\SED\Trabajo-VHDL\RGB_PWM_Ctrol\RGB_PWM_Ctrol.srcs\sources_1\new\RGB_Controller.vhd:]
WARNING: [filemgmt 56-199] Attempt to get parsing info during refresh. "On-the-fly" syntax checking information may be incorrect. [E:\uni\SED\Trabajo-VHDL\RGB_PWM_Ctrol\RGB_PWM_Ctrol.srcs\sources_1\new\RGB_Controller.vhd:]
WARNING: [filemgmt 56-199] Attempt to get parsing info during refresh. "On-the-fly" syntax checking information may be incorrect. [E:\uni\SED\Trabajo-VHDL\RGB_PWM_Ctrol\RGB_PWM_Ctrol.srcs\sources_1\new\FSM_Master.vhd:]
WARNING: [filemgmt 56-199] Attempt to get parsing info during refresh. "On-the-fly" syntax checking information may be incorrect. [E:\uni\SED\Trabajo-VHDL\RGB_PWM_Ctrol\RGB_PWM_Ctrol.srcs\sources_1\new\FSM_Slave.vhd:]
WARNING: [filemgmt 56-199] Attempt to get parsing info during refresh. "On-the-fly" syntax checking information may be incorrect. [E:\uni\SED\Trabajo-VHDL\RGB_PWM_Ctrol\RGB_PWM_Ctrol.srcs\sources_1\new\top.vhd:]
WARNING: [filemgmt 56-199] Attempt to get parsing info during refresh. "On-the-fly" syntax checking information may be incorrect. [E:\uni\SED\Trabajo-VHDL\RGB_PWM_Ctrol\RGB_PWM_Ctrol.srcs\sources_1\new\RGB_Controller.vhd:]
WARNING: [filemgmt 56-199] Attempt to get parsing info during refresh. "On-the-fly" syntax checking information may be incorrect. [E:\uni\SED\Trabajo-VHDL\RGB_PWM_Ctrol\RGB_PWM_Ctrol.srcs\sim_1\new\RGB_Controller_tb.vhd:]
WARNING: [filemgmt 56-199] Attempt to get parsing info during refresh. "On-the-fly" syntax checking information may be incorrect. [E:\uni\SED\Trabajo-VHDL\RGB_PWM_Ctrol\RGB_PWM_Ctrol.srcs\sim_1\new\RGB_Controller_tb.vhd:]
WARNING: [filemgmt 56-199] Attempt to get parsing info during refresh. "On-the-fly" syntax checking information may be incorrect. [E:\uni\SED\Trabajo-VHDL\RGB_PWM_Ctrol\RGB_PWM_Ctrol.srcs\sim_1\new\RGB_Controller_tb.vhd:]
ERROR: [Common 17-180] Spawn failed: La operación se completó correctamente.

WARNING: [filemgmt 56-199] Attempt to get parsing info during refresh. "On-the-fly" syntax checking information may be incorrect. [E:\uni\SED\Trabajo-VHDL\RGB_PWM_Ctrol\RGB_PWM_Ctrol.srcs\sources_1\new\FSM_Master.vhd:]
WARNING: [filemgmt 56-199] Attempt to get parsing info during refresh. "On-the-fly" syntax checking information may be incorrect. [E:\uni\SED\Trabajo-VHDL\RGB_PWM_Ctrol\RGB_PWM_Ctrol.srcs\sources_1\new\FSM_Slave.vhd:]
WARNING: [filemgmt 56-199] Attempt to get parsing info during refresh. "On-the-fly" syntax checking information may be incorrect. [E:\uni\SED\Trabajo-VHDL\RGB_PWM_Ctrol\RGB_PWM_Ctrol.srcs\sources_1\new\top.vhd:]
WARNING: [filemgmt 56-199] Attempt to get parsing info during refresh. "On-the-fly" syntax checking information may be incorrect. [E:\uni\SED\Trabajo-VHDL\RGB_PWM_Ctrol\RGB_PWM_Ctrol.srcs\sources_1\new\RGB_Controller.vhd:]
WARNING: [filemgmt 56-199] Attempt to get parsing info during refresh. "On-the-fly" syntax checking information may be incorrect. [E:\uni\SED\Trabajo-VHDL\RGB_PWM_Ctrol\RGB_PWM_Ctrol.srcs\sim_1\new\RGB_Controller_tb.vhd:]
WARNING: [filemgmt 56-199] Attempt to get parsing info during refresh. "On-the-fly" syntax checking information may be incorrect. [E:\uni\SED\Trabajo-VHDL\RGB_PWM_Ctrol\RGB_PWM_Ctrol.srcs\sources_1\new\FSM_Master.vhd:]
WARNING: [filemgmt 56-199] Attempt to get parsing info during refresh. "On-the-fly" syntax checking information may be incorrect. [E:\uni\SED\Trabajo-VHDL\RGB_PWM_Ctrol\RGB_PWM_Ctrol.srcs\sources_1\new\FSM_Master.vhd:]
update_compile_order -fileset sources_1
reset_run synth_1
INFO: [Project 1-1161] Replacing file E:/uni/SED/Trabajo-VHDL/RGB_PWM_Ctrol/RGB_PWM_Ctrol.srcs/utils_1/imports/synth_1/top.dcp with file E:/uni/SED/Trabajo-VHDL/RGB_PWM_Ctrol/RGB_PWM_Ctrol.runs/synth_1/FSM_Master.dcp
WARNING: [Vivado 12-1017] Problems encountered:
1. Failed to delete one or more files in run directory E:/uni/SED/Trabajo-VHDL/RGB_PWM_Ctrol/RGB_PWM_Ctrol.runs/synth_1

WARNING: [filemgmt 56-199] Attempt to get parsing info during refresh. "On-the-fly" syntax checking information may be incorrect. [E:\uni\SED\Trabajo-VHDL\RGB_PWM_Ctrol\RGB_PWM_Ctrol.srcs\sources_1\new\FSM_Master.vhd:]
WARNING: [filemgmt 56-199] Attempt to get parsing info during refresh. "On-the-fly" syntax checking information may be incorrect. [E:\uni\SED\Trabajo-VHDL\RGB_PWM_Ctrol\RGB_PWM_Ctrol.srcs\sources_1\new\FSM_Slave.vhd:]
WARNING: [filemgmt 56-199] Attempt to get parsing info during refresh. "On-the-fly" syntax checking information may be incorrect. [E:\uni\SED\Trabajo-VHDL\RGB_PWM_Ctrol\RGB_PWM_Ctrol.srcs\sources_1\new\top.vhd:]
WARNING: [filemgmt 56-199] Attempt to get parsing info during refresh. "On-the-fly" syntax checking information may be incorrect. [E:\uni\SED\Trabajo-VHDL\RGB_PWM_Ctrol\RGB_PWM_Ctrol.srcs\sources_1\new\RGB_Controller.vhd:]
WARNING: [filemgmt 56-199] Attempt to get parsing info during refresh. "On-the-fly" syntax checking information may be incorrect. [E:\uni\SED\Trabajo-VHDL\RGB_PWM_Ctrol\RGB_PWM_Ctrol.srcs\sim_1\new\RGB_Controller_tb.vhd:]
WARNING: [filemgmt 56-199] Attempt to get parsing info during refresh. "On-the-fly" syntax checking information may be incorrect. [E:\uni\SED\Trabajo-VHDL\RGB_PWM_Ctrol\RGB_PWM_Ctrol.srcs\sources_1\new\top.vhd:]
WARNING: [filemgmt 56-199] Attempt to get parsing info during refresh. "On-the-fly" syntax checking information may be incorrect. [E:\uni\SED\Trabajo-VHDL\RGB_PWM_Ctrol\RGB_PWM_Ctrol.srcs\sources_1\new\top.vhd:]
WARNING: [filemgmt 56-199] Attempt to get parsing info during refresh. "On-the-fly" syntax checking information may be incorrect. [E:\uni\SED\Trabajo-VHDL\RGB_PWM_Ctrol\RGB_PWM_Ctrol.srcs\sources_1\new\FSM_Master.vhd:]
WARNING: [filemgmt 56-199] Attempt to get parsing info during refresh. "On-the-fly" syntax checking information may be incorrect. [E:\uni\SED\Trabajo-VHDL\RGB_PWM_Ctrol\RGB_PWM_Ctrol.srcs\sources_1\new\FSM_Slave.vhd:]
WARNING: [filemgmt 56-199] Attempt to get parsing info during refresh. "On-the-fly" syntax checking information may be incorrect. [E:\uni\SED\Trabajo-VHDL\RGB_PWM_Ctrol\RGB_PWM_Ctrol.srcs\sources_1\new\top.vhd:]
WARNING: [filemgmt 56-199] Attempt to get parsing info during refresh. "On-the-fly" syntax checking information may be incorrect. [E:\uni\SED\Trabajo-VHDL\RGB_PWM_Ctrol\RGB_PWM_Ctrol.srcs\sources_1\new\RGB_Controller.vhd:]
WARNING: [filemgmt 56-199] Attempt to get parsing info during refresh. "On-the-fly" syntax checking information may be incorrect. [E:\uni\SED\Trabajo-VHDL\RGB_PWM_Ctrol\RGB_PWM_Ctrol.srcs\sim_1\new\RGB_Controller_tb.vhd:]
WARNING: [filemgmt 56-199] Attempt to get parsing info during refresh. "On-the-fly" syntax checking information may be incorrect. [E:\uni\SED\Trabajo-VHDL\RGB_PWM_Ctrol\RGB_PWM_Ctrol.srcs\sim_1\new\RGB_Controller_tb.vhd:]
WARNING: [filemgmt 56-199] Attempt to get parsing info during refresh. "On-the-fly" syntax checking information may be incorrect. [E:\uni\SED\Trabajo-VHDL\RGB_PWM_Ctrol\RGB_PWM_Ctrol.srcs\sim_1\new\RGB_Controller_tb.vhd:]
launch_runs synth_1 -jobs 16
[Sun Dec 28 19:59:20 2025] Launched synth_1...
Run output will be captured here: E:/uni/SED/Trabajo-VHDL/RGB_PWM_Ctrol/RGB_PWM_Ctrol.runs/synth_1/runme.log
ERROR: [Common 17-180] Spawn failed: La operación se completó correctamente.

WARNING: [filemgmt 56-199] Attempt to get parsing info during refresh. "On-the-fly" syntax checking information may be incorrect. [E:\uni\SED\Trabajo-VHDL\RGB_PWM_Ctrol\RGB_PWM_Ctrol.srcs\sources_1\new\FSM_Master.vhd:]
WARNING: [filemgmt 56-199] Attempt to get parsing info during refresh. "On-the-fly" syntax checking information may be incorrect. [E:\uni\SED\Trabajo-VHDL\RGB_PWM_Ctrol\RGB_PWM_Ctrol.srcs\sources_1\new\FSM_Slave.vhd:]
WARNING: [filemgmt 56-199] Attempt to get parsing info during refresh. "On-the-fly" syntax checking information may be incorrect. [E:\uni\SED\Trabajo-VHDL\RGB_PWM_Ctrol\RGB_PWM_Ctrol.srcs\sources_1\new\top.vhd:]
WARNING: [filemgmt 56-199] Attempt to get parsing info during refresh. "On-the-fly" syntax checking information may be incorrect. [E:\uni\SED\Trabajo-VHDL\RGB_PWM_Ctrol\RGB_PWM_Ctrol.srcs\sources_1\new\RGB_Controller.vhd:]
WARNING: [filemgmt 56-199] Attempt to get parsing info during refresh. "On-the-fly" syntax checking information may be incorrect. [E:\uni\SED\Trabajo-VHDL\RGB_PWM_Ctrol\RGB_PWM_Ctrol.srcs\sim_1\new\RGB_Controller_tb.vhd:]
WARNING: [filemgmt 56-199] Attempt to get parsing info during refresh. "On-the-fly" syntax checking information may be incorrect. [E:\uni\SED\Trabajo-VHDL\RGB_PWM_Ctrol\RGB_PWM_Ctrol.srcs\sources_1\new\FSM_Master.vhd:]
WARNING: [filemgmt 56-199] Attempt to get parsing info during refresh. "On-the-fly" syntax checking information may be incorrect. [E:\uni\SED\Trabajo-VHDL\RGB_PWM_Ctrol\RGB_PWM_Ctrol.srcs\sources_1\new\FSM_Master.vhd:]
WARNING: [filemgmt 56-199] Attempt to get parsing info during refresh. "On-the-fly" syntax checking information may be incorrect. [E:\uni\SED\Trabajo-VHDL\RGB_PWM_Ctrol\RGB_PWM_Ctrol.srcs\sources_1\new\FSM_Master.vhd:]
WARNING: [filemgmt 56-199] Attempt to get parsing info during refresh. "On-the-fly" syntax checking information may be incorrect. [E:\uni\SED\Trabajo-VHDL\RGB_PWM_Ctrol\RGB_PWM_Ctrol.srcs\sources_1\new\FSM_Slave.vhd:]
WARNING: [filemgmt 56-199] Attempt to get parsing info during refresh. "On-the-fly" syntax checking information may be incorrect. [E:\uni\SED\Trabajo-VHDL\RGB_PWM_Ctrol\RGB_PWM_Ctrol.srcs\sources_1\new\top.vhd:]
WARNING: [filemgmt 56-199] Attempt to get parsing info during refresh. "On-the-fly" syntax checking information may be incorrect. [E:\uni\SED\Trabajo-VHDL\RGB_PWM_Ctrol\RGB_PWM_Ctrol.srcs\sources_1\new\RGB_Controller.vhd:]
WARNING: [filemgmt 56-199] Attempt to get parsing info during refresh. "On-the-fly" syntax checking information may be incorrect. [E:\uni\SED\Trabajo-VHDL\RGB_PWM_Ctrol\RGB_PWM_Ctrol.srcs\sim_1\new\RGB_Controller_tb.vhd:]
WARNING: [filemgmt 56-199] Attempt to get parsing info during refresh. "On-the-fly" syntax checking information may be incorrect. [E:\uni\SED\Trabajo-VHDL\RGB_PWM_Ctrol\RGB_PWM_Ctrol.srcs\sources_1\new\FSM_Slave.vhd:]
WARNING: [filemgmt 56-199] Attempt to get parsing info during refresh. "On-the-fly" syntax checking information may be incorrect. [E:\uni\SED\Trabajo-VHDL\RGB_PWM_Ctrol\RGB_PWM_Ctrol.srcs\sources_1\new\FSM_Slave.vhd:]
ERROR: [Common 17-180] Spawn failed: La operación se completó correctamente.

launch_runs impl_1 -jobs 16
[Sun Dec 28 20:00:11 2025] Launched impl_1...
Run output will be captured here: E:/uni/SED/Trabajo-VHDL/RGB_PWM_Ctrol/RGB_PWM_Ctrol.runs/impl_1/runme.log
open_run synth_1 -name synth_1
Design is defaulting to impl run constrset: constrs_1
Design is defaulting to synth run part: xc7a100tcsg324-1
INFO: [Device 21-403] Loading part xc7a100tcsg324-1
Netlist sorting complete. Time (s): cpu = 00:00:00 ; elapsed = 00:00:00 . Memory (MB): peak = 3397.520 ; gain = 0.000
INFO: [Project 1-479] Netlist was created with Vivado 2025.1
INFO: [Project 1-570] Preparing netlist for logic optimization
Parsing XDC File [E:/uni/SED/Trabajo-VHDL/RGB_PWM_Ctrol/RGB_PWM_Ctrol.srcs/constrs_1/imports/Downloads/Nexys-A7-100T-Master.xdc]
WARNING: [Vivado 12-584] No ports matched 'sw[0]'. [E:/uni/SED/Trabajo-VHDL/RGB_PWM_Ctrol/RGB_PWM_Ctrol.srcs/constrs_1/imports/Downloads/Nexys-A7-100T-Master.xdc:13]
CRITICAL WARNING: [Common 17-55] 'set_property' expects at least one object. [E:/uni/SED/Trabajo-VHDL/RGB_PWM_Ctrol/RGB_PWM_Ctrol.srcs/constrs_1/imports/Downloads/Nexys-A7-100T-Master.xdc:13]
Resolution: If [get_<value>] was used to populate the object, check to make sure this command returns at least one valid object.
WARNING: [Vivado 12-584] No ports matched 'sw[1]'. [E:/uni/SED/Trabajo-VHDL/RGB_PWM_Ctrol/RGB_PWM_Ctrol.srcs/constrs_1/imports/Downloads/Nexys-A7-100T-Master.xdc:14]
CRITICAL WARNING: [Common 17-55] 'set_property' expects at least one object. [E:/uni/SED/Trabajo-VHDL/RGB_PWM_Ctrol/RGB_PWM_Ctrol.srcs/constrs_1/imports/Downloads/Nexys-A7-100T-Master.xdc:14]
Resolution: If [get_<value>] was used to populate the object, check to make sure this command returns at least one valid object.
WARNING: [Vivado 12-584] No ports matched 'LED[0]'. [E:/uni/SED/Trabajo-VHDL/RGB_PWM_Ctrol/RGB_PWM_Ctrol.srcs/constrs_1/imports/Downloads/Nexys-A7-100T-Master.xdc:45]
CRITICAL WARNING: [Common 17-55] 'set_property' expects at least one object. [E:/uni/SED/Trabajo-VHDL/RGB_PWM_Ctrol/RGB_PWM_Ctrol.srcs/constrs_1/imports/Downloads/Nexys-A7-100T-Master.xdc:45]
Resolution: If [get_<value>] was used to populate the object, check to make sure this command returns at least one valid object.
WARNING: [Vivado 12-584] No ports matched 'LED[1]'. [E:/uni/SED/Trabajo-VHDL/RGB_PWM_Ctrol/RGB_PWM_Ctrol.srcs/constrs_1/imports/Downloads/Nexys-A7-100T-Master.xdc:46]
CRITICAL WARNING: [Common 17-55] 'set_property' expects at least one object. [E:/uni/SED/Trabajo-VHDL/RGB_PWM_Ctrol/RGB_PWM_Ctrol.srcs/constrs_1/imports/Downloads/Nexys-A7-100T-Master.xdc:46]
Resolution: If [get_<value>] was used to populate the object, check to make sure this command returns at least one valid object.
WARNING: [Vivado 12-584] No ports matched 'LED[2]'. [E:/uni/SED/Trabajo-VHDL/RGB_PWM_Ctrol/RGB_PWM_Ctrol.srcs/constrs_1/imports/Downloads/Nexys-A7-100T-Master.xdc:47]
CRITICAL WARNING: [Common 17-55] 'set_property' expects at least one object. [E:/uni/SED/Trabajo-VHDL/RGB_PWM_Ctrol/RGB_PWM_Ctrol.srcs/constrs_1/imports/Downloads/Nexys-A7-100T-Master.xdc:47]
Resolution: If [get_<value>] was used to populate the object, check to make sure this command returns at least one valid object.
WARNING: [Vivado 12-584] No ports matched 'LED[3]'. [E:/uni/SED/Trabajo-VHDL/RGB_PWM_Ctrol/RGB_PWM_Ctrol.srcs/constrs_1/imports/Downloads/Nexys-A7-100T-Master.xdc:48]
CRITICAL WARNING: [Common 17-55] 'set_property' expects at least one object. [E:/uni/SED/Trabajo-VHDL/RGB_PWM_Ctrol/RGB_PWM_Ctrol.srcs/constrs_1/imports/Downloads/Nexys-A7-100T-Master.xdc:48]
Resolution: If [get_<value>] was used to populate the object, check to make sure this command returns at least one valid object.
WARNING: [Vivado 12-584] No ports matched 'seg[0]'. [E:/uni/SED/Trabajo-VHDL/RGB_PWM_Ctrol/RGB_PWM_Ctrol.srcs/constrs_1/imports/Downloads/Nexys-A7-100T-Master.xdc:60]
CRITICAL WARNING: [Common 17-55] 'set_property' expects at least one object. [E:/uni/SED/Trabajo-VHDL/RGB_PWM_Ctrol/RGB_PWM_Ctrol.srcs/constrs_1/imports/Downloads/Nexys-A7-100T-Master.xdc:60]
Resolution: If [get_<value>] was used to populate the object, check to make sure this command returns at least one valid object.
WARNING: [Vivado 12-584] No ports matched 'seg[1]'. [E:/uni/SED/Trabajo-VHDL/RGB_PWM_Ctrol/RGB_PWM_Ctrol.srcs/constrs_1/imports/Downloads/Nexys-A7-100T-Master.xdc:61]
CRITICAL WARNING: [Common 17-55] 'set_property' expects at least one object. [E:/uni/SED/Trabajo-VHDL/RGB_PWM_Ctrol/RGB_PWM_Ctrol.srcs/constrs_1/imports/Downloads/Nexys-A7-100T-Master.xdc:61]
Resolution: If [get_<value>] was used to populate the object, check to make sure this command returns at least one valid object.
WARNING: [Vivado 12-584] No ports matched 'seg[2]'. [E:/uni/SED/Trabajo-VHDL/RGB_PWM_Ctrol/RGB_PWM_Ctrol.srcs/constrs_1/imports/Downloads/Nexys-A7-100T-Master.xdc:62]
CRITICAL WARNING: [Common 17-55] 'set_property' expects at least one object. [E:/uni/SED/Trabajo-VHDL/RGB_PWM_Ctrol/RGB_PWM_Ctrol.srcs/constrs_1/imports/Downloads/Nexys-A7-100T-Master.xdc:62]
Resolution: If [get_<value>] was used to populate the object, check to make sure this command returns at least one valid object.
WARNING: [Vivado 12-584] No ports matched 'seg[3]'. [E:/uni/SED/Trabajo-VHDL/RGB_PWM_Ctrol/RGB_PWM_Ctrol.srcs/constrs_1/imports/Downloads/Nexys-A7-100T-Master.xdc:63]
CRITICAL WARNING: [Common 17-55] 'set_property' expects at least one object. [E:/uni/SED/Trabajo-VHDL/RGB_PWM_Ctrol/RGB_PWM_Ctrol.srcs/constrs_1/imports/Downloads/Nexys-A7-100T-Master.xdc:63]
Resolution: If [get_<value>] was used to populate the object, check to make sure this command returns at least one valid object.
WARNING: [Vivado 12-584] No ports matched 'seg[4]'. [E:/uni/SED/Trabajo-VHDL/RGB_PWM_Ctrol/RGB_PWM_Ctrol.srcs/constrs_1/imports/Downloads/Nexys-A7-100T-Master.xdc:64]
CRITICAL WARNING: [Common 17-55] 'set_property' expects at least one object. [E:/uni/SED/Trabajo-VHDL/RGB_PWM_Ctrol/RGB_PWM_Ctrol.srcs/constrs_1/imports/Downloads/Nexys-A7-100T-Master.xdc:64]
Resolution: If [get_<value>] was used to populate the object, check to make sure this command returns at least one valid object.
WARNING: [Vivado 12-584] No ports matched 'seg[5]'. [E:/uni/SED/Trabajo-VHDL/RGB_PWM_Ctrol/RGB_PWM_Ctrol.srcs/constrs_1/imports/Downloads/Nexys-A7-100T-Master.xdc:65]
CRITICAL WARNING: [Common 17-55] 'set_property' expects at least one object. [E:/uni/SED/Trabajo-VHDL/RGB_PWM_Ctrol/RGB_PWM_Ctrol.srcs/constrs_1/imports/Downloads/Nexys-A7-100T-Master.xdc:65]
Resolution: If [get_<value>] was used to populate the object, check to make sure this command returns at least one valid object.
WARNING: [Vivado 12-584] No ports matched 'seg[6]'. [E:/uni/SED/Trabajo-VHDL/RGB_PWM_Ctrol/RGB_PWM_Ctrol.srcs/constrs_1/imports/Downloads/Nexys-A7-100T-Master.xdc:66]
CRITICAL WARNING: [Common 17-55] 'set_property' expects at least one object. [E:/uni/SED/Trabajo-VHDL/RGB_PWM_Ctrol/RGB_PWM_Ctrol.srcs/constrs_1/imports/Downloads/Nexys-A7-100T-Master.xdc:66]
Resolution: If [get_<value>] was used to populate the object, check to make sure this command returns at least one valid object.
WARNING: [Vivado 12-584] No ports matched 'dp'. [E:/uni/SED/Trabajo-VHDL/RGB_PWM_Ctrol/RGB_PWM_Ctrol.srcs/constrs_1/imports/Downloads/Nexys-A7-100T-Master.xdc:68]
CRITICAL WARNING: [Common 17-55] 'set_property' expects at least one object. [E:/uni/SED/Trabajo-VHDL/RGB_PWM_Ctrol/RGB_PWM_Ctrol.srcs/constrs_1/imports/Downloads/Nexys-A7-100T-Master.xdc:68]
Resolution: If [get_<value>] was used to populate the object, check to make sure this command returns at least one valid object.
WARNING: [Vivado 12-584] No ports matched 'an[0]'. [E:/uni/SED/Trabajo-VHDL/RGB_PWM_Ctrol/RGB_PWM_Ctrol.srcs/constrs_1/imports/Downloads/Nexys-A7-100T-Master.xdc:70]
CRITICAL WARNING: [Common 17-55] 'set_property' expects at least one object. [E:/uni/SED/Trabajo-VHDL/RGB_PWM_Ctrol/RGB_PWM_Ctrol.srcs/constrs_1/imports/Downloads/Nexys-A7-100T-Master.xdc:70]
Resolution: If [get_<value>] was used to populate the object, check to make sure this command returns at least one valid object.
WARNING: [Vivado 12-584] No ports matched 'an[1]'. [E:/uni/SED/Trabajo-VHDL/RGB_PWM_Ctrol/RGB_PWM_Ctrol.srcs/constrs_1/imports/Downloads/Nexys-A7-100T-Master.xdc:71]
CRITICAL WARNING: [Common 17-55] 'set_property' expects at least one object. [E:/uni/SED/Trabajo-VHDL/RGB_PWM_Ctrol/RGB_PWM_Ctrol.srcs/constrs_1/imports/Downloads/Nexys-A7-100T-Master.xdc:71]
Resolution: If [get_<value>] was used to populate the object, check to make sure this command returns at least one valid object.
WARNING: [Vivado 12-584] No ports matched 'an[2]'. [E:/uni/SED/Trabajo-VHDL/RGB_PWM_Ctrol/RGB_PWM_Ctrol.srcs/constrs_1/imports/Downloads/Nexys-A7-100T-Master.xdc:72]
CRITICAL WARNING: [Common 17-55] 'set_property' expects at least one object. [E:/uni/SED/Trabajo-VHDL/RGB_PWM_Ctrol/RGB_PWM_Ctrol.srcs/constrs_1/imports/Downloads/Nexys-A7-100T-Master.xdc:72]
Resolution: If [get_<value>] was used to populate the object, check to make sure this command returns at least one valid object.
WARNING: [Vivado 12-584] No ports matched 'an[3]'. [E:/uni/SED/Trabajo-VHDL/RGB_PWM_Ctrol/RGB_PWM_Ctrol.srcs/constrs_1/imports/Downloads/Nexys-A7-100T-Master.xdc:73]
CRITICAL WARNING: [Common 17-55] 'set_property' expects at least one object. [E:/uni/SED/Trabajo-VHDL/RGB_PWM_Ctrol/RGB_PWM_Ctrol.srcs/constrs_1/imports/Downloads/Nexys-A7-100T-Master.xdc:73]
Resolution: If [get_<value>] was used to populate the object, check to make sure this command returns at least one valid object.
WARNING: [Vivado 12-584] No ports matched 'an[4]'. [E:/uni/SED/Trabajo-VHDL/RGB_PWM_Ctrol/RGB_PWM_Ctrol.srcs/constrs_1/imports/Downloads/Nexys-A7-100T-Master.xdc:74]
CRITICAL WARNING: [Common 17-55] 'set_property' expects at least one object. [E:/uni/SED/Trabajo-VHDL/RGB_PWM_Ctrol/RGB_PWM_Ctrol.srcs/constrs_1/imports/Downloads/Nexys-A7-100T-Master.xdc:74]
Resolution: If [get_<value>] was used to populate the object, check to make sure this command returns at least one valid object.
WARNING: [Vivado 12-584] No ports matched 'an[5]'. [E:/uni/SED/Trabajo-VHDL/RGB_PWM_Ctrol/RGB_PWM_Ctrol.srcs/constrs_1/imports/Downloads/Nexys-A7-100T-Master.xdc:75]
CRITICAL WARNING: [Common 17-55] 'set_property' expects at least one object. [E:/uni/SED/Trabajo-VHDL/RGB_PWM_Ctrol/RGB_PWM_Ctrol.srcs/constrs_1/imports/Downloads/Nexys-A7-100T-Master.xdc:75]
Resolution: If [get_<value>] was used to populate the object, check to make sure this command returns at least one valid object.
WARNING: [Vivado 12-584] No ports matched 'an[6]'. [E:/uni/SED/Trabajo-VHDL/RGB_PWM_Ctrol/RGB_PWM_Ctrol.srcs/constrs_1/imports/Downloads/Nexys-A7-100T-Master.xdc:76]
CRITICAL WARNING: [Common 17-55] 'set_property' expects at least one object. [E:/uni/SED/Trabajo-VHDL/RGB_PWM_Ctrol/RGB_PWM_Ctrol.srcs/constrs_1/imports/Downloads/Nexys-A7-100T-Master.xdc:76]
Resolution: If [get_<value>] was used to populate the object, check to make sure this command returns at least one valid object.
WARNING: [Vivado 12-584] No ports matched 'an[7]'. [E:/uni/SED/Trabajo-VHDL/RGB_PWM_Ctrol/RGB_PWM_Ctrol.srcs/constrs_1/imports/Downloads/Nexys-A7-100T-Master.xdc:77]
CRITICAL WARNING: [Common 17-55] 'set_property' expects at least one object. [E:/uni/SED/Trabajo-VHDL/RGB_PWM_Ctrol/RGB_PWM_Ctrol.srcs/constrs_1/imports/Downloads/Nexys-A7-100T-Master.xdc:77]
Resolution: If [get_<value>] was used to populate the object, check to make sure this command returns at least one valid object.
WARNING: [Vivado 12-584] No ports matched 'button'. [E:/uni/SED/Trabajo-VHDL/RGB_PWM_Ctrol/RGB_PWM_Ctrol.srcs/constrs_1/imports/Downloads/Nexys-A7-100T-Master.xdc:85]
CRITICAL WARNING: [Common 17-55] 'set_property' expects at least one object. [E:/uni/SED/Trabajo-VHDL/RGB_PWM_Ctrol/RGB_PWM_Ctrol.srcs/constrs_1/imports/Downloads/Nexys-A7-100T-Master.xdc:85]
Resolution: If [get_<value>] was used to populate the object, check to make sure this command returns at least one valid object.
WARNING: [Vivado 12-584] No ports matched 'RST'. [E:/uni/SED/Trabajo-VHDL/RGB_PWM_Ctrol/RGB_PWM_Ctrol.srcs/constrs_1/imports/Downloads/Nexys-A7-100T-Master.xdc:88]
CRITICAL WARNING: [Common 17-55] 'set_property' expects at least one object. [E:/uni/SED/Trabajo-VHDL/RGB_PWM_Ctrol/RGB_PWM_Ctrol.srcs/constrs_1/imports/Downloads/Nexys-A7-100T-Master.xdc:88]
Resolution: If [get_<value>] was used to populate the object, check to make sure this command returns at least one valid object.
WARNING: [Vivado 12-584] No ports matched 'vauxn3'. [E:/uni/SED/Trabajo-VHDL/RGB_PWM_Ctrol/RGB_PWM_Ctrol.srcs/constrs_1/imports/Downloads/Nexys-A7-100T-Master.xdc:144]
CRITICAL WARNING: [Common 17-55] 'set_property' expects at least one object. [E:/uni/SED/Trabajo-VHDL/RGB_PWM_Ctrol/RGB_PWM_Ctrol.srcs/constrs_1/imports/Downloads/Nexys-A7-100T-Master.xdc:144]
Resolution: If [get_<value>] was used to populate the object, check to make sure this command returns at least one valid object.
WARNING: [Vivado 12-584] No ports matched 'vauxp3'. [E:/uni/SED/Trabajo-VHDL/RGB_PWM_Ctrol/RGB_PWM_Ctrol.srcs/constrs_1/imports/Downloads/Nexys-A7-100T-Master.xdc:145]
CRITICAL WARNING: [Common 17-55] 'set_property' expects at least one object. [E:/uni/SED/Trabajo-VHDL/RGB_PWM_Ctrol/RGB_PWM_Ctrol.srcs/constrs_1/imports/Downloads/Nexys-A7-100T-Master.xdc:145]
Resolution: If [get_<value>] was used to populate the object, check to make sure this command returns at least one valid object.
WARNING: [Vivado 12-584] No ports matched 'vauxn10'. [E:/uni/SED/Trabajo-VHDL/RGB_PWM_Ctrol/RGB_PWM_Ctrol.srcs/constrs_1/imports/Downloads/Nexys-A7-100T-Master.xdc:146]
CRITICAL WARNING: [Common 17-55] 'set_property' expects at least one object. [E:/uni/SED/Trabajo-VHDL/RGB_PWM_Ctrol/RGB_PWM_Ctrol.srcs/constrs_1/imports/Downloads/Nexys-A7-100T-Master.xdc:146]
Resolution: If [get_<value>] was used to populate the object, check to make sure this command returns at least one valid object.
WARNING: [Vivado 12-584] No ports matched 'vauxp10'. [E:/uni/SED/Trabajo-VHDL/RGB_PWM_Ctrol/RGB_PWM_Ctrol.srcs/constrs_1/imports/Downloads/Nexys-A7-100T-Master.xdc:147]
CRITICAL WARNING: [Common 17-55] 'set_property' expects at least one object. [E:/uni/SED/Trabajo-VHDL/RGB_PWM_Ctrol/RGB_PWM_Ctrol.srcs/constrs_1/imports/Downloads/Nexys-A7-100T-Master.xdc:147]
Resolution: If [get_<value>] was used to populate the object, check to make sure this command returns at least one valid object.
WARNING: [Vivado 12-584] No ports matched 'vauxn2'. [E:/uni/SED/Trabajo-VHDL/RGB_PWM_Ctrol/RGB_PWM_Ctrol.srcs/constrs_1/imports/Downloads/Nexys-A7-100T-Master.xdc:148]
CRITICAL WARNING: [Common 17-55] 'set_property' expects at least one object. [E:/uni/SED/Trabajo-VHDL/RGB_PWM_Ctrol/RGB_PWM_Ctrol.srcs/constrs_1/imports/Downloads/Nexys-A7-100T-Master.xdc:148]
Resolution: If [get_<value>] was used to populate the object, check to make sure this command returns at least one valid object.
WARNING: [Vivado 12-584] No ports matched 'vauxp2'. [E:/uni/SED/Trabajo-VHDL/RGB_PWM_Ctrol/RGB_PWM_Ctrol.srcs/constrs_1/imports/Downloads/Nexys-A7-100T-Master.xdc:149]
CRITICAL WARNING: [Common 17-55] 'set_property' expects at least one object. [E:/uni/SED/Trabajo-VHDL/RGB_PWM_Ctrol/RGB_PWM_Ctrol.srcs/constrs_1/imports/Downloads/Nexys-A7-100T-Master.xdc:149]
Resolution: If [get_<value>] was used to populate the object, check to make sure this command returns at least one valid object.
WARNING: [Vivado 12-584] No ports matched 'vauxn11'. [E:/uni/SED/Trabajo-VHDL/RGB_PWM_Ctrol/RGB_PWM_Ctrol.srcs/constrs_1/imports/Downloads/Nexys-A7-100T-Master.xdc:150]
CRITICAL WARNING: [Common 17-55] 'set_property' expects at least one object. [E:/uni/SED/Trabajo-VHDL/RGB_PWM_Ctrol/RGB_PWM_Ctrol.srcs/constrs_1/imports/Downloads/Nexys-A7-100T-Master.xdc:150]
Resolution: If [get_<value>] was used to populate the object, check to make sure this command returns at least one valid object.
WARNING: [Vivado 12-584] No ports matched 'vauxp11'. [E:/uni/SED/Trabajo-VHDL/RGB_PWM_Ctrol/RGB_PWM_Ctrol.srcs/constrs_1/imports/Downloads/Nexys-A7-100T-Master.xdc:151]
CRITICAL WARNING: [Common 17-55] 'set_property' expects at least one object. [E:/uni/SED/Trabajo-VHDL/RGB_PWM_Ctrol/RGB_PWM_Ctrol.srcs/constrs_1/imports/Downloads/Nexys-A7-100T-Master.xdc:151]
Resolution: If [get_<value>] was used to populate the object, check to make sure this command returns at least one valid object.
Finished Parsing XDC File [E:/uni/SED/Trabajo-VHDL/RGB_PWM_Ctrol/RGB_PWM_Ctrol.srcs/constrs_1/imports/Downloads/Nexys-A7-100T-Master.xdc]
INFO: [Opt 31-138] Pushed 0 inverter(s) to 0 load pin(s).
Netlist sorting complete. Time (s): cpu = 00:00:00 ; elapsed = 00:00:00 . Memory (MB): peak = 3397.520 ; gain = 0.000
INFO: [Project 1-111] Unisim Transformation Summary:
No Unisim elements were transformed.

open_run: Time (s): cpu = 00:00:11 ; elapsed = 00:00:07 . Memory (MB): peak = 3397.520 ; gain = 0.000
close_design
open_run impl_1
Netlist sorting complete. Time (s): cpu = 00:00:00 ; elapsed = 00:00:00 . Memory (MB): peak = 3397.520 ; gain = 0.000
INFO: [Project 1-479] Netlist was created with Vivado 2025.1
INFO: [Project 1-570] Preparing netlist for logic optimization
Read ShapeDB Complete: Time (s): cpu = 00:00:00 ; elapsed = 00:00:00.001 . Memory (MB): peak = 3397.520 ; gain = 0.000
INFO: [Timing 38-478] Restoring timing data from binary archive.
INFO: [Timing 38-479] Binary timing data restore complete.
INFO: [Project 1-856] Restoring constraints from binary archive.
INFO: [Project 1-853] Binary constraint restore complete.
INFO: [Designutils 20-5722] Start Reading Physical Databases.
Reading placement.
Read Netlist Cache: Time (s): cpu = 00:00:00 ; elapsed = 00:00:00 . Memory (MB): peak = 3397.520 ; gain = 0.000
Reading placer database...
Read Device Cache: Time (s): cpu = 00:00:00 ; elapsed = 00:00:00.006 . Memory (MB): peak = 3397.520 ; gain = 0.000
Read PlaceDB: Time (s): cpu = 00:00:00 ; elapsed = 00:00:00 . Memory (MB): peak = 3397.520 ; gain = 0.000
Read PulsedLatchDB: Time (s): cpu = 00:00:00 ; elapsed = 00:00:00 . Memory (MB): peak = 3397.520 ; gain = 0.000
Reading routing.
Read RouteStorage: Time (s): cpu = 00:00:00 ; elapsed = 00:00:00.006 . Memory (MB): peak = 3397.520 ; gain = 0.000
Read Physdb Files: Time (s): cpu = 00:00:00 ; elapsed = 00:00:00.018 . Memory (MB): peak = 3397.520 ; gain = 0.000
Restored from archive | CPU: 0.000000 secs | Memory: 0.000000 MB |
Finished XDEF File Restore: Time (s): cpu = 00:00:00 ; elapsed = 00:00:00.018 . Memory (MB): peak = 3397.520 ; gain = 0.000
Netlist sorting complete. Time (s): cpu = 00:00:00 ; elapsed = 00:00:00 . Memory (MB): peak = 3397.520 ; gain = 0.000
INFO: [Project 1-111] Unisim Transformation Summary:
No Unisim elements were transformed.

open_run: Time (s): cpu = 00:00:10 ; elapsed = 00:00:08 . Memory (MB): peak = 3697.348 ; gain = 299.828
open_run synth_1 -name synth_1
Design is defaulting to impl run constrset: constrs_1
Design is defaulting to synth run part: xc7a100tcsg324-1
Netlist sorting complete. Time (s): cpu = 00:00:00 ; elapsed = 00:00:00 . Memory (MB): peak = 3709.715 ; gain = 0.000
INFO: [Project 1-479] Netlist was created with Vivado 2025.1
INFO: [Project 1-570] Preparing netlist for logic optimization
Parsing XDC File [E:/uni/SED/Trabajo-VHDL/RGB_PWM_Ctrol/RGB_PWM_Ctrol.srcs/constrs_1/imports/Downloads/Nexys-A7-100T-Master.xdc]
WARNING: [Vivado 12-584] No ports matched 'sw[0]'. [E:/uni/SED/Trabajo-VHDL/RGB_PWM_Ctrol/RGB_PWM_Ctrol.srcs/constrs_1/imports/Downloads/Nexys-A7-100T-Master.xdc:13]
CRITICAL WARNING: [Common 17-55] 'set_property' expects at least one object. [E:/uni/SED/Trabajo-VHDL/RGB_PWM_Ctrol/RGB_PWM_Ctrol.srcs/constrs_1/imports/Downloads/Nexys-A7-100T-Master.xdc:13]
Resolution: If [get_<value>] was used to populate the object, check to make sure this command returns at least one valid object.
WARNING: [Vivado 12-584] No ports matched 'sw[1]'. [E:/uni/SED/Trabajo-VHDL/RGB_PWM_Ctrol/RGB_PWM_Ctrol.srcs/constrs_1/imports/Downloads/Nexys-A7-100T-Master.xdc:14]
CRITICAL WARNING: [Common 17-55] 'set_property' expects at least one object. [E:/uni/SED/Trabajo-VHDL/RGB_PWM_Ctrol/RGB_PWM_Ctrol.srcs/constrs_1/imports/Downloads/Nexys-A7-100T-Master.xdc:14]
Resolution: If [get_<value>] was used to populate the object, check to make sure this command returns at least one valid object.
WARNING: [Vivado 12-584] No ports matched 'LED[0]'. [E:/uni/SED/Trabajo-VHDL/RGB_PWM_Ctrol/RGB_PWM_Ctrol.srcs/constrs_1/imports/Downloads/Nexys-A7-100T-Master.xdc:45]
CRITICAL WARNING: [Common 17-55] 'set_property' expects at least one object. [E:/uni/SED/Trabajo-VHDL/RGB_PWM_Ctrol/RGB_PWM_Ctrol.srcs/constrs_1/imports/Downloads/Nexys-A7-100T-Master.xdc:45]
Resolution: If [get_<value>] was used to populate the object, check to make sure this command returns at least one valid object.
WARNING: [Vivado 12-584] No ports matched 'LED[1]'. [E:/uni/SED/Trabajo-VHDL/RGB_PWM_Ctrol/RGB_PWM_Ctrol.srcs/constrs_1/imports/Downloads/Nexys-A7-100T-Master.xdc:46]
CRITICAL WARNING: [Common 17-55] 'set_property' expects at least one object. [E:/uni/SED/Trabajo-VHDL/RGB_PWM_Ctrol/RGB_PWM_Ctrol.srcs/constrs_1/imports/Downloads/Nexys-A7-100T-Master.xdc:46]
Resolution: If [get_<value>] was used to populate the object, check to make sure this command returns at least one valid object.
WARNING: [Vivado 12-584] No ports matched 'LED[2]'. [E:/uni/SED/Trabajo-VHDL/RGB_PWM_Ctrol/RGB_PWM_Ctrol.srcs/constrs_1/imports/Downloads/Nexys-A7-100T-Master.xdc:47]
CRITICAL WARNING: [Common 17-55] 'set_property' expects at least one object. [E:/uni/SED/Trabajo-VHDL/RGB_PWM_Ctrol/RGB_PWM_Ctrol.srcs/constrs_1/imports/Downloads/Nexys-A7-100T-Master.xdc:47]
Resolution: If [get_<value>] was used to populate the object, check to make sure this command returns at least one valid object.
WARNING: [Vivado 12-584] No ports matched 'LED[3]'. [E:/uni/SED/Trabajo-VHDL/RGB_PWM_Ctrol/RGB_PWM_Ctrol.srcs/constrs_1/imports/Downloads/Nexys-A7-100T-Master.xdc:48]
CRITICAL WARNING: [Common 17-55] 'set_property' expects at least one object. [E:/uni/SED/Trabajo-VHDL/RGB_PWM_Ctrol/RGB_PWM_Ctrol.srcs/constrs_1/imports/Downloads/Nexys-A7-100T-Master.xdc:48]
Resolution: If [get_<value>] was used to populate the object, check to make sure this command returns at least one valid object.
WARNING: [Vivado 12-584] No ports matched 'seg[0]'. [E:/uni/SED/Trabajo-VHDL/RGB_PWM_Ctrol/RGB_PWM_Ctrol.srcs/constrs_1/imports/Downloads/Nexys-A7-100T-Master.xdc:60]
CRITICAL WARNING: [Common 17-55] 'set_property' expects at least one object. [E:/uni/SED/Trabajo-VHDL/RGB_PWM_Ctrol/RGB_PWM_Ctrol.srcs/constrs_1/imports/Downloads/Nexys-A7-100T-Master.xdc:60]
Resolution: If [get_<value>] was used to populate the object, check to make sure this command returns at least one valid object.
WARNING: [Vivado 12-584] No ports matched 'seg[1]'. [E:/uni/SED/Trabajo-VHDL/RGB_PWM_Ctrol/RGB_PWM_Ctrol.srcs/constrs_1/imports/Downloads/Nexys-A7-100T-Master.xdc:61]
CRITICAL WARNING: [Common 17-55] 'set_property' expects at least one object. [E:/uni/SED/Trabajo-VHDL/RGB_PWM_Ctrol/RGB_PWM_Ctrol.srcs/constrs_1/imports/Downloads/Nexys-A7-100T-Master.xdc:61]
Resolution: If [get_<value>] was used to populate the object, check to make sure this command returns at least one valid object.
WARNING: [Vivado 12-584] No ports matched 'seg[2]'. [E:/uni/SED/Trabajo-VHDL/RGB_PWM_Ctrol/RGB_PWM_Ctrol.srcs/constrs_1/imports/Downloads/Nexys-A7-100T-Master.xdc:62]
CRITICAL WARNING: [Common 17-55] 'set_property' expects at least one object. [E:/uni/SED/Trabajo-VHDL/RGB_PWM_Ctrol/RGB_PWM_Ctrol.srcs/constrs_1/imports/Downloads/Nexys-A7-100T-Master.xdc:62]
Resolution: If [get_<value>] was used to populate the object, check to make sure this command returns at least one valid object.
WARNING: [Vivado 12-584] No ports matched 'seg[3]'. [E:/uni/SED/Trabajo-VHDL/RGB_PWM_Ctrol/RGB_PWM_Ctrol.srcs/constrs_1/imports/Downloads/Nexys-A7-100T-Master.xdc:63]
CRITICAL WARNING: [Common 17-55] 'set_property' expects at least one object. [E:/uni/SED/Trabajo-VHDL/RGB_PWM_Ctrol/RGB_PWM_Ctrol.srcs/constrs_1/imports/Downloads/Nexys-A7-100T-Master.xdc:63]
Resolution: If [get_<value>] was used to populate the object, check to make sure this command returns at least one valid object.
WARNING: [Vivado 12-584] No ports matched 'seg[4]'. [E:/uni/SED/Trabajo-VHDL/RGB_PWM_Ctrol/RGB_PWM_Ctrol.srcs/constrs_1/imports/Downloads/Nexys-A7-100T-Master.xdc:64]
CRITICAL WARNING: [Common 17-55] 'set_property' expects at least one object. [E:/uni/SED/Trabajo-VHDL/RGB_PWM_Ctrol/RGB_PWM_Ctrol.srcs/constrs_1/imports/Downloads/Nexys-A7-100T-Master.xdc:64]
Resolution: If [get_<value>] was used to populate the object, check to make sure this command returns at least one valid object.
WARNING: [Vivado 12-584] No ports matched 'seg[5]'. [E:/uni/SED/Trabajo-VHDL/RGB_PWM_Ctrol/RGB_PWM_Ctrol.srcs/constrs_1/imports/Downloads/Nexys-A7-100T-Master.xdc:65]
CRITICAL WARNING: [Common 17-55] 'set_property' expects at least one object. [E:/uni/SED/Trabajo-VHDL/RGB_PWM_Ctrol/RGB_PWM_Ctrol.srcs/constrs_1/imports/Downloads/Nexys-A7-100T-Master.xdc:65]
Resolution: If [get_<value>] was used to populate the object, check to make sure this command returns at least one valid object.
WARNING: [Vivado 12-584] No ports matched 'seg[6]'. [E:/uni/SED/Trabajo-VHDL/RGB_PWM_Ctrol/RGB_PWM_Ctrol.srcs/constrs_1/imports/Downloads/Nexys-A7-100T-Master.xdc:66]
CRITICAL WARNING: [Common 17-55] 'set_property' expects at least one object. [E:/uni/SED/Trabajo-VHDL/RGB_PWM_Ctrol/RGB_PWM_Ctrol.srcs/constrs_1/imports/Downloads/Nexys-A7-100T-Master.xdc:66]
Resolution: If [get_<value>] was used to populate the object, check to make sure this command returns at least one valid object.
WARNING: [Vivado 12-584] No ports matched 'dp'. [E:/uni/SED/Trabajo-VHDL/RGB_PWM_Ctrol/RGB_PWM_Ctrol.srcs/constrs_1/imports/Downloads/Nexys-A7-100T-Master.xdc:68]
CRITICAL WARNING: [Common 17-55] 'set_property' expects at least one object. [E:/uni/SED/Trabajo-VHDL/RGB_PWM_Ctrol/RGB_PWM_Ctrol.srcs/constrs_1/imports/Downloads/Nexys-A7-100T-Master.xdc:68]
Resolution: If [get_<value>] was used to populate the object, check to make sure this command returns at least one valid object.
WARNING: [Vivado 12-584] No ports matched 'an[0]'. [E:/uni/SED/Trabajo-VHDL/RGB_PWM_Ctrol/RGB_PWM_Ctrol.srcs/constrs_1/imports/Downloads/Nexys-A7-100T-Master.xdc:70]
CRITICAL WARNING: [Common 17-55] 'set_property' expects at least one object. [E:/uni/SED/Trabajo-VHDL/RGB_PWM_Ctrol/RGB_PWM_Ctrol.srcs/constrs_1/imports/Downloads/Nexys-A7-100T-Master.xdc:70]
Resolution: If [get_<value>] was used to populate the object, check to make sure this command returns at least one valid object.
WARNING: [Vivado 12-584] No ports matched 'an[1]'. [E:/uni/SED/Trabajo-VHDL/RGB_PWM_Ctrol/RGB_PWM_Ctrol.srcs/constrs_1/imports/Downloads/Nexys-A7-100T-Master.xdc:71]
CRITICAL WARNING: [Common 17-55] 'set_property' expects at least one object. [E:/uni/SED/Trabajo-VHDL/RGB_PWM_Ctrol/RGB_PWM_Ctrol.srcs/constrs_1/imports/Downloads/Nexys-A7-100T-Master.xdc:71]
Resolution: If [get_<value>] was used to populate the object, check to make sure this command returns at least one valid object.
WARNING: [Vivado 12-584] No ports matched 'an[2]'. [E:/uni/SED/Trabajo-VHDL/RGB_PWM_Ctrol/RGB_PWM_Ctrol.srcs/constrs_1/imports/Downloads/Nexys-A7-100T-Master.xdc:72]
CRITICAL WARNING: [Common 17-55] 'set_property' expects at least one object. [E:/uni/SED/Trabajo-VHDL/RGB_PWM_Ctrol/RGB_PWM_Ctrol.srcs/constrs_1/imports/Downloads/Nexys-A7-100T-Master.xdc:72]
Resolution: If [get_<value>] was used to populate the object, check to make sure this command returns at least one valid object.
WARNING: [Vivado 12-584] No ports matched 'an[3]'. [E:/uni/SED/Trabajo-VHDL/RGB_PWM_Ctrol/RGB_PWM_Ctrol.srcs/constrs_1/imports/Downloads/Nexys-A7-100T-Master.xdc:73]
CRITICAL WARNING: [Common 17-55] 'set_property' expects at least one object. [E:/uni/SED/Trabajo-VHDL/RGB_PWM_Ctrol/RGB_PWM_Ctrol.srcs/constrs_1/imports/Downloads/Nexys-A7-100T-Master.xdc:73]
Resolution: If [get_<value>] was used to populate the object, check to make sure this command returns at least one valid object.
WARNING: [Vivado 12-584] No ports matched 'an[4]'. [E:/uni/SED/Trabajo-VHDL/RGB_PWM_Ctrol/RGB_PWM_Ctrol.srcs/constrs_1/imports/Downloads/Nexys-A7-100T-Master.xdc:74]
CRITICAL WARNING: [Common 17-55] 'set_property' expects at least one object. [E:/uni/SED/Trabajo-VHDL/RGB_PWM_Ctrol/RGB_PWM_Ctrol.srcs/constrs_1/imports/Downloads/Nexys-A7-100T-Master.xdc:74]
Resolution: If [get_<value>] was used to populate the object, check to make sure this command returns at least one valid object.
WARNING: [Vivado 12-584] No ports matched 'an[5]'. [E:/uni/SED/Trabajo-VHDL/RGB_PWM_Ctrol/RGB_PWM_Ctrol.srcs/constrs_1/imports/Downloads/Nexys-A7-100T-Master.xdc:75]
CRITICAL WARNING: [Common 17-55] 'set_property' expects at least one object. [E:/uni/SED/Trabajo-VHDL/RGB_PWM_Ctrol/RGB_PWM_Ctrol.srcs/constrs_1/imports/Downloads/Nexys-A7-100T-Master.xdc:75]
Resolution: If [get_<value>] was used to populate the object, check to make sure this command returns at least one valid object.
WARNING: [Vivado 12-584] No ports matched 'an[6]'. [E:/uni/SED/Trabajo-VHDL/RGB_PWM_Ctrol/RGB_PWM_Ctrol.srcs/constrs_1/imports/Downloads/Nexys-A7-100T-Master.xdc:76]
CRITICAL WARNING: [Common 17-55] 'set_property' expects at least one object. [E:/uni/SED/Trabajo-VHDL/RGB_PWM_Ctrol/RGB_PWM_Ctrol.srcs/constrs_1/imports/Downloads/Nexys-A7-100T-Master.xdc:76]
Resolution: If [get_<value>] was used to populate the object, check to make sure this command returns at least one valid object.
WARNING: [Vivado 12-584] No ports matched 'an[7]'. [E:/uni/SED/Trabajo-VHDL/RGB_PWM_Ctrol/RGB_PWM_Ctrol.srcs/constrs_1/imports/Downloads/Nexys-A7-100T-Master.xdc:77]
CRITICAL WARNING: [Common 17-55] 'set_property' expects at least one object. [E:/uni/SED/Trabajo-VHDL/RGB_PWM_Ctrol/RGB_PWM_Ctrol.srcs/constrs_1/imports/Downloads/Nexys-A7-100T-Master.xdc:77]
Resolution: If [get_<value>] was used to populate the object, check to make sure this command returns at least one valid object.
WARNING: [Vivado 12-584] No ports matched 'button'. [E:/uni/SED/Trabajo-VHDL/RGB_PWM_Ctrol/RGB_PWM_Ctrol.srcs/constrs_1/imports/Downloads/Nexys-A7-100T-Master.xdc:85]
CRITICAL WARNING: [Common 17-55] 'set_property' expects at least one object. [E:/uni/SED/Trabajo-VHDL/RGB_PWM_Ctrol/RGB_PWM_Ctrol.srcs/constrs_1/imports/Downloads/Nexys-A7-100T-Master.xdc:85]
Resolution: If [get_<value>] was used to populate the object, check to make sure this command returns at least one valid object.
WARNING: [Vivado 12-584] No ports matched 'RST'. [E:/uni/SED/Trabajo-VHDL/RGB_PWM_Ctrol/RGB_PWM_Ctrol.srcs/constrs_1/imports/Downloads/Nexys-A7-100T-Master.xdc:88]
CRITICAL WARNING: [Common 17-55] 'set_property' expects at least one object. [E:/uni/SED/Trabajo-VHDL/RGB_PWM_Ctrol/RGB_PWM_Ctrol.srcs/constrs_1/imports/Downloads/Nexys-A7-100T-Master.xdc:88]
Resolution: If [get_<value>] was used to populate the object, check to make sure this command returns at least one valid object.
WARNING: [Vivado 12-584] No ports matched 'vauxn3'. [E:/uni/SED/Trabajo-VHDL/RGB_PWM_Ctrol/RGB_PWM_Ctrol.srcs/constrs_1/imports/Downloads/Nexys-A7-100T-Master.xdc:144]
CRITICAL WARNING: [Common 17-55] 'set_property' expects at least one object. [E:/uni/SED/Trabajo-VHDL/RGB_PWM_Ctrol/RGB_PWM_Ctrol.srcs/constrs_1/imports/Downloads/Nexys-A7-100T-Master.xdc:144]
Resolution: If [get_<value>] was used to populate the object, check to make sure this command returns at least one valid object.
WARNING: [Vivado 12-584] No ports matched 'vauxp3'. [E:/uni/SED/Trabajo-VHDL/RGB_PWM_Ctrol/RGB_PWM_Ctrol.srcs/constrs_1/imports/Downloads/Nexys-A7-100T-Master.xdc:145]
CRITICAL WARNING: [Common 17-55] 'set_property' expects at least one object. [E:/uni/SED/Trabajo-VHDL/RGB_PWM_Ctrol/RGB_PWM_Ctrol.srcs/constrs_1/imports/Downloads/Nexys-A7-100T-Master.xdc:145]
Resolution: If [get_<value>] was used to populate the object, check to make sure this command returns at least one valid object.
WARNING: [Vivado 12-584] No ports matched 'vauxn10'. [E:/uni/SED/Trabajo-VHDL/RGB_PWM_Ctrol/RGB_PWM_Ctrol.srcs/constrs_1/imports/Downloads/Nexys-A7-100T-Master.xdc:146]
CRITICAL WARNING: [Common 17-55] 'set_property' expects at least one object. [E:/uni/SED/Trabajo-VHDL/RGB_PWM_Ctrol/RGB_PWM_Ctrol.srcs/constrs_1/imports/Downloads/Nexys-A7-100T-Master.xdc:146]
Resolution: If [get_<value>] was used to populate the object, check to make sure this command returns at least one valid object.
WARNING: [Vivado 12-584] No ports matched 'vauxp10'. [E:/uni/SED/Trabajo-VHDL/RGB_PWM_Ctrol/RGB_PWM_Ctrol.srcs/constrs_1/imports/Downloads/Nexys-A7-100T-Master.xdc:147]
CRITICAL WARNING: [Common 17-55] 'set_property' expects at least one object. [E:/uni/SED/Trabajo-VHDL/RGB_PWM_Ctrol/RGB_PWM_Ctrol.srcs/constrs_1/imports/Downloads/Nexys-A7-100T-Master.xdc:147]
Resolution: If [get_<value>] was used to populate the object, check to make sure this command returns at least one valid object.
WARNING: [Vivado 12-584] No ports matched 'vauxn2'. [E:/uni/SED/Trabajo-VHDL/RGB_PWM_Ctrol/RGB_PWM_Ctrol.srcs/constrs_1/imports/Downloads/Nexys-A7-100T-Master.xdc:148]
CRITICAL WARNING: [Common 17-55] 'set_property' expects at least one object. [E:/uni/SED/Trabajo-VHDL/RGB_PWM_Ctrol/RGB_PWM_Ctrol.srcs/constrs_1/imports/Downloads/Nexys-A7-100T-Master.xdc:148]
Resolution: If [get_<value>] was used to populate the object, check to make sure this command returns at least one valid object.
WARNING: [Vivado 12-584] No ports matched 'vauxp2'. [E:/uni/SED/Trabajo-VHDL/RGB_PWM_Ctrol/RGB_PWM_Ctrol.srcs/constrs_1/imports/Downloads/Nexys-A7-100T-Master.xdc:149]
CRITICAL WARNING: [Common 17-55] 'set_property' expects at least one object. [E:/uni/SED/Trabajo-VHDL/RGB_PWM_Ctrol/RGB_PWM_Ctrol.srcs/constrs_1/imports/Downloads/Nexys-A7-100T-Master.xdc:149]
Resolution: If [get_<value>] was used to populate the object, check to make sure this command returns at least one valid object.
WARNING: [Vivado 12-584] No ports matched 'vauxn11'. [E:/uni/SED/Trabajo-VHDL/RGB_PWM_Ctrol/RGB_PWM_Ctrol.srcs/constrs_1/imports/Downloads/Nexys-A7-100T-Master.xdc:150]
CRITICAL WARNING: [Common 17-55] 'set_property' expects at least one object. [E:/uni/SED/Trabajo-VHDL/RGB_PWM_Ctrol/RGB_PWM_Ctrol.srcs/constrs_1/imports/Downloads/Nexys-A7-100T-Master.xdc:150]
Resolution: If [get_<value>] was used to populate the object, check to make sure this command returns at least one valid object.
WARNING: [Vivado 12-584] No ports matched 'vauxp11'. [E:/uni/SED/Trabajo-VHDL/RGB_PWM_Ctrol/RGB_PWM_Ctrol.srcs/constrs_1/imports/Downloads/Nexys-A7-100T-Master.xdc:151]
CRITICAL WARNING: [Common 17-55] 'set_property' expects at least one object. [E:/uni/SED/Trabajo-VHDL/RGB_PWM_Ctrol/RGB_PWM_Ctrol.srcs/constrs_1/imports/Downloads/Nexys-A7-100T-Master.xdc:151]
Resolution: If [get_<value>] was used to populate the object, check to make sure this command returns at least one valid object.
Finished Parsing XDC File [E:/uni/SED/Trabajo-VHDL/RGB_PWM_Ctrol/RGB_PWM_Ctrol.srcs/constrs_1/imports/Downloads/Nexys-A7-100T-Master.xdc]
INFO: [Opt 31-138] Pushed 0 inverter(s) to 0 load pin(s).
Netlist sorting complete. Time (s): cpu = 00:00:00 ; elapsed = 00:00:00 . Memory (MB): peak = 3793.418 ; gain = 0.000
INFO: [Project 1-111] Unisim Transformation Summary:
No Unisim elements were transformed.

