Copyright 1986-2022 Xilinx, Inc. All Rights Reserved. Copyright 2022-2025 Advanced Micro Devices, Inc. All Rights Reserved.
------------------------------------------------------------------------------------------------------------------------------------------------------------------------------------------------------------------------------------------
| Tool Version : Vivado v.2025.1 (win64) Build 6140274 Thu May 22 00:12:29 MDT 2025
| Date         : Tue Dec 16 18:05:52 2025
| Host         : DESKTOP-H3I785D running 64-bit major release  (build 9200)
| Command      : report_timing_summary -max_paths 10 -routable_nets -report_unconstrained -file FSM_Master_timing_summary_routed.rpt -pb FSM_Master_timing_summary_routed.pb -rpx FSM_Master_timing_summary_routed.rpx -warn_on_violation
| Design       : FSM_Master
| Device       : 7a100t-csg324
| Speed File   : -1  PRODUCTION 1.23 2018-06-13
| Design State : Routed
------------------------------------------------------------------------------------------------------------------------------------------------------------------------------------------------------------------------------------------

Timing Summary Report

------------------------------------------------------------------------------------------------
| Timer Settings
| --------------
------------------------------------------------------------------------------------------------

  Enable Multi Corner Analysis               :  Yes
  Enable Pessimism Removal                   :  Yes
  Pessimism Removal Resolution               :  Nearest Common Node
  Enable Input Delay Default Clock           :  No
  Enable Preset / Clear Arcs                 :  No
  Disable Flight Delays                      :  No
  Ignore I/O Paths                           :  No
  Timing Early Launch at Borrowing Latches   :  No
  Borrow Time for Max Delay Exceptions       :  Yes
  Merge Timing Exceptions                    :  Yes
  Inter-SLR Compensation                     :  Conservative

  Corner  Analyze    Analyze    
  Name    Max Paths  Min Paths  
  ------  ---------  ---------  
  Slow    Yes        Yes        
  Fast    Yes        Yes        


------------------------------------------------------------------------------------------------
| Report Methodology
| ------------------
------------------------------------------------------------------------------------------------

Rule       Severity  Description                    Violations  
---------  --------  -----------------------------  ----------  
TIMING-18  Warning   Missing input or output delay  35          

Note: This report is based on the most recent report_methodology run and may not be up-to-date. Run report_methodology on the current design for the latest report.



check_timing report

Table of Contents
-----------------
1. checking no_clock (0)
2. checking constant_clock (0)
3. checking pulse_width_clock (0)
4. checking unconstrained_internal_endpoints (0)
5. checking no_input_delay (9)
6. checking no_output_delay (26)
7. checking multiple_clock (0)
8. checking generated_clocks (0)
9. checking loops (0)
10. checking partial_input_delay (0)
11. checking partial_output_delay (0)
12. checking latch_loops (0)

1. checking no_clock (0)
------------------------
 There are 0 register/latch pins with no clock.


2. checking constant_clock (0)
------------------------------
 There are 0 register/latch pins with constant_clock.


3. checking pulse_width_clock (0)
---------------------------------
 There are 0 register/latch pins which need pulse_width check


4. checking unconstrained_internal_endpoints (0)
------------------------------------------------
 There are 0 pins that are not constrained for maximum delay.

 There are 0 pins that are not constrained for maximum delay due to constant clock.


5. checking no_input_delay (9)
------------------------------
 There are 9 input ports with no input delay specified. (HIGH)

 There are 0 input ports with no input delay but user has a false path constraint.


6. checking no_output_delay (26)
--------------------------------
 There are 26 ports with no output delay specified. (HIGH)

 There are 0 ports with no output delay but user has a false path constraint

 There are 0 ports with no output delay but with a timing clock defined on it or propagating through it


7. checking multiple_clock (0)
------------------------------
 There are 0 register/latch pins with multiple clocks.


8. checking generated_clocks (0)
--------------------------------
 There are 0 generated clocks that are not connected to a clock source.


9. checking loops (0)
---------------------
 There are 0 combinational loops in the design.


10. checking partial_input_delay (0)
------------------------------------
 There are 0 input ports with partial input delay specified.


11. checking partial_output_delay (0)
-------------------------------------
 There are 0 ports with partial output delay specified.


12. checking latch_loops (0)
----------------------------
 There are 0 combinational latch loops in the design through latch input



------------------------------------------------------------------------------------------------
| Design Timing Summary
| ---------------------
------------------------------------------------------------------------------------------------

    WNS(ns)      TNS(ns)  TNS Failing Endpoints  TNS Total Endpoints      WHS(ns)      THS(ns)  THS Failing Endpoints  THS Total Endpoints     WPWS(ns)     TPWS(ns)  TPWS Failing Endpoints  TPWS Total Endpoints  
    -------      -------  ---------------------  -------------------      -------      -------  ---------------------  -------------------     --------     --------  ----------------------  --------------------  
      6.328        0.000                      0                   56        0.242        0.000                      0                   56        4.500        0.000                       0                    29  


All user specified timing constraints are met.


------------------------------------------------------------------------------------------------
| Clock Summary
| -------------
------------------------------------------------------------------------------------------------

Clock        Waveform(ns)       Period(ns)      Frequency(MHz)
-----        ------------       ----------      --------------
sys_clk_pin  {0.000 5.000}      10.000          100.000         


------------------------------------------------------------------------------------------------
| Intra Clock Table
| -----------------
------------------------------------------------------------------------------------------------

Clock             WNS(ns)      TNS(ns)  TNS Failing Endpoints  TNS Total Endpoints      WHS(ns)      THS(ns)  THS Failing Endpoints  THS Total Endpoints     WPWS(ns)     TPWS(ns)  TPWS Failing Endpoints  TPWS Total Endpoints  
-----             -------      -------  ---------------------  -------------------      -------      -------  ---------------------  -------------------     --------     --------  ----------------------  --------------------  
sys_clk_pin         6.328        0.000                      0                   56        0.242        0.000                      0                   56        4.500        0.000                       0                    29  


------------------------------------------------------------------------------------------------
| Inter Clock Table
| -----------------
------------------------------------------------------------------------------------------------

From Clock    To Clock          WNS(ns)      TNS(ns)  TNS Failing Endpoints  TNS Total Endpoints      WHS(ns)      THS(ns)  THS Failing Endpoints  THS Total Endpoints  
----------    --------          -------      -------  ---------------------  -------------------      -------      -------  ---------------------  -------------------  


------------------------------------------------------------------------------------------------
| Other Path Groups Table
| -----------------------
------------------------------------------------------------------------------------------------

Path Group    From Clock    To Clock          WNS(ns)      TNS(ns)  TNS Failing Endpoints  TNS Total Endpoints      WHS(ns)      THS(ns)  THS Failing Endpoints  THS Total Endpoints  
----------    ----------    --------          -------      -------  ---------------------  -------------------      -------      -------  ---------------------  -------------------  


------------------------------------------------------------------------------------------------
| User Ignored Path Table
| -----------------------
------------------------------------------------------------------------------------------------

Path Group    From Clock    To Clock    
----------    ----------    --------    


------------------------------------------------------------------------------------------------
| Unconstrained Path Table
| ------------------------
------------------------------------------------------------------------------------------------

Path Group    From Clock    To Clock    
----------    ----------    --------    
(none)        sys_clk_pin                 
(none)                      sys_clk_pin   


------------------------------------------------------------------------------------------------
| Timing Details
| --------------
------------------------------------------------------------------------------------------------


---------------------------------------------------------------------------------------------------
From Clock:  sys_clk_pin
  To Clock:  sys_clk_pin

Setup :            0  Failing Endpoints,  Worst Slack        6.328ns,  Total Violation        0.000ns
Hold  :            0  Failing Endpoints,  Worst Slack        0.242ns,  Total Violation        0.000ns
PW    :            0  Failing Endpoints,  Worst Slack        4.500ns,  Total Violation        0.000ns
---------------------------------------------------------------------------------------------------


Max Delay Paths
--------------------------------------------------------------------------------------
Slack (MET) :             6.328ns  (required time - arrival time)
  Source:                 r_reg_reg[0]/C
                            (rising edge-triggered cell FDCE clocked by sys_clk_pin  {rise@0.000ns fall@5.000ns period=10.000ns})
  Destination:            r_reg_reg[0]/CE
                            (rising edge-triggered cell FDCE clocked by sys_clk_pin  {rise@0.000ns fall@5.000ns period=10.000ns})
  Path Group:             sys_clk_pin
  Path Type:              Setup (Max at Slow Process Corner)
  Requirement:            10.000ns  (sys_clk_pin rise@10.000ns - sys_clk_pin rise@0.000ns)
  Data Path Delay:        3.432ns  (logic 0.934ns (27.218%)  route 2.498ns (72.782%))
  Logic Levels:           2  (LUT4=1 LUT6=1)
  Clock Path Skew:        0.000ns (DCD - SCD + CPR)
    Destination Clock Delay (DCD):    5.024ns = ( 15.024 - 10.000 ) 
    Source Clock Delay      (SCD):    5.323ns
    Clock Pessimism Removal (CPR):    0.299ns
  Clock Uncertainty:      0.035ns  ((TSJ^2 + TIJ^2)^1/2 + DJ) / 2 + PE
    Total System Jitter     (TSJ):    0.071ns
    Total Input Jitter      (TIJ):    0.000ns
    Discrete Jitter          (DJ):    0.000ns
    Phase Error              (PE):    0.000ns

    Location             Delay type                Incr(ns)  Path(ns)    Netlist Resource(s)
  -------------------------------------------------------------------    -------------------
                         (clock sys_clk_pin rise edge)
                                                      0.000     0.000 r  
    E3                                                0.000     0.000 r  CLK (IN)
                         net (fo=0)                   0.000     0.000    CLK
    E3                   IBUF (Prop_ibuf_I_O)         1.482     1.482 r  CLK_IBUF_inst/O
                         net (fo=1, routed)           2.025     3.506    CLK_IBUF
    BUFGCTRL_X0Y16       BUFG (Prop_bufg_I_O)         0.096     3.602 r  CLK_IBUF_BUFG_inst/O
                         net (fo=28, routed)          1.720     5.323    CLK_IBUF_BUFG
    SLICE_X89Y69         FDCE                                         r  r_reg_reg[0]/C
  -------------------------------------------------------------------    -------------------
    SLICE_X89Y69         FDCE (Prop_fdce_C_Q)         0.456     5.779 r  r_reg_reg[0]/Q
                         net (fo=4, routed)           1.623     7.402    RED_VAL_OBUF[0]
    SLICE_X89Y69         LUT4 (Prop_lut4_I2_O)        0.152     7.554 r  r_reg[7]_i_4/O
                         net (fo=1, routed)           0.154     7.708    r_reg[7]_i_4_n_0
    SLICE_X89Y69         LUT6 (Prop_lut6_I2_O)        0.326     8.034 r  r_reg[7]_i_1/O
                         net (fo=8, routed)           0.720     8.754    r_reg
    SLICE_X89Y69         FDCE                                         r  r_reg_reg[0]/CE
  -------------------------------------------------------------------    -------------------

                         (clock sys_clk_pin rise edge)
                                                     10.000    10.000 r  
    E3                                                0.000    10.000 r  CLK (IN)
                         net (fo=0)                   0.000    10.000    CLK
    E3                   IBUF (Prop_ibuf_I_O)         1.411    11.411 r  CLK_IBUF_inst/O
                         net (fo=1, routed)           1.920    13.331    CLK_IBUF
    BUFGCTRL_X0Y16       BUFG (Prop_bufg_I_O)         0.091    13.422 r  CLK_IBUF_BUFG_inst/O
                         net (fo=28, routed)          1.601    15.024    CLK_IBUF_BUFG
    SLICE_X89Y69         FDCE                                         r  r_reg_reg[0]/C
                         clock pessimism              0.299    15.323    
                         clock uncertainty           -0.035    15.287    
    SLICE_X89Y69         FDCE (Setup_fdce_C_CE)      -0.205    15.082    r_reg_reg[0]
  -------------------------------------------------------------------
                         required time                         15.082    
                         arrival time                          -8.754    
  -------------------------------------------------------------------
                         slack                                  6.328    

Slack (MET) :             6.374ns  (required time - arrival time)
  Source:                 g_reg_reg[0]/C
                            (rising edge-triggered cell FDCE clocked by sys_clk_pin  {rise@0.000ns fall@5.000ns period=10.000ns})
  Destination:            g_reg_reg[0]/CE
                            (rising edge-triggered cell FDCE clocked by sys_clk_pin  {rise@0.000ns fall@5.000ns period=10.000ns})
  Path Group:             sys_clk_pin
  Path Type:              Setup (Max at Slow Process Corner)
  Requirement:            10.000ns  (sys_clk_pin rise@10.000ns - sys_clk_pin rise@0.000ns)
  Data Path Delay:        3.422ns  (logic 0.994ns (29.048%)  route 2.428ns (70.952%))
  Logic Levels:           2  (LUT4=1 LUT6=1)
  Clock Path Skew:        0.000ns (DCD - SCD + CPR)
    Destination Clock Delay (DCD):    5.032ns = ( 15.032 - 10.000 ) 
    Source Clock Delay      (SCD):    5.332ns
    Clock Pessimism Removal (CPR):    0.300ns
  Clock Uncertainty:      0.035ns  ((TSJ^2 + TIJ^2)^1/2 + DJ) / 2 + PE
    Total System Jitter     (TSJ):    0.071ns
    Total Input Jitter      (TIJ):    0.000ns
    Discrete Jitter          (DJ):    0.000ns
    Phase Error              (PE):    0.000ns

    Location             Delay type                Incr(ns)  Path(ns)    Netlist Resource(s)
  -------------------------------------------------------------------    -------------------
                         (clock sys_clk_pin rise edge)
                                                      0.000     0.000 r  
    E3                                                0.000     0.000 r  CLK (IN)
                         net (fo=0)                   0.000     0.000    CLK
    E3                   IBUF (Prop_ibuf_I_O)         1.482     1.482 r  CLK_IBUF_inst/O
                         net (fo=1, routed)           2.025     3.506    CLK_IBUF
    BUFGCTRL_X0Y16       BUFG (Prop_bufg_I_O)         0.096     3.602 r  CLK_IBUF_BUFG_inst/O
                         net (fo=28, routed)          1.729     5.332    CLK_IBUF_BUFG
    SLICE_X88Y61         FDCE                                         r  g_reg_reg[0]/C
  -------------------------------------------------------------------    -------------------
    SLICE_X88Y61         FDCE (Prop_fdce_C_Q)         0.518     5.850 r  g_reg_reg[0]/Q
                         net (fo=4, routed)           1.583     7.433    GREEN_VAL_OBUF[0]
    SLICE_X88Y61         LUT4 (Prop_lut4_I2_O)        0.148     7.581 r  g_reg[7]_i_4/O
                         net (fo=1, routed)           0.165     7.746    g_reg[7]_i_4_n_0
    SLICE_X88Y61         LUT6 (Prop_lut6_I2_O)        0.328     8.074 r  g_reg[7]_i_1/O
                         net (fo=8, routed)           0.679     8.754    g_reg
    SLICE_X88Y61         FDCE                                         r  g_reg_reg[0]/CE
  -------------------------------------------------------------------    -------------------

                         (clock sys_clk_pin rise edge)
                                                     10.000    10.000 r  
    E3                                                0.000    10.000 r  CLK (IN)
                         net (fo=0)                   0.000    10.000    CLK
    E3                   IBUF (Prop_ibuf_I_O)         1.411    11.411 r  CLK_IBUF_inst/O
                         net (fo=1, routed)           1.920    13.331    CLK_IBUF
    BUFGCTRL_X0Y16       BUFG (Prop_bufg_I_O)         0.091    13.422 r  CLK_IBUF_BUFG_inst/O
                         net (fo=28, routed)          1.609    15.032    CLK_IBUF_BUFG
    SLICE_X88Y61         FDCE                                         r  g_reg_reg[0]/C
                         clock pessimism              0.300    15.332    
                         clock uncertainty           -0.035    15.296    
    SLICE_X88Y61         FDCE (Setup_fdce_C_CE)      -0.169    15.127    g_reg_reg[0]
  -------------------------------------------------------------------
                         required time                         15.127    
                         arrival time                          -8.754    
  -------------------------------------------------------------------
                         slack                                  6.374    

Slack (MET) :             6.520ns  (required time - arrival time)
  Source:                 r_reg_reg[0]/C
                            (rising edge-triggered cell FDCE clocked by sys_clk_pin  {rise@0.000ns fall@5.000ns period=10.000ns})
  Destination:            r_reg_reg[1]/CE
                            (rising edge-triggered cell FDCE clocked by sys_clk_pin  {rise@0.000ns fall@5.000ns period=10.000ns})
  Path Group:             sys_clk_pin
  Path Type:              Setup (Max at Slow Process Corner)
  Requirement:            10.000ns  (sys_clk_pin rise@10.000ns - sys_clk_pin rise@0.000ns)
  Data Path Delay:        3.252ns  (logic 0.934ns (28.718%)  route 2.318ns (71.282%))
  Logic Levels:           2  (LUT4=1 LUT6=1)
  Clock Path Skew:        -0.023ns (DCD - SCD + CPR)
    Destination Clock Delay (DCD):    5.025ns = ( 15.025 - 10.000 ) 
    Source Clock Delay      (SCD):    5.323ns
    Clock Pessimism Removal (CPR):    0.275ns
  Clock Uncertainty:      0.035ns  ((TSJ^2 + TIJ^2)^1/2 + DJ) / 2 + PE
    Total System Jitter     (TSJ):    0.071ns
    Total Input Jitter      (TIJ):    0.000ns
    Discrete Jitter          (DJ):    0.000ns
    Phase Error              (PE):    0.000ns

    Location             Delay type                Incr(ns)  Path(ns)    Netlist Resource(s)
  -------------------------------------------------------------------    -------------------
                         (clock sys_clk_pin rise edge)
                                                      0.000     0.000 r  
    E3                                                0.000     0.000 r  CLK (IN)
                         net (fo=0)                   0.000     0.000    CLK
    E3                   IBUF (Prop_ibuf_I_O)         1.482     1.482 r  CLK_IBUF_inst/O
                         net (fo=1, routed)           2.025     3.506    CLK_IBUF
    BUFGCTRL_X0Y16       BUFG (Prop_bufg_I_O)         0.096     3.602 r  CLK_IBUF_BUFG_inst/O
                         net (fo=28, routed)          1.720     5.323    CLK_IBUF_BUFG
    SLICE_X89Y69         FDCE                                         r  r_reg_reg[0]/C
  -------------------------------------------------------------------    -------------------
    SLICE_X89Y69         FDCE (Prop_fdce_C_Q)         0.456     5.779 r  r_reg_reg[0]/Q
                         net (fo=4, routed)           1.623     7.402    RED_VAL_OBUF[0]
    SLICE_X89Y69         LUT4 (Prop_lut4_I2_O)        0.152     7.554 r  r_reg[7]_i_4/O
                         net (fo=1, routed)           0.154     7.708    r_reg[7]_i_4_n_0
    SLICE_X89Y69         LUT6 (Prop_lut6_I2_O)        0.326     8.034 r  r_reg[7]_i_1/O
                         net (fo=8, routed)           0.541     8.575    r_reg
    SLICE_X88Y68         FDCE                                         r  r_reg_reg[1]/CE
  -------------------------------------------------------------------    -------------------

                         (clock sys_clk_pin rise edge)
                                                     10.000    10.000 r  
    E3                                                0.000    10.000 r  CLK (IN)
                         net (fo=0)                   0.000    10.000    CLK
    E3                   IBUF (Prop_ibuf_I_O)         1.411    11.411 r  CLK_IBUF_inst/O
                         net (fo=1, routed)           1.920    13.331    CLK_IBUF
    BUFGCTRL_X0Y16       BUFG (Prop_bufg_I_O)         0.091    13.422 r  CLK_IBUF_BUFG_inst/O
                         net (fo=28, routed)          1.602    15.025    CLK_IBUF_BUFG
    SLICE_X88Y68         FDCE                                         r  r_reg_reg[1]/C
                         clock pessimism              0.275    15.300    
                         clock uncertainty           -0.035    15.264    
    SLICE_X88Y68         FDCE (Setup_fdce_C_CE)      -0.169    15.095    r_reg_reg[1]
  -------------------------------------------------------------------
                         required time                         15.095    
                         arrival time                          -8.575    
  -------------------------------------------------------------------
                         slack                                  6.520    

Slack (MET) :             6.520ns  (required time - arrival time)
  Source:                 r_reg_reg[0]/C
                            (rising edge-triggered cell FDCE clocked by sys_clk_pin  {rise@0.000ns fall@5.000ns period=10.000ns})
  Destination:            r_reg_reg[2]/CE
                            (rising edge-triggered cell FDCE clocked by sys_clk_pin  {rise@0.000ns fall@5.000ns period=10.000ns})
  Path Group:             sys_clk_pin
  Path Type:              Setup (Max at Slow Process Corner)
  Requirement:            10.000ns  (sys_clk_pin rise@10.000ns - sys_clk_pin rise@0.000ns)
  Data Path Delay:        3.252ns  (logic 0.934ns (28.718%)  route 2.318ns (71.282%))
  Logic Levels:           2  (LUT4=1 LUT6=1)
  Clock Path Skew:        -0.023ns (DCD - SCD + CPR)
    Destination Clock Delay (DCD):    5.025ns = ( 15.025 - 10.000 ) 
    Source Clock Delay      (SCD):    5.323ns
    Clock Pessimism Removal (CPR):    0.275ns
  Clock Uncertainty:      0.035ns  ((TSJ^2 + TIJ^2)^1/2 + DJ) / 2 + PE
    Total System Jitter     (TSJ):    0.071ns
    Total Input Jitter      (TIJ):    0.000ns
    Discrete Jitter          (DJ):    0.000ns
    Phase Error              (PE):    0.000ns

    Location             Delay type                Incr(ns)  Path(ns)    Netlist Resource(s)
  -------------------------------------------------------------------    -------------------
                         (clock sys_clk_pin rise edge)
                                                      0.000     0.000 r  
    E3                                                0.000     0.000 r  CLK (IN)
                         net (fo=0)                   0.000     0.000    CLK
    E3                   IBUF (Prop_ibuf_I_O)         1.482     1.482 r  CLK_IBUF_inst/O
                         net (fo=1, routed)           2.025     3.506    CLK_IBUF
    BUFGCTRL_X0Y16       BUFG (Prop_bufg_I_O)         0.096     3.602 r  CLK_IBUF_BUFG_inst/O
                         net (fo=28, routed)          1.720     5.323    CLK_IBUF_BUFG
    SLICE_X89Y69         FDCE                                         r  r_reg_reg[0]/C
  -------------------------------------------------------------------    -------------------
    SLICE_X89Y69         FDCE (Prop_fdce_C_Q)         0.456     5.779 r  r_reg_reg[0]/Q
                         net (fo=4, routed)           1.623     7.402    RED_VAL_OBUF[0]
    SLICE_X89Y69         LUT4 (Prop_lut4_I2_O)        0.152     7.554 r  r_reg[7]_i_4/O
                         net (fo=1, routed)           0.154     7.708    r_reg[7]_i_4_n_0
    SLICE_X89Y69         LUT6 (Prop_lut6_I2_O)        0.326     8.034 r  r_reg[7]_i_1/O
                         net (fo=8, routed)           0.541     8.575    r_reg
    SLICE_X88Y68         FDCE                                         r  r_reg_reg[2]/CE
  -------------------------------------------------------------------    -------------------

                         (clock sys_clk_pin rise edge)
                                                     10.000    10.000 r  
    E3                                                0.000    10.000 r  CLK (IN)
                         net (fo=0)                   0.000    10.000    CLK
    E3                   IBUF (Prop_ibuf_I_O)         1.411    11.411 r  CLK_IBUF_inst/O
                         net (fo=1, routed)           1.920    13.331    CLK_IBUF
    BUFGCTRL_X0Y16       BUFG (Prop_bufg_I_O)         0.091    13.422 r  CLK_IBUF_BUFG_inst/O
                         net (fo=28, routed)          1.602    15.025    CLK_IBUF_BUFG
    SLICE_X88Y68         FDCE                                         r  r_reg_reg[2]/C
                         clock pessimism              0.275    15.300    
                         clock uncertainty           -0.035    15.264    
    SLICE_X88Y68         FDCE (Setup_fdce_C_CE)      -0.169    15.095    r_reg_reg[2]
  -------------------------------------------------------------------
                         required time                         15.095    
                         arrival time                          -8.575    
  -------------------------------------------------------------------
                         slack                                  6.520    

Slack (MET) :             6.520ns  (required time - arrival time)
  Source:                 r_reg_reg[0]/C
                            (rising edge-triggered cell FDCE clocked by sys_clk_pin  {rise@0.000ns fall@5.000ns period=10.000ns})
  Destination:            r_reg_reg[3]/CE
                            (rising edge-triggered cell FDCE clocked by sys_clk_pin  {rise@0.000ns fall@5.000ns period=10.000ns})
  Path Group:             sys_clk_pin
  Path Type:              Setup (Max at Slow Process Corner)
  Requirement:            10.000ns  (sys_clk_pin rise@10.000ns - sys_clk_pin rise@0.000ns)
  Data Path Delay:        3.252ns  (logic 0.934ns (28.718%)  route 2.318ns (71.282%))
  Logic Levels:           2  (LUT4=1 LUT6=1)
  Clock Path Skew:        -0.023ns (DCD - SCD + CPR)
    Destination Clock Delay (DCD):    5.025ns = ( 15.025 - 10.000 ) 
    Source Clock Delay      (SCD):    5.323ns
    Clock Pessimism Removal (CPR):    0.275ns
  Clock Uncertainty:      0.035ns  ((TSJ^2 + TIJ^2)^1/2 + DJ) / 2 + PE
    Total System Jitter     (TSJ):    0.071ns
    Total Input Jitter      (TIJ):    0.000ns
    Discrete Jitter          (DJ):    0.000ns
    Phase Error              (PE):    0.000ns

    Location             Delay type                Incr(ns)  Path(ns)    Netlist Resource(s)
  -------------------------------------------------------------------    -------------------
                         (clock sys_clk_pin rise edge)
                                                      0.000     0.000 r  
    E3                                                0.000     0.000 r  CLK (IN)
                         net (fo=0)                   0.000     0.000    CLK
    E3                   IBUF (Prop_ibuf_I_O)         1.482     1.482 r  CLK_IBUF_inst/O
                         net (fo=1, routed)           2.025     3.506    CLK_IBUF
    BUFGCTRL_X0Y16       BUFG (Prop_bufg_I_O)         0.096     3.602 r  CLK_IBUF_BUFG_inst/O
                         net (fo=28, routed)          1.720     5.323    CLK_IBUF_BUFG
    SLICE_X89Y69         FDCE                                         r  r_reg_reg[0]/C
  -------------------------------------------------------------------    -------------------
    SLICE_X89Y69         FDCE (Prop_fdce_C_Q)         0.456     5.779 r  r_reg_reg[0]/Q
                         net (fo=4, routed)           1.623     7.402    RED_VAL_OBUF[0]
    SLICE_X89Y69         LUT4 (Prop_lut4_I2_O)        0.152     7.554 r  r_reg[7]_i_4/O
                         net (fo=1, routed)           0.154     7.708    r_reg[7]_i_4_n_0
    SLICE_X89Y69         LUT6 (Prop_lut6_I2_O)        0.326     8.034 r  r_reg[7]_i_1/O
                         net (fo=8, routed)           0.541     8.575    r_reg
    SLICE_X88Y68         FDCE                                         r  r_reg_reg[3]/CE
  -------------------------------------------------------------------    -------------------

                         (clock sys_clk_pin rise edge)
                                                     10.000    10.000 r  
    E3                                                0.000    10.000 r  CLK (IN)
                         net (fo=0)                   0.000    10.000    CLK
    E3                   IBUF (Prop_ibuf_I_O)         1.411    11.411 r  CLK_IBUF_inst/O
                         net (fo=1, routed)           1.920    13.331    CLK_IBUF
    BUFGCTRL_X0Y16       BUFG (Prop_bufg_I_O)         0.091    13.422 r  CLK_IBUF_BUFG_inst/O
                         net (fo=28, routed)          1.602    15.025    CLK_IBUF_BUFG
    SLICE_X88Y68         FDCE                                         r  r_reg_reg[3]/C
                         clock pessimism              0.275    15.300    
                         clock uncertainty           -0.035    15.264    
    SLICE_X88Y68         FDCE (Setup_fdce_C_CE)      -0.169    15.095    r_reg_reg[3]
  -------------------------------------------------------------------
                         required time                         15.095    
                         arrival time                          -8.575    
  -------------------------------------------------------------------
                         slack                                  6.520    

Slack (MET) :             6.520ns  (required time - arrival time)
  Source:                 r_reg_reg[0]/C
                            (rising edge-triggered cell FDCE clocked by sys_clk_pin  {rise@0.000ns fall@5.000ns period=10.000ns})
  Destination:            r_reg_reg[4]/CE
                            (rising edge-triggered cell FDCE clocked by sys_clk_pin  {rise@0.000ns fall@5.000ns period=10.000ns})
  Path Group:             sys_clk_pin
  Path Type:              Setup (Max at Slow Process Corner)
  Requirement:            10.000ns  (sys_clk_pin rise@10.000ns - sys_clk_pin rise@0.000ns)
  Data Path Delay:        3.252ns  (logic 0.934ns (28.718%)  route 2.318ns (71.282%))
  Logic Levels:           2  (LUT4=1 LUT6=1)
  Clock Path Skew:        -0.023ns (DCD - SCD + CPR)
    Destination Clock Delay (DCD):    5.025ns = ( 15.025 - 10.000 ) 
    Source Clock Delay      (SCD):    5.323ns
    Clock Pessimism Removal (CPR):    0.275ns
  Clock Uncertainty:      0.035ns  ((TSJ^2 + TIJ^2)^1/2 + DJ) / 2 + PE
    Total System Jitter     (TSJ):    0.071ns
    Total Input Jitter      (TIJ):    0.000ns
    Discrete Jitter          (DJ):    0.000ns
    Phase Error              (PE):    0.000ns

    Location             Delay type                Incr(ns)  Path(ns)    Netlist Resource(s)
  -------------------------------------------------------------------    -------------------
                         (clock sys_clk_pin rise edge)
                                                      0.000     0.000 r  
    E3                                                0.000     0.000 r  CLK (IN)
                         net (fo=0)                   0.000     0.000    CLK
    E3                   IBUF (Prop_ibuf_I_O)         1.482     1.482 r  CLK_IBUF_inst/O
                         net (fo=1, routed)           2.025     3.506    CLK_IBUF
    BUFGCTRL_X0Y16       BUFG (Prop_bufg_I_O)         0.096     3.602 r  CLK_IBUF_BUFG_inst/O
                         net (fo=28, routed)          1.720     5.323    CLK_IBUF_BUFG
    SLICE_X89Y69         FDCE                                         r  r_reg_reg[0]/C
  -------------------------------------------------------------------    -------------------
    SLICE_X89Y69         FDCE (Prop_fdce_C_Q)         0.456     5.779 r  r_reg_reg[0]/Q
                         net (fo=4, routed)           1.623     7.402    RED_VAL_OBUF[0]
    SLICE_X89Y69         LUT4 (Prop_lut4_I2_O)        0.152     7.554 r  r_reg[7]_i_4/O
                         net (fo=1, routed)           0.154     7.708    r_reg[7]_i_4_n_0
    SLICE_X89Y69         LUT6 (Prop_lut6_I2_O)        0.326     8.034 r  r_reg[7]_i_1/O
                         net (fo=8, routed)           0.541     8.575    r_reg
    SLICE_X88Y68         FDCE                                         r  r_reg_reg[4]/CE
  -------------------------------------------------------------------    -------------------

                         (clock sys_clk_pin rise edge)
                                                     10.000    10.000 r  
    E3                                                0.000    10.000 r  CLK (IN)
                         net (fo=0)                   0.000    10.000    CLK
    E3                   IBUF (Prop_ibuf_I_O)         1.411    11.411 r  CLK_IBUF_inst/O
                         net (fo=1, routed)           1.920    13.331    CLK_IBUF
    BUFGCTRL_X0Y16       BUFG (Prop_bufg_I_O)         0.091    13.422 r  CLK_IBUF_BUFG_inst/O
                         net (fo=28, routed)          1.602    15.025    CLK_IBUF_BUFG
    SLICE_X88Y68         FDCE                                         r  r_reg_reg[4]/C
                         clock pessimism              0.275    15.300    
                         clock uncertainty           -0.035    15.264    
    SLICE_X88Y68         FDCE (Setup_fdce_C_CE)      -0.169    15.095    r_reg_reg[4]
  -------------------------------------------------------------------
                         required time                         15.095    
                         arrival time                          -8.575    
  -------------------------------------------------------------------
                         slack                                  6.520    

Slack (MET) :             6.531ns  (required time - arrival time)
  Source:                 r_reg_reg[0]/C
                            (rising edge-triggered cell FDCE clocked by sys_clk_pin  {rise@0.000ns fall@5.000ns period=10.000ns})
  Destination:            r_reg_reg[5]/CE
                            (rising edge-triggered cell FDCE clocked by sys_clk_pin  {rise@0.000ns fall@5.000ns period=10.000ns})
  Path Group:             sys_clk_pin
  Path Type:              Setup (Max at Slow Process Corner)
  Requirement:            10.000ns  (sys_clk_pin rise@10.000ns - sys_clk_pin rise@0.000ns)
  Data Path Delay:        3.242ns  (logic 0.934ns (28.807%)  route 2.308ns (71.193%))
  Logic Levels:           2  (LUT4=1 LUT6=1)
  Clock Path Skew:        -0.022ns (DCD - SCD + CPR)
    Destination Clock Delay (DCD):    5.024ns = ( 15.024 - 10.000 ) 
    Source Clock Delay      (SCD):    5.323ns
    Clock Pessimism Removal (CPR):    0.277ns
  Clock Uncertainty:      0.035ns  ((TSJ^2 + TIJ^2)^1/2 + DJ) / 2 + PE
    Total System Jitter     (TSJ):    0.071ns
    Total Input Jitter      (TIJ):    0.000ns
    Discrete Jitter          (DJ):    0.000ns
    Phase Error              (PE):    0.000ns

    Location             Delay type                Incr(ns)  Path(ns)    Netlist Resource(s)
  -------------------------------------------------------------------    -------------------
                         (clock sys_clk_pin rise edge)
                                                      0.000     0.000 r  
    E3                                                0.000     0.000 r  CLK (IN)
                         net (fo=0)                   0.000     0.000    CLK
    E3                   IBUF (Prop_ibuf_I_O)         1.482     1.482 r  CLK_IBUF_inst/O
                         net (fo=1, routed)           2.025     3.506    CLK_IBUF
    BUFGCTRL_X0Y16       BUFG (Prop_bufg_I_O)         0.096     3.602 r  CLK_IBUF_BUFG_inst/O
                         net (fo=28, routed)          1.720     5.323    CLK_IBUF_BUFG
    SLICE_X89Y69         FDCE                                         r  r_reg_reg[0]/C
  -------------------------------------------------------------------    -------------------
    SLICE_X89Y69         FDCE (Prop_fdce_C_Q)         0.456     5.779 r  r_reg_reg[0]/Q
                         net (fo=4, routed)           1.623     7.402    RED_VAL_OBUF[0]
    SLICE_X89Y69         LUT4 (Prop_lut4_I2_O)        0.152     7.554 r  r_reg[7]_i_4/O
                         net (fo=1, routed)           0.154     7.708    r_reg[7]_i_4_n_0
    SLICE_X89Y69         LUT6 (Prop_lut6_I2_O)        0.326     8.034 r  r_reg[7]_i_1/O
                         net (fo=8, routed)           0.531     8.565    r_reg
    SLICE_X88Y69         FDCE                                         r  r_reg_reg[5]/CE
  -------------------------------------------------------------------    -------------------

                         (clock sys_clk_pin rise edge)
                                                     10.000    10.000 r  
    E3                                                0.000    10.000 r  CLK (IN)
                         net (fo=0)                   0.000    10.000    CLK
    E3                   IBUF (Prop_ibuf_I_O)         1.411    11.411 r  CLK_IBUF_inst/O
                         net (fo=1, routed)           1.920    13.331    CLK_IBUF
    BUFGCTRL_X0Y16       BUFG (Prop_bufg_I_O)         0.091    13.422 r  CLK_IBUF_BUFG_inst/O
                         net (fo=28, routed)          1.601    15.024    CLK_IBUF_BUFG
    SLICE_X88Y69         FDCE                                         r  r_reg_reg[5]/C
                         clock pessimism              0.277    15.301    
                         clock uncertainty           -0.035    15.265    
    SLICE_X88Y69         FDCE (Setup_fdce_C_CE)      -0.169    15.096    r_reg_reg[5]
  -------------------------------------------------------------------
                         required time                         15.096    
                         arrival time                          -8.565    
  -------------------------------------------------------------------
                         slack                                  6.531    

Slack (MET) :             6.531ns  (required time - arrival time)
  Source:                 r_reg_reg[0]/C
                            (rising edge-triggered cell FDCE clocked by sys_clk_pin  {rise@0.000ns fall@5.000ns period=10.000ns})
  Destination:            r_reg_reg[6]/CE
                            (rising edge-triggered cell FDCE clocked by sys_clk_pin  {rise@0.000ns fall@5.000ns period=10.000ns})
  Path Group:             sys_clk_pin
  Path Type:              Setup (Max at Slow Process Corner)
  Requirement:            10.000ns  (sys_clk_pin rise@10.000ns - sys_clk_pin rise@0.000ns)
  Data Path Delay:        3.242ns  (logic 0.934ns (28.807%)  route 2.308ns (71.193%))
  Logic Levels:           2  (LUT4=1 LUT6=1)
  Clock Path Skew:        -0.022ns (DCD - SCD + CPR)
    Destination Clock Delay (DCD):    5.024ns = ( 15.024 - 10.000 ) 
    Source Clock Delay      (SCD):    5.323ns
    Clock Pessimism Removal (CPR):    0.277ns
  Clock Uncertainty:      0.035ns  ((TSJ^2 + TIJ^2)^1/2 + DJ) / 2 + PE
    Total System Jitter     (TSJ):    0.071ns
    Total Input Jitter      (TIJ):    0.000ns
    Discrete Jitter          (DJ):    0.000ns
    Phase Error              (PE):    0.000ns

    Location             Delay type                Incr(ns)  Path(ns)    Netlist Resource(s)
  -------------------------------------------------------------------    -------------------
                         (clock sys_clk_pin rise edge)
                                                      0.000     0.000 r  
    E3                                                0.000     0.000 r  CLK (IN)
                         net (fo=0)                   0.000     0.000    CLK
    E3                   IBUF (Prop_ibuf_I_O)         1.482     1.482 r  CLK_IBUF_inst/O
                         net (fo=1, routed)           2.025     3.506    CLK_IBUF
    BUFGCTRL_X0Y16       BUFG (Prop_bufg_I_O)         0.096     3.602 r  CLK_IBUF_BUFG_inst/O
                         net (fo=28, routed)          1.720     5.323    CLK_IBUF_BUFG
    SLICE_X89Y69         FDCE                                         r  r_reg_reg[0]/C
  -------------------------------------------------------------------    -------------------
    SLICE_X89Y69         FDCE (Prop_fdce_C_Q)         0.456     5.779 r  r_reg_reg[0]/Q
                         net (fo=4, routed)           1.623     7.402    RED_VAL_OBUF[0]
    SLICE_X89Y69         LUT4 (Prop_lut4_I2_O)        0.152     7.554 r  r_reg[7]_i_4/O
                         net (fo=1, routed)           0.154     7.708    r_reg[7]_i_4_n_0
    SLICE_X89Y69         LUT6 (Prop_lut6_I2_O)        0.326     8.034 r  r_reg[7]_i_1/O
                         net (fo=8, routed)           0.531     8.565    r_reg
    SLICE_X88Y69         FDCE                                         r  r_reg_reg[6]/CE
  -------------------------------------------------------------------    -------------------

                         (clock sys_clk_pin rise edge)
                                                     10.000    10.000 r  
    E3                                                0.000    10.000 r  CLK (IN)
                         net (fo=0)                   0.000    10.000    CLK
    E3                   IBUF (Prop_ibuf_I_O)         1.411    11.411 r  CLK_IBUF_inst/O
                         net (fo=1, routed)           1.920    13.331    CLK_IBUF
    BUFGCTRL_X0Y16       BUFG (Prop_bufg_I_O)         0.091    13.422 r  CLK_IBUF_BUFG_inst/O
                         net (fo=28, routed)          1.601    15.024    CLK_IBUF_BUFG
    SLICE_X88Y69         FDCE                                         r  r_reg_reg[6]/C
                         clock pessimism              0.277    15.301    
                         clock uncertainty           -0.035    15.265    
    SLICE_X88Y69         FDCE (Setup_fdce_C_CE)      -0.169    15.096    r_reg_reg[6]
  -------------------------------------------------------------------
                         required time                         15.096    
                         arrival time                          -8.565    
  -------------------------------------------------------------------
                         slack                                  6.531    

Slack (MET) :             6.531ns  (required time - arrival time)
  Source:                 r_reg_reg[0]/C
                            (rising edge-triggered cell FDCE clocked by sys_clk_pin  {rise@0.000ns fall@5.000ns period=10.000ns})
  Destination:            r_reg_reg[7]/CE
                            (rising edge-triggered cell FDCE clocked by sys_clk_pin  {rise@0.000ns fall@5.000ns period=10.000ns})
  Path Group:             sys_clk_pin
  Path Type:              Setup (Max at Slow Process Corner)
  Requirement:            10.000ns  (sys_clk_pin rise@10.000ns - sys_clk_pin rise@0.000ns)
  Data Path Delay:        3.242ns  (logic 0.934ns (28.807%)  route 2.308ns (71.193%))
  Logic Levels:           2  (LUT4=1 LUT6=1)
  Clock Path Skew:        -0.022ns (DCD - SCD + CPR)
    Destination Clock Delay (DCD):    5.024ns = ( 15.024 - 10.000 ) 
    Source Clock Delay      (SCD):    5.323ns
    Clock Pessimism Removal (CPR):    0.277ns
  Clock Uncertainty:      0.035ns  ((TSJ^2 + TIJ^2)^1/2 + DJ) / 2 + PE
    Total System Jitter     (TSJ):    0.071ns
    Total Input Jitter      (TIJ):    0.000ns
    Discrete Jitter          (DJ):    0.000ns
    Phase Error              (PE):    0.000ns

    Location             Delay type                Incr(ns)  Path(ns)    Netlist Resource(s)
  -------------------------------------------------------------------    -------------------
                         (clock sys_clk_pin rise edge)
                                                      0.000     0.000 r  
    E3                                                0.000     0.000 r  CLK (IN)
                         net (fo=0)                   0.000     0.000    CLK
    E3                   IBUF (Prop_ibuf_I_O)         1.482     1.482 r  CLK_IBUF_inst/O
                         net (fo=1, routed)           2.025     3.506    CLK_IBUF
    BUFGCTRL_X0Y16       BUFG (Prop_bufg_I_O)         0.096     3.602 r  CLK_IBUF_BUFG_inst/O
                         net (fo=28, routed)          1.720     5.323    CLK_IBUF_BUFG
    SLICE_X89Y69         FDCE                                         r  r_reg_reg[0]/C
  -------------------------------------------------------------------    -------------------
    SLICE_X89Y69         FDCE (Prop_fdce_C_Q)         0.456     5.779 r  r_reg_reg[0]/Q
                         net (fo=4, routed)           1.623     7.402    RED_VAL_OBUF[0]
    SLICE_X89Y69         LUT4 (Prop_lut4_I2_O)        0.152     7.554 r  r_reg[7]_i_4/O
                         net (fo=1, routed)           0.154     7.708    r_reg[7]_i_4_n_0
    SLICE_X89Y69         LUT6 (Prop_lut6_I2_O)        0.326     8.034 r  r_reg[7]_i_1/O
                         net (fo=8, routed)           0.531     8.565    r_reg
    SLICE_X88Y69         FDCE                                         r  r_reg_reg[7]/CE
  -------------------------------------------------------------------    -------------------

                         (clock sys_clk_pin rise edge)
                                                     10.000    10.000 r  
    E3                                                0.000    10.000 r  CLK (IN)
                         net (fo=0)                   0.000    10.000    CLK
    E3                   IBUF (Prop_ibuf_I_O)         1.411    11.411 r  CLK_IBUF_inst/O
                         net (fo=1, routed)           1.920    13.331    CLK_IBUF
    BUFGCTRL_X0Y16       BUFG (Prop_bufg_I_O)         0.091    13.422 r  CLK_IBUF_BUFG_inst/O
                         net (fo=28, routed)          1.601    15.024    CLK_IBUF_BUFG
    SLICE_X88Y69         FDCE                                         r  r_reg_reg[7]/C
                         clock pessimism              0.277    15.301    
                         clock uncertainty           -0.035    15.265    
    SLICE_X88Y69         FDCE (Setup_fdce_C_CE)      -0.169    15.096    r_reg_reg[7]
  -------------------------------------------------------------------
                         required time                         15.096    
                         arrival time                          -8.565    
  -------------------------------------------------------------------
                         slack                                  6.531    

Slack (MET) :             6.638ns  (required time - arrival time)
  Source:                 g_reg_reg[0]/C
                            (rising edge-triggered cell FDCE clocked by sys_clk_pin  {rise@0.000ns fall@5.000ns period=10.000ns})
  Destination:            g_reg_reg[1]/CE
                            (rising edge-triggered cell FDCE clocked by sys_clk_pin  {rise@0.000ns fall@5.000ns period=10.000ns})
  Path Group:             sys_clk_pin
  Path Type:              Setup (Max at Slow Process Corner)
  Requirement:            10.000ns  (sys_clk_pin rise@10.000ns - sys_clk_pin rise@0.000ns)
  Data Path Delay:        3.097ns  (logic 0.994ns (32.092%)  route 2.103ns (67.908%))
  Logic Levels:           2  (LUT4=1 LUT6=1)
  Clock Path Skew:        -0.024ns (DCD - SCD + CPR)
    Destination Clock Delay (DCD):    5.033ns = ( 15.033 - 10.000 ) 
    Source Clock Delay      (SCD):    5.332ns
    Clock Pessimism Removal (CPR):    0.275ns
  Clock Uncertainty:      0.035ns  ((TSJ^2 + TIJ^2)^1/2 + DJ) / 2 + PE
    Total System Jitter     (TSJ):    0.071ns
    Total Input Jitter      (TIJ):    0.000ns
    Discrete Jitter          (DJ):    0.000ns
    Phase Error              (PE):    0.000ns

    Location             Delay type                Incr(ns)  Path(ns)    Netlist Resource(s)
  -------------------------------------------------------------------    -------------------
                         (clock sys_clk_pin rise edge)
                                                      0.000     0.000 r  
    E3                                                0.000     0.000 r  CLK (IN)
                         net (fo=0)                   0.000     0.000    CLK
    E3                   IBUF (Prop_ibuf_I_O)         1.482     1.482 r  CLK_IBUF_inst/O
                         net (fo=1, routed)           2.025     3.506    CLK_IBUF
    BUFGCTRL_X0Y16       BUFG (Prop_bufg_I_O)         0.096     3.602 r  CLK_IBUF_BUFG_inst/O
                         net (fo=28, routed)          1.729     5.332    CLK_IBUF_BUFG
    SLICE_X88Y61         FDCE                                         r  g_reg_reg[0]/C
  -------------------------------------------------------------------    -------------------
    SLICE_X88Y61         FDCE (Prop_fdce_C_Q)         0.518     5.850 r  g_reg_reg[0]/Q
                         net (fo=4, routed)           1.583     7.433    GREEN_VAL_OBUF[0]
    SLICE_X88Y61         LUT4 (Prop_lut4_I2_O)        0.148     7.581 r  g_reg[7]_i_4/O
                         net (fo=1, routed)           0.165     7.746    g_reg[7]_i_4_n_0
    SLICE_X88Y61         LUT6 (Prop_lut6_I2_O)        0.328     8.074 r  g_reg[7]_i_1/O
                         net (fo=8, routed)           0.355     8.429    g_reg
    SLICE_X89Y60         FDCE                                         r  g_reg_reg[1]/CE
  -------------------------------------------------------------------    -------------------

                         (clock sys_clk_pin rise edge)
                                                     10.000    10.000 r  
    E3                                                0.000    10.000 r  CLK (IN)
                         net (fo=0)                   0.000    10.000    CLK
    E3                   IBUF (Prop_ibuf_I_O)         1.411    11.411 r  CLK_IBUF_inst/O
                         net (fo=1, routed)           1.920    13.331    CLK_IBUF
    BUFGCTRL_X0Y16       BUFG (Prop_bufg_I_O)         0.091    13.422 r  CLK_IBUF_BUFG_inst/O
                         net (fo=28, routed)          1.610    15.033    CLK_IBUF_BUFG
    SLICE_X89Y60         FDCE                                         r  g_reg_reg[1]/C
                         clock pessimism              0.275    15.308    
                         clock uncertainty           -0.035    15.272    
    SLICE_X89Y60         FDCE (Setup_fdce_C_CE)      -0.205    15.067    g_reg_reg[1]
  -------------------------------------------------------------------
                         required time                         15.067    
                         arrival time                          -8.429    
  -------------------------------------------------------------------
                         slack                                  6.638    





Min Delay Paths
--------------------------------------------------------------------------------------
Slack (MET) :             0.242ns  (arrival time - required time)
  Source:                 FSM_onehot_current_state_reg[3]/C
                            (rising edge-triggered cell FDCE clocked by sys_clk_pin  {rise@0.000ns fall@5.000ns period=10.000ns})
  Destination:            FSM_onehot_current_state_reg[1]/D
                            (rising edge-triggered cell FDCE clocked by sys_clk_pin  {rise@0.000ns fall@5.000ns period=10.000ns})
  Path Group:             sys_clk_pin
  Path Type:              Hold (Min at Fast Process Corner)
  Requirement:            0.000ns  (sys_clk_pin rise@0.000ns - sys_clk_pin rise@0.000ns)
  Data Path Delay:        0.374ns  (logic 0.209ns (55.836%)  route 0.165ns (44.164%))
  Logic Levels:           1  (LUT4=1)
  Clock Path Skew:        0.011ns (DCD - SCD - CPR)
    Destination Clock Delay (DCD):    2.029ns
    Source Clock Delay      (SCD):    1.516ns
    Clock Pessimism Removal (CPR):    0.501ns

    Location             Delay type                Incr(ns)  Path(ns)    Netlist Resource(s)
  -------------------------------------------------------------------    -------------------
                         (clock sys_clk_pin rise edge)
                                                      0.000     0.000 r  
    E3                                                0.000     0.000 r  CLK (IN)
                         net (fo=0)                   0.000     0.000    CLK
    E3                   IBUF (Prop_ibuf_I_O)         0.250     0.250 r  CLK_IBUF_inst/O
                         net (fo=1, routed)           0.644     0.894    CLK_IBUF
    BUFGCTRL_X0Y16       BUFG (Prop_bufg_I_O)         0.026     0.920 r  CLK_IBUF_BUFG_inst/O
                         net (fo=28, routed)          0.597     1.516    CLK_IBUF_BUFG
    SLICE_X88Y77         FDCE                                         r  FSM_onehot_current_state_reg[3]/C
  -------------------------------------------------------------------    -------------------
    SLICE_X88Y77         FDCE (Prop_fdce_C_Q)         0.164     1.680 r  FSM_onehot_current_state_reg[3]/Q
                         net (fo=3, routed)           0.165     1.846    FSM_onehot_current_state_reg_n_0_[3]
    SLICE_X88Y76         LUT4 (Prop_lut4_I3_O)        0.045     1.891 r  FSM_onehot_current_state[1]_i_1/O
                         net (fo=1, routed)           0.000     1.891    FSM_onehot_current_state[1]_i_1_n_0
    SLICE_X88Y76         FDCE                                         r  FSM_onehot_current_state_reg[1]/D
  -------------------------------------------------------------------    -------------------

                         (clock sys_clk_pin rise edge)
                                                      0.000     0.000 r  
    E3                                                0.000     0.000 r  CLK (IN)
                         net (fo=0)                   0.000     0.000    CLK
    E3                   IBUF (Prop_ibuf_I_O)         0.438     0.438 r  CLK_IBUF_inst/O
                         net (fo=1, routed)           0.699     1.136    CLK_IBUF
    BUFGCTRL_X0Y16       BUFG (Prop_bufg_I_O)         0.029     1.165 r  CLK_IBUF_BUFG_inst/O
                         net (fo=28, routed)          0.864     2.029    CLK_IBUF_BUFG
    SLICE_X88Y76         FDCE                                         r  FSM_onehot_current_state_reg[1]/C
                         clock pessimism             -0.501     1.527    
    SLICE_X88Y76         FDCE (Hold_fdce_C_D)         0.121     1.648    FSM_onehot_current_state_reg[1]
  -------------------------------------------------------------------
                         required time                         -1.648    
                         arrival time                           1.891    
  -------------------------------------------------------------------
                         slack                                  0.242    

Slack (MET) :             0.249ns  (arrival time - required time)
  Source:                 b_reg_reg[0]/C
                            (rising edge-triggered cell FDCE clocked by sys_clk_pin  {rise@0.000ns fall@5.000ns period=10.000ns})
  Destination:            b_reg_reg[0]/D
                            (rising edge-triggered cell FDCE clocked by sys_clk_pin  {rise@0.000ns fall@5.000ns period=10.000ns})
  Path Group:             sys_clk_pin
  Path Type:              Hold (Min at Fast Process Corner)
  Requirement:            0.000ns  (sys_clk_pin rise@0.000ns - sys_clk_pin rise@0.000ns)
  Data Path Delay:        0.382ns  (logic 0.207ns (54.155%)  route 0.175ns (45.845%))
  Logic Levels:           1  (LUT1=1)
  Clock Path Skew:        0.000ns (DCD - SCD - CPR)
    Destination Clock Delay (DCD):    2.044ns
    Source Clock Delay      (SCD):    1.526ns
    Clock Pessimism Removal (CPR):    0.517ns

    Location             Delay type                Incr(ns)  Path(ns)    Netlist Resource(s)
  -------------------------------------------------------------------    -------------------
                         (clock sys_clk_pin rise edge)
                                                      0.000     0.000 r  
    E3                                                0.000     0.000 r  CLK (IN)
                         net (fo=0)                   0.000     0.000    CLK
    E3                   IBUF (Prop_ibuf_I_O)         0.250     0.250 r  CLK_IBUF_inst/O
                         net (fo=1, routed)           0.644     0.894    CLK_IBUF
    BUFGCTRL_X0Y16       BUFG (Prop_bufg_I_O)         0.026     0.920 r  CLK_IBUF_BUFG_inst/O
                         net (fo=28, routed)          0.607     1.526    CLK_IBUF_BUFG
    SLICE_X88Y53         FDCE                                         r  b_reg_reg[0]/C
  -------------------------------------------------------------------    -------------------
    SLICE_X88Y53         FDCE (Prop_fdce_C_Q)         0.164     1.690 f  b_reg_reg[0]/Q
                         net (fo=4, routed)           0.175     1.866    BLUE_VAL_OBUF[0]
    SLICE_X88Y53         LUT1 (Prop_lut1_I0_O)        0.043     1.909 r  b_reg[0]_i_1/O
                         net (fo=1, routed)           0.000     1.909    b_reg[0]_i_1_n_0
    SLICE_X88Y53         FDCE                                         r  b_reg_reg[0]/D
  -------------------------------------------------------------------    -------------------

                         (clock sys_clk_pin rise edge)
                                                      0.000     0.000 r  
    E3                                                0.000     0.000 r  CLK (IN)
                         net (fo=0)                   0.000     0.000    CLK
    E3                   IBUF (Prop_ibuf_I_O)         0.438     0.438 r  CLK_IBUF_inst/O
                         net (fo=1, routed)           0.699     1.136    CLK_IBUF
    BUFGCTRL_X0Y16       BUFG (Prop_bufg_I_O)         0.029     1.165 r  CLK_IBUF_BUFG_inst/O
                         net (fo=28, routed)          0.879     2.044    CLK_IBUF_BUFG
    SLICE_X88Y53         FDCE                                         r  b_reg_reg[0]/C
                         clock pessimism             -0.517     1.526    
    SLICE_X88Y53         FDCE (Hold_fdce_C_D)         0.133     1.659    b_reg_reg[0]
  -------------------------------------------------------------------
                         required time                         -1.659    
                         arrival time                           1.909    
  -------------------------------------------------------------------
                         slack                                  0.249    

Slack (MET) :             0.265ns  (arrival time - required time)
  Source:                 FSM_onehot_current_state_reg[2]/C
                            (rising edge-triggered cell FDCE clocked by sys_clk_pin  {rise@0.000ns fall@5.000ns period=10.000ns})
  Destination:            FSM_onehot_current_state_reg[3]/D
                            (rising edge-triggered cell FDCE clocked by sys_clk_pin  {rise@0.000ns fall@5.000ns period=10.000ns})
  Path Group:             sys_clk_pin
  Path Type:              Hold (Min at Fast Process Corner)
  Requirement:            0.000ns  (sys_clk_pin rise@0.000ns - sys_clk_pin rise@0.000ns)
  Data Path Delay:        0.286ns  (logic 0.148ns (51.736%)  route 0.138ns (48.264%))
  Logic Levels:           0  
  Clock Path Skew:        0.015ns (DCD - SCD - CPR)
    Destination Clock Delay (DCD):    2.031ns
    Source Clock Delay      (SCD):    1.514ns
    Clock Pessimism Removal (CPR):    0.501ns

    Location             Delay type                Incr(ns)  Path(ns)    Netlist Resource(s)
  -------------------------------------------------------------------    -------------------
                         (clock sys_clk_pin rise edge)
                                                      0.000     0.000 r  
    E3                                                0.000     0.000 r  CLK (IN)
                         net (fo=0)                   0.000     0.000    CLK
    E3                   IBUF (Prop_ibuf_I_O)         0.250     0.250 r  CLK_IBUF_inst/O
                         net (fo=1, routed)           0.644     0.894    CLK_IBUF
    BUFGCTRL_X0Y16       BUFG (Prop_bufg_I_O)         0.026     0.920 r  CLK_IBUF_BUFG_inst/O
                         net (fo=28, routed)          0.595     1.514    CLK_IBUF_BUFG
    SLICE_X88Y76         FDCE                                         r  FSM_onehot_current_state_reg[2]/C
  -------------------------------------------------------------------    -------------------
    SLICE_X88Y76         FDCE (Prop_fdce_C_Q)         0.148     1.662 r  FSM_onehot_current_state_reg[2]/Q
                         net (fo=4, routed)           0.138     1.800    DELAY_SELECT_OBUF
    SLICE_X88Y77         FDCE                                         r  FSM_onehot_current_state_reg[3]/D
  -------------------------------------------------------------------    -------------------

                         (clock sys_clk_pin rise edge)
                                                      0.000     0.000 r  
    E3                                                0.000     0.000 r  CLK (IN)
                         net (fo=0)                   0.000     0.000    CLK
    E3                   IBUF (Prop_ibuf_I_O)         0.438     0.438 r  CLK_IBUF_inst/O
                         net (fo=1, routed)           0.699     1.136    CLK_IBUF
    BUFGCTRL_X0Y16       BUFG (Prop_bufg_I_O)         0.029     1.165 r  CLK_IBUF_BUFG_inst/O
                         net (fo=28, routed)          0.866     2.031    CLK_IBUF_BUFG
    SLICE_X88Y77         FDCE                                         r  FSM_onehot_current_state_reg[3]/C
                         clock pessimism             -0.501     1.529    
    SLICE_X88Y77         FDCE (Hold_fdce_C_D)         0.006     1.535    FSM_onehot_current_state_reg[3]
  -------------------------------------------------------------------
                         required time                         -1.535    
                         arrival time                           1.800    
  -------------------------------------------------------------------
                         slack                                  0.265    

Slack (MET) :             0.270ns  (arrival time - required time)
  Source:                 r_reg_reg[0]/C
                            (rising edge-triggered cell FDCE clocked by sys_clk_pin  {rise@0.000ns fall@5.000ns period=10.000ns})
  Destination:            r_reg_reg[1]/D
                            (rising edge-triggered cell FDCE clocked by sys_clk_pin  {rise@0.000ns fall@5.000ns period=10.000ns})
  Path Group:             sys_clk_pin
  Path Type:              Hold (Min at Fast Process Corner)
  Requirement:            0.000ns  (sys_clk_pin rise@0.000ns - sys_clk_pin rise@0.000ns)
  Data Path Delay:        0.419ns  (logic 0.299ns (71.372%)  route 0.120ns (28.628%))
  Logic Levels:           1  (CARRY4=1)
  Clock Path Skew:        0.015ns (DCD - SCD - CPR)
    Destination Clock Delay (DCD):    2.035ns
    Source Clock Delay      (SCD):    1.518ns
    Clock Pessimism Removal (CPR):    0.501ns

    Location             Delay type                Incr(ns)  Path(ns)    Netlist Resource(s)
  -------------------------------------------------------------------    -------------------
                         (clock sys_clk_pin rise edge)
                                                      0.000     0.000 r  
    E3                                                0.000     0.000 r  CLK (IN)
                         net (fo=0)                   0.000     0.000    CLK
    E3                   IBUF (Prop_ibuf_I_O)         0.250     0.250 r  CLK_IBUF_inst/O
                         net (fo=1, routed)           0.644     0.894    CLK_IBUF
    BUFGCTRL_X0Y16       BUFG (Prop_bufg_I_O)         0.026     0.920 r  CLK_IBUF_BUFG_inst/O
                         net (fo=28, routed)          0.599     1.518    CLK_IBUF_BUFG
    SLICE_X89Y69         FDCE                                         r  r_reg_reg[0]/C
  -------------------------------------------------------------------    -------------------
    SLICE_X89Y69         FDCE (Prop_fdce_C_Q)         0.141     1.659 r  r_reg_reg[0]/Q
                         net (fo=4, routed)           0.120     1.779    RED_VAL_OBUF[0]
    SLICE_X88Y68         CARRY4 (Prop_carry4_CYINIT_O[0])
                                                      0.158     1.937 r  r_reg_reg[4]_i_1/O[0]
                         net (fo=1, routed)           0.000     1.937    r_reg_reg[4]_i_1_n_7
    SLICE_X88Y68         FDCE                                         r  r_reg_reg[1]/D
  -------------------------------------------------------------------    -------------------

                         (clock sys_clk_pin rise edge)
                                                      0.000     0.000 r  
    E3                                                0.000     0.000 r  CLK (IN)
                         net (fo=0)                   0.000     0.000    CLK
    E3                   IBUF (Prop_ibuf_I_O)         0.438     0.438 r  CLK_IBUF_inst/O
                         net (fo=1, routed)           0.699     1.136    CLK_IBUF
    BUFGCTRL_X0Y16       BUFG (Prop_bufg_I_O)         0.029     1.165 r  CLK_IBUF_BUFG_inst/O
                         net (fo=28, routed)          0.870     2.035    CLK_IBUF_BUFG
    SLICE_X88Y68         FDCE                                         r  r_reg_reg[1]/C
                         clock pessimism             -0.501     1.533    
    SLICE_X88Y68         FDCE (Hold_fdce_C_D)         0.134     1.667    r_reg_reg[1]
  -------------------------------------------------------------------
                         required time                         -1.667    
                         arrival time                           1.937    
  -------------------------------------------------------------------
                         slack                                  0.270    

Slack (MET) :             0.284ns  (arrival time - required time)
  Source:                 r_reg_reg[0]/C
                            (rising edge-triggered cell FDCE clocked by sys_clk_pin  {rise@0.000ns fall@5.000ns period=10.000ns})
  Destination:            r_reg_reg[3]/D
                            (rising edge-triggered cell FDCE clocked by sys_clk_pin  {rise@0.000ns fall@5.000ns period=10.000ns})
  Path Group:             sys_clk_pin
  Path Type:              Hold (Min at Fast Process Corner)
  Requirement:            0.000ns  (sys_clk_pin rise@0.000ns - sys_clk_pin rise@0.000ns)
  Data Path Delay:        0.433ns  (logic 0.313ns (72.298%)  route 0.120ns (27.702%))
  Logic Levels:           1  (CARRY4=1)
  Clock Path Skew:        0.015ns (DCD - SCD - CPR)
    Destination Clock Delay (DCD):    2.035ns
    Source Clock Delay      (SCD):    1.518ns
    Clock Pessimism Removal (CPR):    0.501ns

    Location             Delay type                Incr(ns)  Path(ns)    Netlist Resource(s)
  -------------------------------------------------------------------    -------------------
                         (clock sys_clk_pin rise edge)
                                                      0.000     0.000 r  
    E3                                                0.000     0.000 r  CLK (IN)
                         net (fo=0)                   0.000     0.000    CLK
    E3                   IBUF (Prop_ibuf_I_O)         0.250     0.250 r  CLK_IBUF_inst/O
                         net (fo=1, routed)           0.644     0.894    CLK_IBUF
    BUFGCTRL_X0Y16       BUFG (Prop_bufg_I_O)         0.026     0.920 r  CLK_IBUF_BUFG_inst/O
                         net (fo=28, routed)          0.599     1.518    CLK_IBUF_BUFG
    SLICE_X89Y69         FDCE                                         r  r_reg_reg[0]/C
  -------------------------------------------------------------------    -------------------
    SLICE_X89Y69         FDCE (Prop_fdce_C_Q)         0.141     1.659 r  r_reg_reg[0]/Q
                         net (fo=4, routed)           0.120     1.779    RED_VAL_OBUF[0]
    SLICE_X88Y68         CARRY4 (Prop_carry4_CYINIT_O[2])
                                                      0.172     1.951 r  r_reg_reg[4]_i_1/O[2]
                         net (fo=1, routed)           0.000     1.951    r_reg_reg[4]_i_1_n_5
    SLICE_X88Y68         FDCE                                         r  r_reg_reg[3]/D
  -------------------------------------------------------------------    -------------------

                         (clock sys_clk_pin rise edge)
                                                      0.000     0.000 r  
    E3                                                0.000     0.000 r  CLK (IN)
                         net (fo=0)                   0.000     0.000    CLK
    E3                   IBUF (Prop_ibuf_I_O)         0.438     0.438 r  CLK_IBUF_inst/O
                         net (fo=1, routed)           0.699     1.136    CLK_IBUF
    BUFGCTRL_X0Y16       BUFG (Prop_bufg_I_O)         0.029     1.165 r  CLK_IBUF_BUFG_inst/O
                         net (fo=28, routed)          0.870     2.035    CLK_IBUF_BUFG
    SLICE_X88Y68         FDCE                                         r  r_reg_reg[3]/C
                         clock pessimism             -0.501     1.533    
    SLICE_X88Y68         FDCE (Hold_fdce_C_D)         0.134     1.667    r_reg_reg[3]
  -------------------------------------------------------------------
                         required time                         -1.667    
                         arrival time                           1.951    
  -------------------------------------------------------------------
                         slack                                  0.284    

Slack (MET) :             0.296ns  (arrival time - required time)
  Source:                 r_reg_reg[0]/C
                            (rising edge-triggered cell FDCE clocked by sys_clk_pin  {rise@0.000ns fall@5.000ns period=10.000ns})
  Destination:            r_reg_reg[2]/D
                            (rising edge-triggered cell FDCE clocked by sys_clk_pin  {rise@0.000ns fall@5.000ns period=10.000ns})
  Path Group:             sys_clk_pin
  Path Type:              Hold (Min at Fast Process Corner)
  Requirement:            0.000ns  (sys_clk_pin rise@0.000ns - sys_clk_pin rise@0.000ns)
  Data Path Delay:        0.445ns  (logic 0.325ns (73.045%)  route 0.120ns (26.955%))
  Logic Levels:           1  (CARRY4=1)
  Clock Path Skew:        0.015ns (DCD - SCD - CPR)
    Destination Clock Delay (DCD):    2.035ns
    Source Clock Delay      (SCD):    1.518ns
    Clock Pessimism Removal (CPR):    0.501ns

    Location             Delay type                Incr(ns)  Path(ns)    Netlist Resource(s)
  -------------------------------------------------------------------    -------------------
                         (clock sys_clk_pin rise edge)
                                                      0.000     0.000 r  
    E3                                                0.000     0.000 r  CLK (IN)
                         net (fo=0)                   0.000     0.000    CLK
    E3                   IBUF (Prop_ibuf_I_O)         0.250     0.250 r  CLK_IBUF_inst/O
                         net (fo=1, routed)           0.644     0.894    CLK_IBUF
    BUFGCTRL_X0Y16       BUFG (Prop_bufg_I_O)         0.026     0.920 r  CLK_IBUF_BUFG_inst/O
                         net (fo=28, routed)          0.599     1.518    CLK_IBUF_BUFG
    SLICE_X89Y69         FDCE                                         r  r_reg_reg[0]/C
  -------------------------------------------------------------------    -------------------
    SLICE_X89Y69         FDCE (Prop_fdce_C_Q)         0.141     1.659 r  r_reg_reg[0]/Q
                         net (fo=4, routed)           0.120     1.779    RED_VAL_OBUF[0]
    SLICE_X88Y68         CARRY4 (Prop_carry4_CYINIT_O[1])
                                                      0.184     1.963 r  r_reg_reg[4]_i_1/O[1]
                         net (fo=1, routed)           0.000     1.963    r_reg_reg[4]_i_1_n_6
    SLICE_X88Y68         FDCE                                         r  r_reg_reg[2]/D
  -------------------------------------------------------------------    -------------------

                         (clock sys_clk_pin rise edge)
                                                      0.000     0.000 r  
    E3                                                0.000     0.000 r  CLK (IN)
                         net (fo=0)                   0.000     0.000    CLK
    E3                   IBUF (Prop_ibuf_I_O)         0.438     0.438 r  CLK_IBUF_inst/O
                         net (fo=1, routed)           0.699     1.136    CLK_IBUF
    BUFGCTRL_X0Y16       BUFG (Prop_bufg_I_O)         0.029     1.165 r  CLK_IBUF_BUFG_inst/O
                         net (fo=28, routed)          0.870     2.035    CLK_IBUF_BUFG
    SLICE_X88Y68         FDCE                                         r  r_reg_reg[2]/C
                         clock pessimism             -0.501     1.533    
    SLICE_X88Y68         FDCE (Hold_fdce_C_D)         0.134     1.667    r_reg_reg[2]
  -------------------------------------------------------------------
                         required time                         -1.667    
                         arrival time                           1.963    
  -------------------------------------------------------------------
                         slack                                  0.296    

Slack (MET) :             0.307ns  (arrival time - required time)
  Source:                 FSM_onehot_current_state_reg[1]/C
                            (rising edge-triggered cell FDCE clocked by sys_clk_pin  {rise@0.000ns fall@5.000ns period=10.000ns})
  Destination:            FSM_onehot_current_state_reg[2]/D
                            (rising edge-triggered cell FDCE clocked by sys_clk_pin  {rise@0.000ns fall@5.000ns period=10.000ns})
  Path Group:             sys_clk_pin
  Path Type:              Hold (Min at Fast Process Corner)
  Requirement:            0.000ns  (sys_clk_pin rise@0.000ns - sys_clk_pin rise@0.000ns)
  Data Path Delay:        0.367ns  (logic 0.164ns (44.694%)  route 0.203ns (55.306%))
  Logic Levels:           0  
  Clock Path Skew:        0.000ns (DCD - SCD - CPR)
    Destination Clock Delay (DCD):    2.029ns
    Source Clock Delay      (SCD):    1.514ns
    Clock Pessimism Removal (CPR):    0.514ns

    Location             Delay type                Incr(ns)  Path(ns)    Netlist Resource(s)
  -------------------------------------------------------------------    -------------------
                         (clock sys_clk_pin rise edge)
                                                      0.000     0.000 r  
    E3                                                0.000     0.000 r  CLK (IN)
                         net (fo=0)                   0.000     0.000    CLK
    E3                   IBUF (Prop_ibuf_I_O)         0.250     0.250 r  CLK_IBUF_inst/O
                         net (fo=1, routed)           0.644     0.894    CLK_IBUF
    BUFGCTRL_X0Y16       BUFG (Prop_bufg_I_O)         0.026     0.920 r  CLK_IBUF_BUFG_inst/O
                         net (fo=28, routed)          0.595     1.514    CLK_IBUF_BUFG
    SLICE_X88Y76         FDCE                                         r  FSM_onehot_current_state_reg[1]/C
  -------------------------------------------------------------------    -------------------
    SLICE_X88Y76         FDCE (Prop_fdce_C_Q)         0.164     1.678 r  FSM_onehot_current_state_reg[1]/Q
                         net (fo=5, routed)           0.203     1.881    FSM_onehot_current_state_reg_n_0_[1]
    SLICE_X88Y76         FDCE                                         r  FSM_onehot_current_state_reg[2]/D
  -------------------------------------------------------------------    -------------------

                         (clock sys_clk_pin rise edge)
                                                      0.000     0.000 r  
    E3                                                0.000     0.000 r  CLK (IN)
                         net (fo=0)                   0.000     0.000    CLK
    E3                   IBUF (Prop_ibuf_I_O)         0.438     0.438 r  CLK_IBUF_inst/O
                         net (fo=1, routed)           0.699     1.136    CLK_IBUF
    BUFGCTRL_X0Y16       BUFG (Prop_bufg_I_O)         0.029     1.165 r  CLK_IBUF_BUFG_inst/O
                         net (fo=28, routed)          0.864     2.029    CLK_IBUF_BUFG
    SLICE_X88Y76         FDCE                                         r  FSM_onehot_current_state_reg[2]/C
                         clock pessimism             -0.514     1.514    
    SLICE_X88Y76         FDCE (Hold_fdce_C_D)         0.060     1.574    FSM_onehot_current_state_reg[2]
  -------------------------------------------------------------------
                         required time                         -1.574    
                         arrival time                           1.881    
  -------------------------------------------------------------------
                         slack                                  0.307    

Slack (MET) :             0.308ns  (arrival time - required time)
  Source:                 r_reg_reg[0]/C
                            (rising edge-triggered cell FDCE clocked by sys_clk_pin  {rise@0.000ns fall@5.000ns period=10.000ns})
  Destination:            r_reg_reg[4]/D
                            (rising edge-triggered cell FDCE clocked by sys_clk_pin  {rise@0.000ns fall@5.000ns period=10.000ns})
  Path Group:             sys_clk_pin
  Path Type:              Hold (Min at Fast Process Corner)
  Requirement:            0.000ns  (sys_clk_pin rise@0.000ns - sys_clk_pin rise@0.000ns)
  Data Path Delay:        0.457ns  (logic 0.337ns (73.753%)  route 0.120ns (26.247%))
  Logic Levels:           1  (CARRY4=1)
  Clock Path Skew:        0.015ns (DCD - SCD - CPR)
    Destination Clock Delay (DCD):    2.035ns
    Source Clock Delay      (SCD):    1.518ns
    Clock Pessimism Removal (CPR):    0.501ns

    Location             Delay type                Incr(ns)  Path(ns)    Netlist Resource(s)
  -------------------------------------------------------------------    -------------------
                         (clock sys_clk_pin rise edge)
                                                      0.000     0.000 r  
    E3                                                0.000     0.000 r  CLK (IN)
                         net (fo=0)                   0.000     0.000    CLK
    E3                   IBUF (Prop_ibuf_I_O)         0.250     0.250 r  CLK_IBUF_inst/O
                         net (fo=1, routed)           0.644     0.894    CLK_IBUF
    BUFGCTRL_X0Y16       BUFG (Prop_bufg_I_O)         0.026     0.920 r  CLK_IBUF_BUFG_inst/O
                         net (fo=28, routed)          0.599     1.518    CLK_IBUF_BUFG
    SLICE_X89Y69         FDCE                                         r  r_reg_reg[0]/C
  -------------------------------------------------------------------    -------------------
    SLICE_X89Y69         FDCE (Prop_fdce_C_Q)         0.141     1.659 r  r_reg_reg[0]/Q
                         net (fo=4, routed)           0.120     1.779    RED_VAL_OBUF[0]
    SLICE_X88Y68         CARRY4 (Prop_carry4_CYINIT_O[3])
                                                      0.196     1.975 r  r_reg_reg[4]_i_1/O[3]
                         net (fo=1, routed)           0.000     1.975    r_reg_reg[4]_i_1_n_4
    SLICE_X88Y68         FDCE                                         r  r_reg_reg[4]/D
  -------------------------------------------------------------------    -------------------

                         (clock sys_clk_pin rise edge)
                                                      0.000     0.000 r  
    E3                                                0.000     0.000 r  CLK (IN)
                         net (fo=0)                   0.000     0.000    CLK
    E3                   IBUF (Prop_ibuf_I_O)         0.438     0.438 r  CLK_IBUF_inst/O
                         net (fo=1, routed)           0.699     1.136    CLK_IBUF
    BUFGCTRL_X0Y16       BUFG (Prop_bufg_I_O)         0.029     1.165 r  CLK_IBUF_BUFG_inst/O
                         net (fo=28, routed)          0.870     2.035    CLK_IBUF_BUFG
    SLICE_X88Y68         FDCE                                         r  r_reg_reg[4]/C
                         clock pessimism             -0.501     1.533    
    SLICE_X88Y68         FDCE (Hold_fdce_C_D)         0.134     1.667    r_reg_reg[4]
  -------------------------------------------------------------------
                         required time                         -1.667    
                         arrival time                           1.975    
  -------------------------------------------------------------------
                         slack                                  0.308    

Slack (MET) :             0.310ns  (arrival time - required time)
  Source:                 g_reg_reg[0]/C
                            (rising edge-triggered cell FDCE clocked by sys_clk_pin  {rise@0.000ns fall@5.000ns period=10.000ns})
  Destination:            g_reg_reg[1]/D
                            (rising edge-triggered cell FDCE clocked by sys_clk_pin  {rise@0.000ns fall@5.000ns period=10.000ns})
  Path Group:             sys_clk_pin
  Path Type:              Hold (Min at Fast Process Corner)
  Requirement:            0.000ns  (sys_clk_pin rise@0.000ns - sys_clk_pin rise@0.000ns)
  Data Path Delay:        0.431ns  (logic 0.311ns (72.169%)  route 0.120ns (27.831%))
  Logic Levels:           1  (CARRY4=1)
  Clock Path Skew:        0.016ns (DCD - SCD - CPR)
    Destination Clock Delay (DCD):    2.042ns
    Source Clock Delay      (SCD):    1.524ns
    Clock Pessimism Removal (CPR):    0.501ns

    Location             Delay type                Incr(ns)  Path(ns)    Netlist Resource(s)
  -------------------------------------------------------------------    -------------------
                         (clock sys_clk_pin rise edge)
                                                      0.000     0.000 r  
    E3                                                0.000     0.000 r  CLK (IN)
                         net (fo=0)                   0.000     0.000    CLK
    E3                   IBUF (Prop_ibuf_I_O)         0.250     0.250 r  CLK_IBUF_inst/O
                         net (fo=1, routed)           0.644     0.894    CLK_IBUF
    BUFGCTRL_X0Y16       BUFG (Prop_bufg_I_O)         0.026     0.920 r  CLK_IBUF_BUFG_inst/O
                         net (fo=28, routed)          0.605     1.524    CLK_IBUF_BUFG
    SLICE_X88Y61         FDCE                                         r  g_reg_reg[0]/C
  -------------------------------------------------------------------    -------------------
    SLICE_X88Y61         FDCE (Prop_fdce_C_Q)         0.164     1.688 r  g_reg_reg[0]/Q
                         net (fo=4, routed)           0.120     1.808    GREEN_VAL_OBUF[0]
    SLICE_X89Y60         CARRY4 (Prop_carry4_CYINIT_O[0])
                                                      0.147     1.955 r  g_reg_reg[4]_i_1/O[0]
                         net (fo=1, routed)           0.000     1.955    g_reg_reg[4]_i_1_n_7
    SLICE_X89Y60         FDCE                                         r  g_reg_reg[1]/D
  -------------------------------------------------------------------    -------------------

                         (clock sys_clk_pin rise edge)
                                                      0.000     0.000 r  
    E3                                                0.000     0.000 r  CLK (IN)
                         net (fo=0)                   0.000     0.000    CLK
    E3                   IBUF (Prop_ibuf_I_O)         0.438     0.438 r  CLK_IBUF_inst/O
                         net (fo=1, routed)           0.699     1.136    CLK_IBUF
    BUFGCTRL_X0Y16       BUFG (Prop_bufg_I_O)         0.029     1.165 r  CLK_IBUF_BUFG_inst/O
                         net (fo=28, routed)          0.877     2.042    CLK_IBUF_BUFG
    SLICE_X89Y60         FDCE                                         r  g_reg_reg[1]/C
                         clock pessimism             -0.501     1.540    
    SLICE_X89Y60         FDCE (Hold_fdce_C_D)         0.105     1.645    g_reg_reg[1]
  -------------------------------------------------------------------
                         required time                         -1.645    
                         arrival time                           1.955    
  -------------------------------------------------------------------
                         slack                                  0.310    

Slack (MET) :             0.315ns  (arrival time - required time)
  Source:                 FSM_onehot_current_state_reg[3]/C
                            (rising edge-triggered cell FDCE clocked by sys_clk_pin  {rise@0.000ns fall@5.000ns period=10.000ns})
  Destination:            FSM_onehot_current_state_reg[0]/D
                            (rising edge-triggered cell FDPE clocked by sys_clk_pin  {rise@0.000ns fall@5.000ns period=10.000ns})
  Path Group:             sys_clk_pin
  Path Type:              Hold (Min at Fast Process Corner)
  Requirement:            0.000ns  (sys_clk_pin rise@0.000ns - sys_clk_pin rise@0.000ns)
  Data Path Delay:        0.446ns  (logic 0.209ns (46.828%)  route 0.237ns (53.172%))
  Logic Levels:           1  (LUT3=1)
  Clock Path Skew:        0.011ns (DCD - SCD - CPR)
    Destination Clock Delay (DCD):    2.029ns
    Source Clock Delay      (SCD):    1.516ns
    Clock Pessimism Removal (CPR):    0.501ns

    Location             Delay type                Incr(ns)  Path(ns)    Netlist Resource(s)
  -------------------------------------------------------------------    -------------------
                         (clock sys_clk_pin rise edge)
                                                      0.000     0.000 r  
    E3                                                0.000     0.000 r  CLK (IN)
                         net (fo=0)                   0.000     0.000    CLK
    E3                   IBUF (Prop_ibuf_I_O)         0.250     0.250 r  CLK_IBUF_inst/O
                         net (fo=1, routed)           0.644     0.894    CLK_IBUF
    BUFGCTRL_X0Y16       BUFG (Prop_bufg_I_O)         0.026     0.920 r  CLK_IBUF_BUFG_inst/O
                         net (fo=28, routed)          0.597     1.516    CLK_IBUF_BUFG
    SLICE_X88Y77         FDCE                                         r  FSM_onehot_current_state_reg[3]/C
  -------------------------------------------------------------------    -------------------
    SLICE_X88Y77         FDCE (Prop_fdce_C_Q)         0.164     1.680 r  FSM_onehot_current_state_reg[3]/Q
                         net (fo=3, routed)           0.237     1.918    FSM_onehot_current_state_reg_n_0_[3]
    SLICE_X88Y76         LUT3 (Prop_lut3_I0_O)        0.045     1.963 r  FSM_onehot_current_state[0]_i_1/O
                         net (fo=1, routed)           0.000     1.963    FSM_onehot_current_state[0]_i_1_n_0
    SLICE_X88Y76         FDPE                                         r  FSM_onehot_current_state_reg[0]/D
  -------------------------------------------------------------------    -------------------

                         (clock sys_clk_pin rise edge)
                                                      0.000     0.000 r  
    E3                                                0.000     0.000 r  CLK (IN)
                         net (fo=0)                   0.000     0.000    CLK
    E3                   IBUF (Prop_ibuf_I_O)         0.438     0.438 r  CLK_IBUF_inst/O
                         net (fo=1, routed)           0.699     1.136    CLK_IBUF
    BUFGCTRL_X0Y16       BUFG (Prop_bufg_I_O)         0.029     1.165 r  CLK_IBUF_BUFG_inst/O
                         net (fo=28, routed)          0.864     2.029    CLK_IBUF_BUFG
    SLICE_X88Y76         FDPE                                         r  FSM_onehot_current_state_reg[0]/C
                         clock pessimism             -0.501     1.527    
    SLICE_X88Y76         FDPE (Hold_fdpe_C_D)         0.120     1.647    FSM_onehot_current_state_reg[0]
  -------------------------------------------------------------------
                         required time                         -1.647    
                         arrival time                           1.963    
  -------------------------------------------------------------------
                         slack                                  0.315    





Pulse Width Checks
--------------------------------------------------------------------------------------
Clock Name:         sys_clk_pin
Waveform(ns):       { 0.000 5.000 }
Period(ns):         10.000
Sources:            { CLK }

Check Type        Corner  Lib Pin  Reference Pin  Required(ns)  Actual(ns)  Slack(ns)  Location        Pin
Min Period        n/a     BUFG/I   n/a            2.155         10.000      7.845      BUFGCTRL_X0Y16  CLK_IBUF_BUFG_inst/I
Min Period        n/a     FDPE/C   n/a            1.000         10.000      9.000      SLICE_X88Y76    FSM_onehot_current_state_reg[0]/C
Min Period        n/a     FDCE/C   n/a            1.000         10.000      9.000      SLICE_X88Y76    FSM_onehot_current_state_reg[1]/C
Min Period        n/a     FDCE/C   n/a            1.000         10.000      9.000      SLICE_X88Y76    FSM_onehot_current_state_reg[2]/C
Min Period        n/a     FDCE/C   n/a            1.000         10.000      9.000      SLICE_X88Y77    FSM_onehot_current_state_reg[3]/C
Min Period        n/a     FDCE/C   n/a            1.000         10.000      9.000      SLICE_X88Y53    b_reg_reg[0]/C
Min Period        n/a     FDCE/C   n/a            1.000         10.000      9.000      SLICE_X89Y52    b_reg_reg[1]/C
Min Period        n/a     FDCE/C   n/a            1.000         10.000      9.000      SLICE_X89Y52    b_reg_reg[2]/C
Min Period        n/a     FDCE/C   n/a            1.000         10.000      9.000      SLICE_X89Y52    b_reg_reg[3]/C
Min Period        n/a     FDCE/C   n/a            1.000         10.000      9.000      SLICE_X89Y52    b_reg_reg[4]/C
Low Pulse Width   Slow    FDPE/C   n/a            0.500         5.000       4.500      SLICE_X88Y76    FSM_onehot_current_state_reg[0]/C
Low Pulse Width   Fast    FDPE/C   n/a            0.500         5.000       4.500      SLICE_X88Y76    FSM_onehot_current_state_reg[0]/C
Low Pulse Width   Slow    FDCE/C   n/a            0.500         5.000       4.500      SLICE_X88Y76    FSM_onehot_current_state_reg[1]/C
Low Pulse Width   Fast    FDCE/C   n/a            0.500         5.000       4.500      SLICE_X88Y76    FSM_onehot_current_state_reg[1]/C
Low Pulse Width   Slow    FDCE/C   n/a            0.500         5.000       4.500      SLICE_X88Y76    FSM_onehot_current_state_reg[2]/C
Low Pulse Width   Fast    FDCE/C   n/a            0.500         5.000       4.500      SLICE_X88Y76    FSM_onehot_current_state_reg[2]/C
Low Pulse Width   Slow    FDCE/C   n/a            0.500         5.000       4.500      SLICE_X88Y77    FSM_onehot_current_state_reg[3]/C
Low Pulse Width   Fast    FDCE/C   n/a            0.500         5.000       4.500      SLICE_X88Y77    FSM_onehot_current_state_reg[3]/C
Low Pulse Width   Slow    FDCE/C   n/a            0.500         5.000       4.500      SLICE_X88Y53    b_reg_reg[0]/C
Low Pulse Width   Fast    FDCE/C   n/a            0.500         5.000       4.500      SLICE_X88Y53    b_reg_reg[0]/C
High Pulse Width  Slow    FDPE/C   n/a            0.500         5.000       4.500      SLICE_X88Y76    FSM_onehot_current_state_reg[0]/C
High Pulse Width  Fast    FDPE/C   n/a            0.500         5.000       4.500      SLICE_X88Y76    FSM_onehot_current_state_reg[0]/C
High Pulse Width  Slow    FDCE/C   n/a            0.500         5.000       4.500      SLICE_X88Y76    FSM_onehot_current_state_reg[1]/C
High Pulse Width  Fast    FDCE/C   n/a            0.500         5.000       4.500      SLICE_X88Y76    FSM_onehot_current_state_reg[1]/C
High Pulse Width  Slow    FDCE/C   n/a            0.500         5.000       4.500      SLICE_X88Y76    FSM_onehot_current_state_reg[2]/C
High Pulse Width  Fast    FDCE/C   n/a            0.500         5.000       4.500      SLICE_X88Y76    FSM_onehot_current_state_reg[2]/C
High Pulse Width  Slow    FDCE/C   n/a            0.500         5.000       4.500      SLICE_X88Y77    FSM_onehot_current_state_reg[3]/C
High Pulse Width  Fast    FDCE/C   n/a            0.500         5.000       4.500      SLICE_X88Y77    FSM_onehot_current_state_reg[3]/C
High Pulse Width  Slow    FDCE/C   n/a            0.500         5.000       4.500      SLICE_X88Y53    b_reg_reg[0]/C
High Pulse Width  Fast    FDCE/C   n/a            0.500         5.000       4.500      SLICE_X88Y53    b_reg_reg[0]/C



--------------------------------------------------------------------------------------
Path Group:  (none)
From Clock:  sys_clk_pin
  To Clock:  

Max Delay            26 Endpoints
Min Delay            26 Endpoints
--------------------------------------------------------------------------------------


Max Delay Paths
--------------------------------------------------------------------------------------
Slack:                    inf
  Source:                 g_reg_reg[0]/C
                            (rising edge-triggered cell FDCE clocked by sys_clk_pin  {rise@0.000ns fall@5.000ns period=10.000ns})
  Destination:            GREEN_VAL[0]
                            (output port)
  Path Group:             (none)
  Path Type:              Max at Slow Process Corner
  Data Path Delay:        5.162ns  (logic 3.179ns (61.595%)  route 1.982ns (38.405%))
  Logic Levels:           1  (OBUF=1)
  Clock Uncertainty:      0.025ns  ((TSJ^2 + TIJ^2)^1/2 + DJ) / 2 + PE
    Total System Jitter     (TSJ):    0.050ns
    Total Input Jitter      (TIJ):    0.000ns
    Discrete Jitter          (DJ):    0.000ns
    Phase Error              (PE):    0.000ns

    Location             Delay type                Incr(ns)  Path(ns)    Netlist Resource(s)
  -------------------------------------------------------------------    -------------------
                         (clock sys_clk_pin rise edge)
                                                      0.000     0.000 r  
    E3                                                0.000     0.000 r  CLK (IN)
                         net (fo=0)                   0.000     0.000    CLK
    E3                   IBUF (Prop_ibuf_I_O)         1.482     1.482 r  CLK_IBUF_inst/O
                         net (fo=1, routed)           2.025     3.506    CLK_IBUF
    BUFGCTRL_X0Y16       BUFG (Prop_bufg_I_O)         0.096     3.602 r  CLK_IBUF_BUFG_inst/O
                         net (fo=28, routed)          1.729     5.332    CLK_IBUF_BUFG
    SLICE_X88Y61         FDCE                                         r  g_reg_reg[0]/C
  -------------------------------------------------------------------    -------------------
    SLICE_X88Y61         FDCE (Prop_fdce_C_Q)         0.518     5.850 r  g_reg_reg[0]/Q
                         net (fo=4, routed)           1.982     7.832    GREEN_VAL_OBUF[0]
    U9                   OBUF (Prop_obuf_I_O)         2.661    10.493 r  GREEN_VAL_OBUF[0]_inst/O
                         net (fo=0)                   0.000    10.493    GREEN_VAL[0]
    U9                                                                r  GREEN_VAL[0] (OUT)
  -------------------------------------------------------------------    -------------------

Slack:                    inf
  Source:                 r_reg_reg[4]/C
                            (rising edge-triggered cell FDCE clocked by sys_clk_pin  {rise@0.000ns fall@5.000ns period=10.000ns})
  Destination:            RED_VAL[4]
                            (output port)
  Path Group:             (none)
  Path Type:              Max at Slow Process Corner
  Data Path Delay:        5.144ns  (logic 3.144ns (61.120%)  route 2.000ns (38.880%))
  Logic Levels:           1  (OBUF=1)
  Clock Uncertainty:      0.025ns  ((TSJ^2 + TIJ^2)^1/2 + DJ) / 2 + PE
    Total System Jitter     (TSJ):    0.050ns
    Total Input Jitter      (TIJ):    0.000ns
    Discrete Jitter          (DJ):    0.000ns
    Phase Error              (PE):    0.000ns

    Location             Delay type                Incr(ns)  Path(ns)    Netlist Resource(s)
  -------------------------------------------------------------------    -------------------
                         (clock sys_clk_pin rise edge)
                                                      0.000     0.000 r  
    E3                                                0.000     0.000 r  CLK (IN)
                         net (fo=0)                   0.000     0.000    CLK
    E3                   IBUF (Prop_ibuf_I_O)         1.482     1.482 r  CLK_IBUF_inst/O
                         net (fo=1, routed)           2.025     3.506    CLK_IBUF
    BUFGCTRL_X0Y16       BUFG (Prop_bufg_I_O)         0.096     3.602 r  CLK_IBUF_BUFG_inst/O
                         net (fo=28, routed)          1.721     5.324    CLK_IBUF_BUFG
    SLICE_X88Y68         FDCE                                         r  r_reg_reg[4]/C
  -------------------------------------------------------------------    -------------------
    SLICE_X88Y68         FDCE (Prop_fdce_C_Q)         0.518     5.842 r  r_reg_reg[4]/Q
                         net (fo=5, routed)           2.000     7.842    RED_VAL_OBUF[4]
    P2                   OBUF (Prop_obuf_I_O)         2.626    10.468 r  RED_VAL_OBUF[4]_inst/O
                         net (fo=0)                   0.000    10.468    RED_VAL[4]
    P2                                                                r  RED_VAL[4] (OUT)
  -------------------------------------------------------------------    -------------------

Slack:                    inf
  Source:                 b_reg_reg[0]/C
                            (rising edge-triggered cell FDCE clocked by sys_clk_pin  {rise@0.000ns fall@5.000ns period=10.000ns})
  Destination:            BLUE_VAL[0]
                            (output port)
  Path Group:             (none)
  Path Type:              Max at Slow Process Corner
  Data Path Delay:        5.131ns  (logic 3.148ns (61.348%)  route 1.983ns (38.652%))
  Logic Levels:           1  (OBUF=1)
  Clock Uncertainty:      0.025ns  ((TSJ^2 + TIJ^2)^1/2 + DJ) / 2 + PE
    Total System Jitter     (TSJ):    0.050ns
    Total Input Jitter      (TIJ):    0.000ns
    Discrete Jitter          (DJ):    0.000ns
    Phase Error              (PE):    0.000ns

    Location             Delay type                Incr(ns)  Path(ns)    Netlist Resource(s)
  -------------------------------------------------------------------    -------------------
                         (clock sys_clk_pin rise edge)
                                                      0.000     0.000 r  
    E3                                                0.000     0.000 r  CLK (IN)
                         net (fo=0)                   0.000     0.000    CLK
    E3                   IBUF (Prop_ibuf_I_O)         1.482     1.482 r  CLK_IBUF_inst/O
                         net (fo=1, routed)           2.025     3.506    CLK_IBUF
    BUFGCTRL_X0Y16       BUFG (Prop_bufg_I_O)         0.096     3.602 r  CLK_IBUF_BUFG_inst/O
                         net (fo=28, routed)          1.732     5.335    CLK_IBUF_BUFG
    SLICE_X88Y53         FDCE                                         r  b_reg_reg[0]/C
  -------------------------------------------------------------------    -------------------
    SLICE_X88Y53         FDCE (Prop_fdce_C_Q)         0.518     5.853 r  b_reg_reg[0]/Q
                         net (fo=4, routed)           1.983     7.836    BLUE_VAL_OBUF[0]
    U8                   OBUF (Prop_obuf_I_O)         2.630    10.466 r  BLUE_VAL_OBUF[0]_inst/O
                         net (fo=0)                   0.000    10.466    BLUE_VAL[0]
    U8                                                                r  BLUE_VAL[0] (OUT)
  -------------------------------------------------------------------    -------------------

Slack:                    inf
  Source:                 FSM_onehot_current_state_reg[2]/C
                            (rising edge-triggered cell FDCE clocked by sys_clk_pin  {rise@0.000ns fall@5.000ns period=10.000ns})
  Destination:            DELAY_SELECT
                            (output port)
  Path Group:             (none)
  Path Type:              Max at Slow Process Corner
  Data Path Delay:        5.144ns  (logic 3.273ns (63.634%)  route 1.871ns (36.366%))
  Logic Levels:           1  (OBUF=1)
  Clock Uncertainty:      0.025ns  ((TSJ^2 + TIJ^2)^1/2 + DJ) / 2 + PE
    Total System Jitter     (TSJ):    0.050ns
    Total Input Jitter      (TIJ):    0.000ns
    Discrete Jitter          (DJ):    0.000ns
    Phase Error              (PE):    0.000ns

    Location             Delay type                Incr(ns)  Path(ns)    Netlist Resource(s)
  -------------------------------------------------------------------    -------------------
                         (clock sys_clk_pin rise edge)
                                                      0.000     0.000 r  
    E3                                                0.000     0.000 r  CLK (IN)
                         net (fo=0)                   0.000     0.000    CLK
    E3                   IBUF (Prop_ibuf_I_O)         1.482     1.482 r  CLK_IBUF_inst/O
                         net (fo=1, routed)           2.025     3.506    CLK_IBUF
    BUFGCTRL_X0Y16       BUFG (Prop_bufg_I_O)         0.096     3.602 r  CLK_IBUF_BUFG_inst/O
                         net (fo=28, routed)          1.714     5.317    CLK_IBUF_BUFG
    SLICE_X88Y76         FDCE                                         r  FSM_onehot_current_state_reg[2]/C
  -------------------------------------------------------------------    -------------------
    SLICE_X88Y76         FDCE (Prop_fdce_C_Q)         0.478     5.795 r  FSM_onehot_current_state_reg[2]/Q
                         net (fo=4, routed)           1.871     7.665    DELAY_SELECT_OBUF
    N5                   OBUF (Prop_obuf_I_O)         2.795    10.461 r  DELAY_SELECT_OBUF_inst/O
                         net (fo=0)                   0.000    10.461    DELAY_SELECT
    N5                                                                r  DELAY_SELECT (OUT)
  -------------------------------------------------------------------    -------------------

Slack:                    inf
  Source:                 r_reg_reg[0]/C
                            (rising edge-triggered cell FDCE clocked by sys_clk_pin  {rise@0.000ns fall@5.000ns period=10.000ns})
  Destination:            RED_VAL[0]
                            (output port)
  Path Group:             (none)
  Path Type:              Max at Slow Process Corner
  Data Path Delay:        5.064ns  (logic 3.080ns (60.817%)  route 1.984ns (39.183%))
  Logic Levels:           1  (OBUF=1)
  Clock Uncertainty:      0.025ns  ((TSJ^2 + TIJ^2)^1/2 + DJ) / 2 + PE
    Total System Jitter     (TSJ):    0.050ns
    Total Input Jitter      (TIJ):    0.000ns
    Discrete Jitter          (DJ):    0.000ns
    Phase Error              (PE):    0.000ns

    Location             Delay type                Incr(ns)  Path(ns)    Netlist Resource(s)
  -------------------------------------------------------------------    -------------------
                         (clock sys_clk_pin rise edge)
                                                      0.000     0.000 r  
    E3                                                0.000     0.000 r  CLK (IN)
                         net (fo=0)                   0.000     0.000    CLK
    E3                   IBUF (Prop_ibuf_I_O)         1.482     1.482 r  CLK_IBUF_inst/O
                         net (fo=1, routed)           2.025     3.506    CLK_IBUF
    BUFGCTRL_X0Y16       BUFG (Prop_bufg_I_O)         0.096     3.602 r  CLK_IBUF_BUFG_inst/O
                         net (fo=28, routed)          1.720     5.323    CLK_IBUF_BUFG
    SLICE_X89Y69         FDCE                                         r  r_reg_reg[0]/C
  -------------------------------------------------------------------    -------------------
    SLICE_X89Y69         FDCE (Prop_fdce_C_Q)         0.456     5.779 r  r_reg_reg[0]/Q
                         net (fo=4, routed)           1.984     7.763    RED_VAL_OBUF[0]
    R1                   OBUF (Prop_obuf_I_O)         2.624    10.386 r  RED_VAL_OBUF[0]_inst/O
                         net (fo=0)                   0.000    10.386    RED_VAL[0]
    R1                                                                r  RED_VAL[0] (OUT)
  -------------------------------------------------------------------    -------------------

Slack:                    inf
  Source:                 FSM_onehot_current_state_reg[2]/C
                            (rising edge-triggered cell FDCE clocked by sys_clk_pin  {rise@0.000ns fall@5.000ns period=10.000ns})
  Destination:            TIMER_START
                            (output port)
  Path Group:             (none)
  Path Type:              Max at Slow Process Corner
  Data Path Delay:        4.997ns  (logic 3.293ns (65.911%)  route 1.703ns (34.089%))
  Logic Levels:           1  (OBUF=1)
  Clock Uncertainty:      0.025ns  ((TSJ^2 + TIJ^2)^1/2 + DJ) / 2 + PE
    Total System Jitter     (TSJ):    0.050ns
    Total Input Jitter      (TIJ):    0.000ns
    Discrete Jitter          (DJ):    0.000ns
    Phase Error              (PE):    0.000ns

    Location             Delay type                Incr(ns)  Path(ns)    Netlist Resource(s)
  -------------------------------------------------------------------    -------------------
                         (clock sys_clk_pin rise edge)
                                                      0.000     0.000 r  
    E3                                                0.000     0.000 r  CLK (IN)
                         net (fo=0)                   0.000     0.000    CLK
    E3                   IBUF (Prop_ibuf_I_O)         1.482     1.482 r  CLK_IBUF_inst/O
                         net (fo=1, routed)           2.025     3.506    CLK_IBUF
    BUFGCTRL_X0Y16       BUFG (Prop_bufg_I_O)         0.096     3.602 r  CLK_IBUF_BUFG_inst/O
                         net (fo=28, routed)          1.714     5.317    CLK_IBUF_BUFG
    SLICE_X88Y76         FDCE                                         r  FSM_onehot_current_state_reg[2]/C
  -------------------------------------------------------------------    -------------------
    SLICE_X88Y76         FDCE (Prop_fdce_C_Q)         0.478     5.795 r  FSM_onehot_current_state_reg[2]/Q
                         net (fo=4, routed)           1.703     7.498    DELAY_SELECT_OBUF
    T4                   OBUF (Prop_obuf_I_O)         2.815    10.313 r  TIMER_START_OBUF_inst/O
                         net (fo=0)                   0.000    10.313    TIMER_START
    T4                                                                r  TIMER_START (OUT)
  -------------------------------------------------------------------    -------------------

Slack:                    inf
  Source:                 r_reg_reg[5]/C
                            (rising edge-triggered cell FDCE clocked by sys_clk_pin  {rise@0.000ns fall@5.000ns period=10.000ns})
  Destination:            RED_VAL[5]
                            (output port)
  Path Group:             (none)
  Path Type:              Max at Slow Process Corner
  Data Path Delay:        4.990ns  (logic 3.138ns (62.871%)  route 1.853ns (37.129%))
  Logic Levels:           1  (OBUF=1)
  Clock Uncertainty:      0.025ns  ((TSJ^2 + TIJ^2)^1/2 + DJ) / 2 + PE
    Total System Jitter     (TSJ):    0.050ns
    Total Input Jitter      (TIJ):    0.000ns
    Discrete Jitter          (DJ):    0.000ns
    Phase Error              (PE):    0.000ns

    Location             Delay type                Incr(ns)  Path(ns)    Netlist Resource(s)
  -------------------------------------------------------------------    -------------------
                         (clock sys_clk_pin rise edge)
                                                      0.000     0.000 r  
    E3                                                0.000     0.000 r  CLK (IN)
                         net (fo=0)                   0.000     0.000    CLK
    E3                   IBUF (Prop_ibuf_I_O)         1.482     1.482 r  CLK_IBUF_inst/O
                         net (fo=1, routed)           2.025     3.506    CLK_IBUF
    BUFGCTRL_X0Y16       BUFG (Prop_bufg_I_O)         0.096     3.602 r  CLK_IBUF_BUFG_inst/O
                         net (fo=28, routed)          1.720     5.323    CLK_IBUF_BUFG
    SLICE_X88Y69         FDCE                                         r  r_reg_reg[5]/C
  -------------------------------------------------------------------    -------------------
    SLICE_X88Y69         FDCE (Prop_fdce_C_Q)         0.518     5.841 r  r_reg_reg[5]/Q
                         net (fo=5, routed)           1.853     7.694    RED_VAL_OBUF[5]
    P3                   OBUF (Prop_obuf_I_O)         2.620    10.313 r  RED_VAL_OBUF[5]_inst/O
                         net (fo=0)                   0.000    10.313    RED_VAL[5]
    P3                                                                r  RED_VAL[5] (OUT)
  -------------------------------------------------------------------    -------------------

Slack:                    inf
  Source:                 b_reg_reg[4]/C
                            (rising edge-triggered cell FDCE clocked by sys_clk_pin  {rise@0.000ns fall@5.000ns period=10.000ns})
  Destination:            BLUE_VAL[4]
                            (output port)
  Path Group:             (none)
  Path Type:              Max at Slow Process Corner
  Data Path Delay:        4.964ns  (logic 3.108ns (62.610%)  route 1.856ns (37.390%))
  Logic Levels:           1  (OBUF=1)
  Clock Uncertainty:      0.025ns  ((TSJ^2 + TIJ^2)^1/2 + DJ) / 2 + PE
    Total System Jitter     (TSJ):    0.050ns
    Total Input Jitter      (TIJ):    0.000ns
    Discrete Jitter          (DJ):    0.000ns
    Phase Error              (PE):    0.000ns

    Location             Delay type                Incr(ns)  Path(ns)    Netlist Resource(s)
  -------------------------------------------------------------------    -------------------
                         (clock sys_clk_pin rise edge)
                                                      0.000     0.000 r  
    E3                                                0.000     0.000 r  CLK (IN)
                         net (fo=0)                   0.000     0.000    CLK
    E3                   IBUF (Prop_ibuf_I_O)         1.482     1.482 r  CLK_IBUF_inst/O
                         net (fo=1, routed)           2.025     3.506    CLK_IBUF
    BUFGCTRL_X0Y16       BUFG (Prop_bufg_I_O)         0.096     3.602 r  CLK_IBUF_BUFG_inst/O
                         net (fo=28, routed)          1.733     5.336    CLK_IBUF_BUFG
    SLICE_X89Y52         FDCE                                         r  b_reg_reg[4]/C
  -------------------------------------------------------------------    -------------------
    SLICE_X89Y52         FDCE (Prop_fdce_C_Q)         0.456     5.792 r  b_reg_reg[4]/Q
                         net (fo=5, routed)           1.856     7.648    BLUE_VAL_OBUF[4]
    R7                   OBUF (Prop_obuf_I_O)         2.652    10.299 r  BLUE_VAL_OBUF[4]_inst/O
                         net (fo=0)                   0.000    10.299    BLUE_VAL[4]
    R7                                                                r  BLUE_VAL[4] (OUT)
  -------------------------------------------------------------------    -------------------

Slack:                    inf
  Source:                 b_reg_reg[5]/C
                            (rising edge-triggered cell FDCE clocked by sys_clk_pin  {rise@0.000ns fall@5.000ns period=10.000ns})
  Destination:            BLUE_VAL[5]
                            (output port)
  Path Group:             (none)
  Path Type:              Max at Slow Process Corner
  Data Path Delay:        4.953ns  (logic 3.111ns (62.815%)  route 1.842ns (37.185%))
  Logic Levels:           1  (OBUF=1)
  Clock Uncertainty:      0.025ns  ((TSJ^2 + TIJ^2)^1/2 + DJ) / 2 + PE
    Total System Jitter     (TSJ):    0.050ns
    Total Input Jitter      (TIJ):    0.000ns
    Discrete Jitter          (DJ):    0.000ns
    Phase Error              (PE):    0.000ns

    Location             Delay type                Incr(ns)  Path(ns)    Netlist Resource(s)
  -------------------------------------------------------------------    -------------------
                         (clock sys_clk_pin rise edge)
                                                      0.000     0.000 r  
    E3                                                0.000     0.000 r  CLK (IN)
                         net (fo=0)                   0.000     0.000    CLK
    E3                   IBUF (Prop_ibuf_I_O)         1.482     1.482 r  CLK_IBUF_inst/O
                         net (fo=1, routed)           2.025     3.506    CLK_IBUF
    BUFGCTRL_X0Y16       BUFG (Prop_bufg_I_O)         0.096     3.602 r  CLK_IBUF_BUFG_inst/O
                         net (fo=28, routed)          1.732     5.335    CLK_IBUF_BUFG
    SLICE_X89Y53         FDCE                                         r  b_reg_reg[5]/C
  -------------------------------------------------------------------    -------------------
    SLICE_X89Y53         FDCE (Prop_fdce_C_Q)         0.456     5.791 r  b_reg_reg[5]/Q
                         net (fo=5, routed)           1.842     7.632    BLUE_VAL_OBUF[5]
    U6                   OBUF (Prop_obuf_I_O)         2.655    10.288 r  BLUE_VAL_OBUF[5]_inst/O
                         net (fo=0)                   0.000    10.288    BLUE_VAL[5]
    U6                                                                r  BLUE_VAL[5] (OUT)
  -------------------------------------------------------------------    -------------------

Slack:                    inf
  Source:                 g_reg_reg[4]/C
                            (rising edge-triggered cell FDCE clocked by sys_clk_pin  {rise@0.000ns fall@5.000ns period=10.000ns})
  Destination:            GREEN_VAL[4]
                            (output port)
  Path Group:             (none)
  Path Type:              Max at Slow Process Corner
  Data Path Delay:        4.955ns  (logic 3.099ns (62.544%)  route 1.856ns (37.456%))
  Logic Levels:           1  (OBUF=1)
  Clock Uncertainty:      0.025ns  ((TSJ^2 + TIJ^2)^1/2 + DJ) / 2 + PE
    Total System Jitter     (TSJ):    0.050ns
    Total Input Jitter      (TIJ):    0.000ns
    Discrete Jitter          (DJ):    0.000ns
    Phase Error              (PE):    0.000ns

    Location             Delay type                Incr(ns)  Path(ns)    Netlist Resource(s)
  -------------------------------------------------------------------    -------------------
                         (clock sys_clk_pin rise edge)
                                                      0.000     0.000 r  
    E3                                                0.000     0.000 r  CLK (IN)
                         net (fo=0)                   0.000     0.000    CLK
    E3                   IBUF (Prop_ibuf_I_O)         1.482     1.482 r  CLK_IBUF_inst/O
                         net (fo=1, routed)           2.025     3.506    CLK_IBUF
    BUFGCTRL_X0Y16       BUFG (Prop_bufg_I_O)         0.096     3.602 r  CLK_IBUF_BUFG_inst/O
                         net (fo=28, routed)          1.730     5.333    CLK_IBUF_BUFG
    SLICE_X89Y60         FDCE                                         r  g_reg_reg[4]/C
  -------------------------------------------------------------------    -------------------
    SLICE_X89Y60         FDCE (Prop_fdce_C_Q)         0.456     5.789 r  g_reg_reg[4]/Q
                         net (fo=5, routed)           1.856     7.645    GREEN_VAL_OBUF[4]
    R6                   OBUF (Prop_obuf_I_O)         2.643    10.288 r  GREEN_VAL_OBUF[4]_inst/O
                         net (fo=0)                   0.000    10.288    GREEN_VAL[4]
    R6                                                                r  GREEN_VAL[4] (OUT)
  -------------------------------------------------------------------    -------------------





Min Delay Paths
--------------------------------------------------------------------------------------
Slack:                    inf
  Source:                 r_reg_reg[2]/C
                            (rising edge-triggered cell FDCE clocked by sys_clk_pin  {rise@0.000ns fall@5.000ns period=10.000ns})
  Destination:            RED_VAL[2]
                            (output port)
  Path Group:             (none)
  Path Type:              Min at Fast Process Corner
  Data Path Delay:        1.608ns  (logic 1.282ns (79.738%)  route 0.326ns (20.262%))
  Logic Levels:           1  (OBUF=1)
  Clock Uncertainty:      0.025ns  ((TSJ^2 + TIJ^2)^1/2 + DJ) / 2 + PE
    Total System Jitter     (TSJ):    0.050ns
    Total Input Jitter      (TIJ):    0.000ns
    Discrete Jitter          (DJ):    0.000ns
    Phase Error              (PE):    0.000ns

    Location             Delay type                Incr(ns)  Path(ns)    Netlist Resource(s)
  -------------------------------------------------------------------    -------------------
                         (clock sys_clk_pin rise edge)
                                                      0.000     0.000 r  
    E3                                                0.000     0.000 r  CLK (IN)
                         net (fo=0)                   0.000     0.000    CLK
    E3                   IBUF (Prop_ibuf_I_O)         0.250     0.250 r  CLK_IBUF_inst/O
                         net (fo=1, routed)           0.644     0.894    CLK_IBUF
    BUFGCTRL_X0Y16       BUFG (Prop_bufg_I_O)         0.026     0.920 r  CLK_IBUF_BUFG_inst/O
                         net (fo=28, routed)          0.600     1.519    CLK_IBUF_BUFG
    SLICE_X88Y68         FDCE                                         r  r_reg_reg[2]/C
  -------------------------------------------------------------------    -------------------
    SLICE_X88Y68         FDCE (Prop_fdce_C_Q)         0.164     1.683 r  r_reg_reg[2]/Q
                         net (fo=5, routed)           0.326     2.009    RED_VAL_OBUF[2]
    M4                   OBUF (Prop_obuf_I_O)         1.118     3.127 r  RED_VAL_OBUF[2]_inst/O
                         net (fo=0)                   0.000     3.127    RED_VAL[2]
    M4                                                                r  RED_VAL[2] (OUT)
  -------------------------------------------------------------------    -------------------

Slack:                    inf
  Source:                 b_reg_reg[2]/C
                            (rising edge-triggered cell FDCE clocked by sys_clk_pin  {rise@0.000ns fall@5.000ns period=10.000ns})
  Destination:            BLUE_VAL[2]
                            (output port)
  Path Group:             (none)
  Path Type:              Min at Fast Process Corner
  Data Path Delay:        1.623ns  (logic 1.294ns (79.746%)  route 0.329ns (20.254%))
  Logic Levels:           1  (OBUF=1)
  Clock Uncertainty:      0.025ns  ((TSJ^2 + TIJ^2)^1/2 + DJ) / 2 + PE
    Total System Jitter     (TSJ):    0.050ns
    Total Input Jitter      (TIJ):    0.000ns
    Discrete Jitter          (DJ):    0.000ns
    Phase Error              (PE):    0.000ns

    Location             Delay type                Incr(ns)  Path(ns)    Netlist Resource(s)
  -------------------------------------------------------------------    -------------------
                         (clock sys_clk_pin rise edge)
                                                      0.000     0.000 r  
    E3                                                0.000     0.000 r  CLK (IN)
                         net (fo=0)                   0.000     0.000    CLK
    E3                   IBUF (Prop_ibuf_I_O)         0.250     0.250 r  CLK_IBUF_inst/O
                         net (fo=1, routed)           0.644     0.894    CLK_IBUF
    BUFGCTRL_X0Y16       BUFG (Prop_bufg_I_O)         0.026     0.920 r  CLK_IBUF_BUFG_inst/O
                         net (fo=28, routed)          0.608     1.527    CLK_IBUF_BUFG
    SLICE_X89Y52         FDCE                                         r  b_reg_reg[2]/C
  -------------------------------------------------------------------    -------------------
    SLICE_X89Y52         FDCE (Prop_fdce_C_Q)         0.141     1.668 r  b_reg_reg[2]/Q
                         net (fo=5, routed)           0.329     1.997    BLUE_VAL_OBUF[2]
    R8                   OBUF (Prop_obuf_I_O)         1.153     3.150 r  BLUE_VAL_OBUF[2]_inst/O
                         net (fo=0)                   0.000     3.150    BLUE_VAL[2]
    R8                                                                r  BLUE_VAL[2] (OUT)
  -------------------------------------------------------------------    -------------------

Slack:                    inf
  Source:                 g_reg_reg[2]/C
                            (rising edge-triggered cell FDCE clocked by sys_clk_pin  {rise@0.000ns fall@5.000ns period=10.000ns})
  Destination:            GREEN_VAL[2]
                            (output port)
  Path Group:             (none)
  Path Type:              Min at Fast Process Corner
  Data Path Delay:        1.644ns  (logic 1.316ns (80.007%)  route 0.329ns (19.993%))
  Logic Levels:           1  (OBUF=1)
  Clock Uncertainty:      0.025ns  ((TSJ^2 + TIJ^2)^1/2 + DJ) / 2 + PE
    Total System Jitter     (TSJ):    0.050ns
    Total Input Jitter      (TIJ):    0.000ns
    Discrete Jitter          (DJ):    0.000ns
    Phase Error              (PE):    0.000ns

    Location             Delay type                Incr(ns)  Path(ns)    Netlist Resource(s)
  -------------------------------------------------------------------    -------------------
                         (clock sys_clk_pin rise edge)
                                                      0.000     0.000 r  
    E3                                                0.000     0.000 r  CLK (IN)
                         net (fo=0)                   0.000     0.000    CLK
    E3                   IBUF (Prop_ibuf_I_O)         0.250     0.250 r  CLK_IBUF_inst/O
                         net (fo=1, routed)           0.644     0.894    CLK_IBUF
    BUFGCTRL_X0Y16       BUFG (Prop_bufg_I_O)         0.026     0.920 r  CLK_IBUF_BUFG_inst/O
                         net (fo=28, routed)          0.605     1.524    CLK_IBUF_BUFG
    SLICE_X89Y60         FDCE                                         r  g_reg_reg[2]/C
  -------------------------------------------------------------------    -------------------
    SLICE_X89Y60         FDCE (Prop_fdce_C_Q)         0.141     1.665 r  g_reg_reg[2]/Q
                         net (fo=5, routed)           0.329     1.994    GREEN_VAL_OBUF[2]
    V7                   OBUF (Prop_obuf_I_O)         1.175     3.169 r  GREEN_VAL_OBUF[2]_inst/O
                         net (fo=0)                   0.000     3.169    GREEN_VAL[2]
    V7                                                                r  GREEN_VAL[2] (OUT)
  -------------------------------------------------------------------    -------------------

Slack:                    inf
  Source:                 g_reg_reg[3]/C
                            (rising edge-triggered cell FDCE clocked by sys_clk_pin  {rise@0.000ns fall@5.000ns period=10.000ns})
  Destination:            GREEN_VAL[3]
                            (output port)
  Path Group:             (none)
  Path Type:              Min at Fast Process Corner
  Data Path Delay:        1.661ns  (logic 1.291ns (77.740%)  route 0.370ns (22.260%))
  Logic Levels:           1  (OBUF=1)
  Clock Uncertainty:      0.025ns  ((TSJ^2 + TIJ^2)^1/2 + DJ) / 2 + PE
    Total System Jitter     (TSJ):    0.050ns
    Total Input Jitter      (TIJ):    0.000ns
    Discrete Jitter          (DJ):    0.000ns
    Phase Error              (PE):    0.000ns

    Location             Delay type                Incr(ns)  Path(ns)    Netlist Resource(s)
  -------------------------------------------------------------------    -------------------
                         (clock sys_clk_pin rise edge)
                                                      0.000     0.000 r  
    E3                                                0.000     0.000 r  CLK (IN)
                         net (fo=0)                   0.000     0.000    CLK
    E3                   IBUF (Prop_ibuf_I_O)         0.250     0.250 r  CLK_IBUF_inst/O
                         net (fo=1, routed)           0.644     0.894    CLK_IBUF
    BUFGCTRL_X0Y16       BUFG (Prop_bufg_I_O)         0.026     0.920 r  CLK_IBUF_BUFG_inst/O
                         net (fo=28, routed)          0.605     1.524    CLK_IBUF_BUFG
    SLICE_X89Y60         FDCE                                         r  g_reg_reg[3]/C
  -------------------------------------------------------------------    -------------------
    SLICE_X89Y60         FDCE (Prop_fdce_C_Q)         0.141     1.665 r  g_reg_reg[3]/Q
                         net (fo=5, routed)           0.370     2.035    GREEN_VAL_OBUF[3]
    R5                   OBUF (Prop_obuf_I_O)         1.150     3.185 r  GREEN_VAL_OBUF[3]_inst/O
                         net (fo=0)                   0.000     3.185    GREEN_VAL[3]
    R5                                                                r  GREEN_VAL[3] (OUT)
  -------------------------------------------------------------------    -------------------

Slack:                    inf
  Source:                 r_reg_reg[1]/C
                            (rising edge-triggered cell FDCE clocked by sys_clk_pin  {rise@0.000ns fall@5.000ns period=10.000ns})
  Destination:            RED_VAL[1]
                            (output port)
  Path Group:             (none)
  Path Type:              Min at Fast Process Corner
  Data Path Delay:        1.667ns  (logic 1.293ns (77.590%)  route 0.373ns (22.410%))
  Logic Levels:           1  (OBUF=1)
  Clock Uncertainty:      0.025ns  ((TSJ^2 + TIJ^2)^1/2 + DJ) / 2 + PE
    Total System Jitter     (TSJ):    0.050ns
    Total Input Jitter      (TIJ):    0.000ns
    Discrete Jitter          (DJ):    0.000ns
    Phase Error              (PE):    0.000ns

    Location             Delay type                Incr(ns)  Path(ns)    Netlist Resource(s)
  -------------------------------------------------------------------    -------------------
                         (clock sys_clk_pin rise edge)
                                                      0.000     0.000 r  
    E3                                                0.000     0.000 r  CLK (IN)
                         net (fo=0)                   0.000     0.000    CLK
    E3                   IBUF (Prop_ibuf_I_O)         0.250     0.250 r  CLK_IBUF_inst/O
                         net (fo=1, routed)           0.644     0.894    CLK_IBUF
    BUFGCTRL_X0Y16       BUFG (Prop_bufg_I_O)         0.026     0.920 r  CLK_IBUF_BUFG_inst/O
                         net (fo=28, routed)          0.600     1.519    CLK_IBUF_BUFG
    SLICE_X88Y68         FDCE                                         r  r_reg_reg[1]/C
  -------------------------------------------------------------------    -------------------
    SLICE_X88Y68         FDCE (Prop_fdce_C_Q)         0.164     1.683 r  r_reg_reg[1]/Q
                         net (fo=5, routed)           0.373     2.057    RED_VAL_OBUF[1]
    N4                   OBUF (Prop_obuf_I_O)         1.129     3.186 r  RED_VAL_OBUF[1]_inst/O
                         net (fo=0)                   0.000     3.186    RED_VAL[1]
    N4                                                                r  RED_VAL[1] (OUT)
  -------------------------------------------------------------------    -------------------

Slack:                    inf
  Source:                 g_reg_reg[7]/C
                            (rising edge-triggered cell FDCE clocked by sys_clk_pin  {rise@0.000ns fall@5.000ns period=10.000ns})
  Destination:            GREEN_VAL[7]
                            (output port)
  Path Group:             (none)
  Path Type:              Min at Fast Process Corner
  Data Path Delay:        1.662ns  (logic 1.283ns (77.204%)  route 0.379ns (22.796%))
  Logic Levels:           1  (OBUF=1)
  Clock Uncertainty:      0.025ns  ((TSJ^2 + TIJ^2)^1/2 + DJ) / 2 + PE
    Total System Jitter     (TSJ):    0.050ns
    Total Input Jitter      (TIJ):    0.000ns
    Discrete Jitter          (DJ):    0.000ns
    Phase Error              (PE):    0.000ns

    Location             Delay type                Incr(ns)  Path(ns)    Netlist Resource(s)
  -------------------------------------------------------------------    -------------------
                         (clock sys_clk_pin rise edge)
                                                      0.000     0.000 r  
    E3                                                0.000     0.000 r  CLK (IN)
                         net (fo=0)                   0.000     0.000    CLK
    E3                   IBUF (Prop_ibuf_I_O)         0.250     0.250 r  CLK_IBUF_inst/O
                         net (fo=1, routed)           0.644     0.894    CLK_IBUF
    BUFGCTRL_X0Y16       BUFG (Prop_bufg_I_O)         0.026     0.920 r  CLK_IBUF_BUFG_inst/O
                         net (fo=28, routed)          0.605     1.524    CLK_IBUF_BUFG
    SLICE_X89Y61         FDCE                                         r  g_reg_reg[7]/C
  -------------------------------------------------------------------    -------------------
    SLICE_X89Y61         FDCE (Prop_fdce_C_Q)         0.141     1.665 r  g_reg_reg[7]/Q
                         net (fo=3, routed)           0.379     2.044    GREEN_VAL_OBUF[7]
    T1                   OBUF (Prop_obuf_I_O)         1.142     3.186 r  GREEN_VAL_OBUF[7]_inst/O
                         net (fo=0)                   0.000     3.186    GREEN_VAL[7]
    T1                                                                r  GREEN_VAL[7] (OUT)
  -------------------------------------------------------------------    -------------------

Slack:                    inf
  Source:                 r_reg_reg[3]/C
                            (rising edge-triggered cell FDCE clocked by sys_clk_pin  {rise@0.000ns fall@5.000ns period=10.000ns})
  Destination:            RED_VAL[3]
                            (output port)
  Path Group:             (none)
  Path Type:              Min at Fast Process Corner
  Data Path Delay:        1.675ns  (logic 1.304ns (77.843%)  route 0.371ns (22.157%))
  Logic Levels:           1  (OBUF=1)
  Clock Uncertainty:      0.025ns  ((TSJ^2 + TIJ^2)^1/2 + DJ) / 2 + PE
    Total System Jitter     (TSJ):    0.050ns
    Total Input Jitter      (TIJ):    0.000ns
    Discrete Jitter          (DJ):    0.000ns
    Phase Error              (PE):    0.000ns

    Location             Delay type                Incr(ns)  Path(ns)    Netlist Resource(s)
  -------------------------------------------------------------------    -------------------
                         (clock sys_clk_pin rise edge)
                                                      0.000     0.000 r  
    E3                                                0.000     0.000 r  CLK (IN)
                         net (fo=0)                   0.000     0.000    CLK
    E3                   IBUF (Prop_ibuf_I_O)         0.250     0.250 r  CLK_IBUF_inst/O
                         net (fo=1, routed)           0.644     0.894    CLK_IBUF
    BUFGCTRL_X0Y16       BUFG (Prop_bufg_I_O)         0.026     0.920 r  CLK_IBUF_BUFG_inst/O
                         net (fo=28, routed)          0.600     1.519    CLK_IBUF_BUFG
    SLICE_X88Y68         FDCE                                         r  r_reg_reg[3]/C
  -------------------------------------------------------------------    -------------------
    SLICE_X88Y68         FDCE (Prop_fdce_C_Q)         0.164     1.683 r  r_reg_reg[3]/Q
                         net (fo=5, routed)           0.371     2.054    RED_VAL_OBUF[3]
    R2                   OBUF (Prop_obuf_I_O)         1.140     3.194 r  RED_VAL_OBUF[3]_inst/O
                         net (fo=0)                   0.000     3.194    RED_VAL[3]
    R2                                                                r  RED_VAL[3] (OUT)
  -------------------------------------------------------------------    -------------------

Slack:                    inf
  Source:                 g_reg_reg[6]/C
                            (rising edge-triggered cell FDCE clocked by sys_clk_pin  {rise@0.000ns fall@5.000ns period=10.000ns})
  Destination:            GREEN_VAL[6]
                            (output port)
  Path Group:             (none)
  Path Type:              Min at Fast Process Corner
  Data Path Delay:        1.672ns  (logic 1.282ns (76.675%)  route 0.390ns (23.325%))
  Logic Levels:           1  (OBUF=1)
  Clock Uncertainty:      0.025ns  ((TSJ^2 + TIJ^2)^1/2 + DJ) / 2 + PE
    Total System Jitter     (TSJ):    0.050ns
    Total Input Jitter      (TIJ):    0.000ns
    Discrete Jitter          (DJ):    0.000ns
    Phase Error              (PE):    0.000ns

    Location             Delay type                Incr(ns)  Path(ns)    Netlist Resource(s)
  -------------------------------------------------------------------    -------------------
                         (clock sys_clk_pin rise edge)
                                                      0.000     0.000 r  
    E3                                                0.000     0.000 r  CLK (IN)
                         net (fo=0)                   0.000     0.000    CLK
    E3                   IBUF (Prop_ibuf_I_O)         0.250     0.250 r  CLK_IBUF_inst/O
                         net (fo=1, routed)           0.644     0.894    CLK_IBUF
    BUFGCTRL_X0Y16       BUFG (Prop_bufg_I_O)         0.026     0.920 r  CLK_IBUF_BUFG_inst/O
                         net (fo=28, routed)          0.605     1.524    CLK_IBUF_BUFG
    SLICE_X89Y61         FDCE                                         r  g_reg_reg[6]/C
  -------------------------------------------------------------------    -------------------
    SLICE_X89Y61         FDCE (Prop_fdce_C_Q)         0.141     1.665 r  g_reg_reg[6]/Q
                         net (fo=4, routed)           0.390     2.055    GREEN_VAL_OBUF[6]
    M6                   OBUF (Prop_obuf_I_O)         1.141     3.196 r  GREEN_VAL_OBUF[6]_inst/O
                         net (fo=0)                   0.000     3.196    GREEN_VAL[6]
    M6                                                                r  GREEN_VAL[6] (OUT)
  -------------------------------------------------------------------    -------------------

Slack:                    inf
  Source:                 r_reg_reg[7]/C
                            (rising edge-triggered cell FDCE clocked by sys_clk_pin  {rise@0.000ns fall@5.000ns period=10.000ns})
  Destination:            RED_VAL[7]
                            (output port)
  Path Group:             (none)
  Path Type:              Min at Fast Process Corner
  Data Path Delay:        1.682ns  (logic 1.306ns (77.642%)  route 0.376ns (22.358%))
  Logic Levels:           1  (OBUF=1)
  Clock Uncertainty:      0.025ns  ((TSJ^2 + TIJ^2)^1/2 + DJ) / 2 + PE
    Total System Jitter     (TSJ):    0.050ns
    Total Input Jitter      (TIJ):    0.000ns
    Discrete Jitter          (DJ):    0.000ns
    Phase Error              (PE):    0.000ns

    Location             Delay type                Incr(ns)  Path(ns)    Netlist Resource(s)
  -------------------------------------------------------------------    -------------------
                         (clock sys_clk_pin rise edge)
                                                      0.000     0.000 r  
    E3                                                0.000     0.000 r  CLK (IN)
                         net (fo=0)                   0.000     0.000    CLK
    E3                   IBUF (Prop_ibuf_I_O)         0.250     0.250 r  CLK_IBUF_inst/O
                         net (fo=1, routed)           0.644     0.894    CLK_IBUF
    BUFGCTRL_X0Y16       BUFG (Prop_bufg_I_O)         0.026     0.920 r  CLK_IBUF_BUFG_inst/O
                         net (fo=28, routed)          0.599     1.518    CLK_IBUF_BUFG
    SLICE_X88Y69         FDCE                                         r  r_reg_reg[7]/C
  -------------------------------------------------------------------    -------------------
    SLICE_X88Y69         FDCE (Prop_fdce_C_Q)         0.164     1.682 r  r_reg_reg[7]/Q
                         net (fo=3, routed)           0.376     2.058    RED_VAL_OBUF[7]
    P5                   OBUF (Prop_obuf_I_O)         1.142     3.201 r  RED_VAL_OBUF[7]_inst/O
                         net (fo=0)                   0.000     3.201    RED_VAL[7]
    P5                                                                r  RED_VAL[7] (OUT)
  -------------------------------------------------------------------    -------------------

Slack:                    inf
  Source:                 b_reg_reg[3]/C
                            (rising edge-triggered cell FDCE clocked by sys_clk_pin  {rise@0.000ns fall@5.000ns period=10.000ns})
  Destination:            BLUE_VAL[3]
                            (output port)
  Path Group:             (none)
  Path Type:              Min at Fast Process Corner
  Data Path Delay:        1.675ns  (logic 1.306ns (77.930%)  route 0.370ns (22.070%))
  Logic Levels:           1  (OBUF=1)
  Clock Uncertainty:      0.025ns  ((TSJ^2 + TIJ^2)^1/2 + DJ) / 2 + PE
    Total System Jitter     (TSJ):    0.050ns
    Total Input Jitter      (TIJ):    0.000ns
    Discrete Jitter          (DJ):    0.000ns
    Phase Error              (PE):    0.000ns

    Location             Delay type                Incr(ns)  Path(ns)    Netlist Resource(s)
  -------------------------------------------------------------------    -------------------
                         (clock sys_clk_pin rise edge)
                                                      0.000     0.000 r  
    E3                                                0.000     0.000 r  CLK (IN)
                         net (fo=0)                   0.000     0.000    CLK
    E3                   IBUF (Prop_ibuf_I_O)         0.250     0.250 r  CLK_IBUF_inst/O
                         net (fo=1, routed)           0.644     0.894    CLK_IBUF
    BUFGCTRL_X0Y16       BUFG (Prop_bufg_I_O)         0.026     0.920 r  CLK_IBUF_BUFG_inst/O
                         net (fo=28, routed)          0.608     1.527    CLK_IBUF_BUFG
    SLICE_X89Y52         FDCE                                         r  b_reg_reg[3]/C
  -------------------------------------------------------------------    -------------------
    SLICE_X89Y52         FDCE (Prop_fdce_C_Q)         0.141     1.668 r  b_reg_reg[3]/Q
                         net (fo=5, routed)           0.370     2.038    BLUE_VAL_OBUF[3]
    T6                   OBUF (Prop_obuf_I_O)         1.165     3.203 r  BLUE_VAL_OBUF[3]_inst/O
                         net (fo=0)                   0.000     3.203    BLUE_VAL[3]
    T6                                                                r  BLUE_VAL[3] (OUT)
  -------------------------------------------------------------------    -------------------





--------------------------------------------------------------------------------------
Path Group:  (none)
From Clock:  
  To Clock:  sys_clk_pin

Max Delay            79 Endpoints
Min Delay            79 Endpoints
--------------------------------------------------------------------------------------


Max Delay Paths
--------------------------------------------------------------------------------------
Slack:                    inf
  Source:                 BTN_UP_CLEAN
                            (input port)
  Destination:            b_reg_reg[6]/D
                            (rising edge-triggered cell FDCE clocked by sys_clk_pin  {rise@0.000ns fall@5.000ns period=10.000ns})
  Path Group:             (none)
  Path Type:              Setup (Max at Slow Process Corner)
  Data Path Delay:        4.356ns  (logic 1.972ns (45.273%)  route 2.384ns (54.727%))
  Logic Levels:           4  (CARRY4=2 IBUF=1 LUT2=1)
  Clock Path Skew:        5.035ns (DCD - SCD + CPR)
    Destination Clock Delay (DCD):    5.035ns
    Source Clock Delay      (SCD):    0.000ns
    Clock Pessimism Removal (CPR):    0.000ns
  Clock Uncertainty:      0.025ns  ((TSJ^2 + TIJ^2)^1/2 + DJ) / 2 + PE
    Total System Jitter     (TSJ):    0.050ns
    Total Input Jitter      (TIJ):    0.000ns
    Discrete Jitter          (DJ):    0.000ns
    Phase Error              (PE):    0.000ns

    Location             Delay type                Incr(ns)  Path(ns)    Netlist Resource(s)
  -------------------------------------------------------------------    -------------------
    T3                                                0.000     0.000 r  BTN_UP_CLEAN (IN)
                         net (fo=0)                   0.000     0.000    BTN_UP_CLEAN
    T3                   IBUF (Prop_ibuf_I_O)         0.982     0.982 r  BTN_UP_CLEAN_IBUF_inst/O
                         net (fo=11, routed)          2.384     3.366    BTN_UP_CLEAN_IBUF
    SLICE_X89Y52         LUT2 (Prop_lut2_I1_O)        0.124     3.490 r  b_reg[4]_i_5/O
                         net (fo=1, routed)           0.000     3.490    b_reg[4]_i_5_n_0
    SLICE_X89Y52         CARRY4 (Prop_carry4_S[0]_CO[3])
                                                      0.532     4.022 r  b_reg_reg[4]_i_1/CO[3]
                         net (fo=1, routed)           0.000     4.022    b_reg_reg[4]_i_1_n_0
    SLICE_X89Y53         CARRY4 (Prop_carry4_CI_O[1])
                                                      0.334     4.356 r  b_reg_reg[7]_i_2/O[1]
                         net (fo=1, routed)           0.000     4.356    b_reg_reg[7]_i_2_n_6
    SLICE_X89Y53         FDCE                                         r  b_reg_reg[6]/D
  -------------------------------------------------------------------    -------------------

                         (clock sys_clk_pin rise edge)
                                                      0.000     0.000 r  
    E3                                                0.000     0.000 r  CLK (IN)
                         net (fo=0)                   0.000     0.000    CLK
    E3                   IBUF (Prop_ibuf_I_O)         1.411     1.411 r  CLK_IBUF_inst/O
                         net (fo=1, routed)           1.920     3.331    CLK_IBUF
    BUFGCTRL_X0Y16       BUFG (Prop_bufg_I_O)         0.091     3.422 r  CLK_IBUF_BUFG_inst/O
                         net (fo=28, routed)          1.612     5.035    CLK_IBUF_BUFG
    SLICE_X89Y53         FDCE                                         r  b_reg_reg[6]/C

Slack:                    inf
  Source:                 BTN_UP_CLEAN
                            (input port)
  Destination:            g_reg_reg[6]/D
                            (rising edge-triggered cell FDCE clocked by sys_clk_pin  {rise@0.000ns fall@5.000ns period=10.000ns})
  Path Group:             (none)
  Path Type:              Setup (Max at Slow Process Corner)
  Data Path Delay:        4.265ns  (logic 1.972ns (46.233%)  route 2.293ns (53.767%))
  Logic Levels:           4  (CARRY4=2 IBUF=1 LUT2=1)
  Clock Path Skew:        5.032ns (DCD - SCD + CPR)
    Destination Clock Delay (DCD):    5.032ns
    Source Clock Delay      (SCD):    0.000ns
    Clock Pessimism Removal (CPR):    0.000ns
  Clock Uncertainty:      0.025ns  ((TSJ^2 + TIJ^2)^1/2 + DJ) / 2 + PE
    Total System Jitter     (TSJ):    0.050ns
    Total Input Jitter      (TIJ):    0.000ns
    Discrete Jitter          (DJ):    0.000ns
    Phase Error              (PE):    0.000ns

    Location             Delay type                Incr(ns)  Path(ns)    Netlist Resource(s)
  -------------------------------------------------------------------    -------------------
    T3                                                0.000     0.000 r  BTN_UP_CLEAN (IN)
                         net (fo=0)                   0.000     0.000    BTN_UP_CLEAN
    T3                   IBUF (Prop_ibuf_I_O)         0.982     0.982 r  BTN_UP_CLEAN_IBUF_inst/O
                         net (fo=11, routed)          2.293     3.275    BTN_UP_CLEAN_IBUF
    SLICE_X89Y60         LUT2 (Prop_lut2_I1_O)        0.124     3.399 r  g_reg[4]_i_5/O
                         net (fo=1, routed)           0.000     3.399    g_reg[4]_i_5_n_0
    SLICE_X89Y60         CARRY4 (Prop_carry4_S[0]_CO[3])
                                                      0.532     3.931 r  g_reg_reg[4]_i_1/CO[3]
                         net (fo=1, routed)           0.000     3.931    g_reg_reg[4]_i_1_n_0
    SLICE_X89Y61         CARRY4 (Prop_carry4_CI_O[1])
                                                      0.334     4.265 r  g_reg_reg[7]_i_2/O[1]
                         net (fo=1, routed)           0.000     4.265    g_reg_reg[7]_i_2_n_6
    SLICE_X89Y61         FDCE                                         r  g_reg_reg[6]/D
  -------------------------------------------------------------------    -------------------

                         (clock sys_clk_pin rise edge)
                                                      0.000     0.000 r  
    E3                                                0.000     0.000 r  CLK (IN)
                         net (fo=0)                   0.000     0.000    CLK
    E3                   IBUF (Prop_ibuf_I_O)         1.411     1.411 r  CLK_IBUF_inst/O
                         net (fo=1, routed)           1.920     3.331    CLK_IBUF
    BUFGCTRL_X0Y16       BUFG (Prop_bufg_I_O)         0.091     3.422 r  CLK_IBUF_BUFG_inst/O
                         net (fo=28, routed)          1.609     5.032    CLK_IBUF_BUFG
    SLICE_X89Y61         FDCE                                         r  g_reg_reg[6]/C

Slack:                    inf
  Source:                 BTN_UP_CLEAN
                            (input port)
  Destination:            b_reg_reg[7]/D
                            (rising edge-triggered cell FDCE clocked by sys_clk_pin  {rise@0.000ns fall@5.000ns period=10.000ns})
  Path Group:             (none)
  Path Type:              Setup (Max at Slow Process Corner)
  Data Path Delay:        4.261ns  (logic 1.877ns (44.052%)  route 2.384ns (55.948%))
  Logic Levels:           4  (CARRY4=2 IBUF=1 LUT2=1)
  Clock Path Skew:        5.035ns (DCD - SCD + CPR)
    Destination Clock Delay (DCD):    5.035ns
    Source Clock Delay      (SCD):    0.000ns
    Clock Pessimism Removal (CPR):    0.000ns
  Clock Uncertainty:      0.025ns  ((TSJ^2 + TIJ^2)^1/2 + DJ) / 2 + PE
    Total System Jitter     (TSJ):    0.050ns
    Total Input Jitter      (TIJ):    0.000ns
    Discrete Jitter          (DJ):    0.000ns
    Phase Error              (PE):    0.000ns

    Location             Delay type                Incr(ns)  Path(ns)    Netlist Resource(s)
  -------------------------------------------------------------------    -------------------
    T3                                                0.000     0.000 r  BTN_UP_CLEAN (IN)
                         net (fo=0)                   0.000     0.000    BTN_UP_CLEAN
    T3                   IBUF (Prop_ibuf_I_O)         0.982     0.982 r  BTN_UP_CLEAN_IBUF_inst/O
                         net (fo=11, routed)          2.384     3.366    BTN_UP_CLEAN_IBUF
    SLICE_X89Y52         LUT2 (Prop_lut2_I1_O)        0.124     3.490 r  b_reg[4]_i_5/O
                         net (fo=1, routed)           0.000     3.490    b_reg[4]_i_5_n_0
    SLICE_X89Y52         CARRY4 (Prop_carry4_S[0]_CO[3])
                                                      0.532     4.022 r  b_reg_reg[4]_i_1/CO[3]
                         net (fo=1, routed)           0.000     4.022    b_reg_reg[4]_i_1_n_0
    SLICE_X89Y53         CARRY4 (Prop_carry4_CI_O[2])
                                                      0.239     4.261 r  b_reg_reg[7]_i_2/O[2]
                         net (fo=1, routed)           0.000     4.261    b_reg_reg[7]_i_2_n_5
    SLICE_X89Y53         FDCE                                         r  b_reg_reg[7]/D
  -------------------------------------------------------------------    -------------------

                         (clock sys_clk_pin rise edge)
                                                      0.000     0.000 r  
    E3                                                0.000     0.000 r  CLK (IN)
                         net (fo=0)                   0.000     0.000    CLK
    E3                   IBUF (Prop_ibuf_I_O)         1.411     1.411 r  CLK_IBUF_inst/O
                         net (fo=1, routed)           1.920     3.331    CLK_IBUF
    BUFGCTRL_X0Y16       BUFG (Prop_bufg_I_O)         0.091     3.422 r  CLK_IBUF_BUFG_inst/O
                         net (fo=28, routed)          1.612     5.035    CLK_IBUF_BUFG
    SLICE_X89Y53         FDCE                                         r  b_reg_reg[7]/C

Slack:                    inf
  Source:                 BTN_UP_CLEAN
                            (input port)
  Destination:            b_reg_reg[5]/D
                            (rising edge-triggered cell FDCE clocked by sys_clk_pin  {rise@0.000ns fall@5.000ns period=10.000ns})
  Path Group:             (none)
  Path Type:              Setup (Max at Slow Process Corner)
  Data Path Delay:        4.245ns  (logic 1.861ns (43.842%)  route 2.384ns (56.158%))
  Logic Levels:           4  (CARRY4=2 IBUF=1 LUT2=1)
  Clock Path Skew:        5.035ns (DCD - SCD + CPR)
    Destination Clock Delay (DCD):    5.035ns
    Source Clock Delay      (SCD):    0.000ns
    Clock Pessimism Removal (CPR):    0.000ns
  Clock Uncertainty:      0.025ns  ((TSJ^2 + TIJ^2)^1/2 + DJ) / 2 + PE
    Total System Jitter     (TSJ):    0.050ns
    Total Input Jitter      (TIJ):    0.000ns
    Discrete Jitter          (DJ):    0.000ns
    Phase Error              (PE):    0.000ns

    Location             Delay type                Incr(ns)  Path(ns)    Netlist Resource(s)
  -------------------------------------------------------------------    -------------------
    T3                                                0.000     0.000 r  BTN_UP_CLEAN (IN)
                         net (fo=0)                   0.000     0.000    BTN_UP_CLEAN
    T3                   IBUF (Prop_ibuf_I_O)         0.982     0.982 r  BTN_UP_CLEAN_IBUF_inst/O
                         net (fo=11, routed)          2.384     3.366    BTN_UP_CLEAN_IBUF
    SLICE_X89Y52         LUT2 (Prop_lut2_I1_O)        0.124     3.490 r  b_reg[4]_i_5/O
                         net (fo=1, routed)           0.000     3.490    b_reg[4]_i_5_n_0
    SLICE_X89Y52         CARRY4 (Prop_carry4_S[0]_CO[3])
                                                      0.532     4.022 r  b_reg_reg[4]_i_1/CO[3]
                         net (fo=1, routed)           0.000     4.022    b_reg_reg[4]_i_1_n_0
    SLICE_X89Y53         CARRY4 (Prop_carry4_CI_O[0])
                                                      0.223     4.245 r  b_reg_reg[7]_i_2/O[0]
                         net (fo=1, routed)           0.000     4.245    b_reg_reg[7]_i_2_n_7
    SLICE_X89Y53         FDCE                                         r  b_reg_reg[5]/D
  -------------------------------------------------------------------    -------------------

                         (clock sys_clk_pin rise edge)
                                                      0.000     0.000 r  
    E3                                                0.000     0.000 r  CLK (IN)
                         net (fo=0)                   0.000     0.000    CLK
    E3                   IBUF (Prop_ibuf_I_O)         1.411     1.411 r  CLK_IBUF_inst/O
                         net (fo=1, routed)           1.920     3.331    CLK_IBUF
    BUFGCTRL_X0Y16       BUFG (Prop_bufg_I_O)         0.091     3.422 r  CLK_IBUF_BUFG_inst/O
                         net (fo=28, routed)          1.612     5.035    CLK_IBUF_BUFG
    SLICE_X89Y53         FDCE                                         r  b_reg_reg[5]/C

Slack:                    inf
  Source:                 BTN_UP_CLEAN
                            (input port)
  Destination:            g_reg_reg[7]/D
                            (rising edge-triggered cell FDCE clocked by sys_clk_pin  {rise@0.000ns fall@5.000ns period=10.000ns})
  Path Group:             (none)
  Path Type:              Setup (Max at Slow Process Corner)
  Data Path Delay:        4.170ns  (logic 1.877ns (45.009%)  route 2.293ns (54.991%))
  Logic Levels:           4  (CARRY4=2 IBUF=1 LUT2=1)
  Clock Path Skew:        5.032ns (DCD - SCD + CPR)
    Destination Clock Delay (DCD):    5.032ns
    Source Clock Delay      (SCD):    0.000ns
    Clock Pessimism Removal (CPR):    0.000ns
  Clock Uncertainty:      0.025ns  ((TSJ^2 + TIJ^2)^1/2 + DJ) / 2 + PE
    Total System Jitter     (TSJ):    0.050ns
    Total Input Jitter      (TIJ):    0.000ns
    Discrete Jitter          (DJ):    0.000ns
    Phase Error              (PE):    0.000ns

    Location             Delay type                Incr(ns)  Path(ns)    Netlist Resource(s)
  -------------------------------------------------------------------    -------------------
    T3                                                0.000     0.000 r  BTN_UP_CLEAN (IN)
                         net (fo=0)                   0.000     0.000    BTN_UP_CLEAN
    T3                   IBUF (Prop_ibuf_I_O)         0.982     0.982 r  BTN_UP_CLEAN_IBUF_inst/O
                         net (fo=11, routed)          2.293     3.275    BTN_UP_CLEAN_IBUF
    SLICE_X89Y60         LUT2 (Prop_lut2_I1_O)        0.124     3.399 r  g_reg[4]_i_5/O
                         net (fo=1, routed)           0.000     3.399    g_reg[4]_i_5_n_0
    SLICE_X89Y60         CARRY4 (Prop_carry4_S[0]_CO[3])
                                                      0.532     3.931 r  g_reg_reg[4]_i_1/CO[3]
                         net (fo=1, routed)           0.000     3.931    g_reg_reg[4]_i_1_n_0
    SLICE_X89Y61         CARRY4 (Prop_carry4_CI_O[2])
                                                      0.239     4.170 r  g_reg_reg[7]_i_2/O[2]
                         net (fo=1, routed)           0.000     4.170    g_reg_reg[7]_i_2_n_5
    SLICE_X89Y61         FDCE                                         r  g_reg_reg[7]/D
  -------------------------------------------------------------------    -------------------

                         (clock sys_clk_pin rise edge)
                                                      0.000     0.000 r  
    E3                                                0.000     0.000 r  CLK (IN)
                         net (fo=0)                   0.000     0.000    CLK
    E3                   IBUF (Prop_ibuf_I_O)         1.411     1.411 r  CLK_IBUF_inst/O
                         net (fo=1, routed)           1.920     3.331    CLK_IBUF
    BUFGCTRL_X0Y16       BUFG (Prop_bufg_I_O)         0.091     3.422 r  CLK_IBUF_BUFG_inst/O
                         net (fo=28, routed)          1.609     5.032    CLK_IBUF_BUFG
    SLICE_X89Y61         FDCE                                         r  g_reg_reg[7]/C

Slack:                    inf
  Source:                 BTN_UP_CLEAN
                            (input port)
  Destination:            g_reg_reg[5]/D
                            (rising edge-triggered cell FDCE clocked by sys_clk_pin  {rise@0.000ns fall@5.000ns period=10.000ns})
  Path Group:             (none)
  Path Type:              Setup (Max at Slow Process Corner)
  Data Path Delay:        4.154ns  (logic 1.861ns (44.797%)  route 2.293ns (55.203%))
  Logic Levels:           4  (CARRY4=2 IBUF=1 LUT2=1)
  Clock Path Skew:        5.032ns (DCD - SCD + CPR)
    Destination Clock Delay (DCD):    5.032ns
    Source Clock Delay      (SCD):    0.000ns
    Clock Pessimism Removal (CPR):    0.000ns
  Clock Uncertainty:      0.025ns  ((TSJ^2 + TIJ^2)^1/2 + DJ) / 2 + PE
    Total System Jitter     (TSJ):    0.050ns
    Total Input Jitter      (TIJ):    0.000ns
    Discrete Jitter          (DJ):    0.000ns
    Phase Error              (PE):    0.000ns

    Location             Delay type                Incr(ns)  Path(ns)    Netlist Resource(s)
  -------------------------------------------------------------------    -------------------
    T3                                                0.000     0.000 r  BTN_UP_CLEAN (IN)
                         net (fo=0)                   0.000     0.000    BTN_UP_CLEAN
    T3                   IBUF (Prop_ibuf_I_O)         0.982     0.982 r  BTN_UP_CLEAN_IBUF_inst/O
                         net (fo=11, routed)          2.293     3.275    BTN_UP_CLEAN_IBUF
    SLICE_X89Y60         LUT2 (Prop_lut2_I1_O)        0.124     3.399 r  g_reg[4]_i_5/O
                         net (fo=1, routed)           0.000     3.399    g_reg[4]_i_5_n_0
    SLICE_X89Y60         CARRY4 (Prop_carry4_S[0]_CO[3])
                                                      0.532     3.931 r  g_reg_reg[4]_i_1/CO[3]
                         net (fo=1, routed)           0.000     3.931    g_reg_reg[4]_i_1_n_0
    SLICE_X89Y61         CARRY4 (Prop_carry4_CI_O[0])
                                                      0.223     4.154 r  g_reg_reg[7]_i_2/O[0]
                         net (fo=1, routed)           0.000     4.154    g_reg_reg[7]_i_2_n_7
    SLICE_X89Y61         FDCE                                         r  g_reg_reg[5]/D
  -------------------------------------------------------------------    -------------------

                         (clock sys_clk_pin rise edge)
                                                      0.000     0.000 r  
    E3                                                0.000     0.000 r  CLK (IN)
                         net (fo=0)                   0.000     0.000    CLK
    E3                   IBUF (Prop_ibuf_I_O)         1.411     1.411 r  CLK_IBUF_inst/O
                         net (fo=1, routed)           1.920     3.331    CLK_IBUF
    BUFGCTRL_X0Y16       BUFG (Prop_bufg_I_O)         0.091     3.422 r  CLK_IBUF_BUFG_inst/O
                         net (fo=28, routed)          1.609     5.032    CLK_IBUF_BUFG
    SLICE_X89Y61         FDCE                                         r  g_reg_reg[5]/C

Slack:                    inf
  Source:                 BTN_UP_CLEAN
                            (input port)
  Destination:            b_reg_reg[1]/CE
                            (rising edge-triggered cell FDCE clocked by sys_clk_pin  {rise@0.000ns fall@5.000ns period=10.000ns})
  Path Group:             (none)
  Path Type:              Setup (Max at Slow Process Corner)
  Data Path Delay:        4.117ns  (logic 1.106ns (26.859%)  route 3.012ns (73.141%))
  Logic Levels:           2  (IBUF=1 LUT6=1)
  Clock Path Skew:        5.036ns (DCD - SCD + CPR)
    Destination Clock Delay (DCD):    5.036ns
    Source Clock Delay      (SCD):    0.000ns
    Clock Pessimism Removal (CPR):    0.000ns
  Clock Uncertainty:      0.025ns  ((TSJ^2 + TIJ^2)^1/2 + DJ) / 2 + PE
    Total System Jitter     (TSJ):    0.050ns
    Total Input Jitter      (TIJ):    0.000ns
    Discrete Jitter          (DJ):    0.000ns
    Phase Error              (PE):    0.000ns

    Location             Delay type                Incr(ns)  Path(ns)    Netlist Resource(s)
  -------------------------------------------------------------------    -------------------
    T3                                                0.000     0.000 r  BTN_UP_CLEAN (IN)
                         net (fo=0)                   0.000     0.000    BTN_UP_CLEAN
    T3                   IBUF (Prop_ibuf_I_O)         0.982     0.982 r  BTN_UP_CLEAN_IBUF_inst/O
                         net (fo=11, routed)          2.521     3.503    BTN_UP_CLEAN_IBUF
    SLICE_X88Y54         LUT6 (Prop_lut6_I4_O)        0.124     3.627 r  b_reg[7]_i_1/O
                         net (fo=8, routed)           0.491     4.117    b_reg
    SLICE_X89Y52         FDCE                                         r  b_reg_reg[1]/CE
  -------------------------------------------------------------------    -------------------

                         (clock sys_clk_pin rise edge)
                                                      0.000     0.000 r  
    E3                                                0.000     0.000 r  CLK (IN)
                         net (fo=0)                   0.000     0.000    CLK
    E3                   IBUF (Prop_ibuf_I_O)         1.411     1.411 r  CLK_IBUF_inst/O
                         net (fo=1, routed)           1.920     3.331    CLK_IBUF
    BUFGCTRL_X0Y16       BUFG (Prop_bufg_I_O)         0.091     3.422 r  CLK_IBUF_BUFG_inst/O
                         net (fo=28, routed)          1.613     5.036    CLK_IBUF_BUFG
    SLICE_X89Y52         FDCE                                         r  b_reg_reg[1]/C

Slack:                    inf
  Source:                 BTN_UP_CLEAN
                            (input port)
  Destination:            b_reg_reg[2]/CE
                            (rising edge-triggered cell FDCE clocked by sys_clk_pin  {rise@0.000ns fall@5.000ns period=10.000ns})
  Path Group:             (none)
  Path Type:              Setup (Max at Slow Process Corner)
  Data Path Delay:        4.117ns  (logic 1.106ns (26.859%)  route 3.012ns (73.141%))
  Logic Levels:           2  (IBUF=1 LUT6=1)
  Clock Path Skew:        5.036ns (DCD - SCD + CPR)
    Destination Clock Delay (DCD):    5.036ns
    Source Clock Delay      (SCD):    0.000ns
    Clock Pessimism Removal (CPR):    0.000ns
  Clock Uncertainty:      0.025ns  ((TSJ^2 + TIJ^2)^1/2 + DJ) / 2 + PE
    Total System Jitter     (TSJ):    0.050ns
    Total Input Jitter      (TIJ):    0.000ns
    Discrete Jitter          (DJ):    0.000ns
    Phase Error              (PE):    0.000ns

    Location             Delay type                Incr(ns)  Path(ns)    Netlist Resource(s)
  -------------------------------------------------------------------    -------------------
    T3                                                0.000     0.000 r  BTN_UP_CLEAN (IN)
                         net (fo=0)                   0.000     0.000    BTN_UP_CLEAN
    T3                   IBUF (Prop_ibuf_I_O)         0.982     0.982 r  BTN_UP_CLEAN_IBUF_inst/O
                         net (fo=11, routed)          2.521     3.503    BTN_UP_CLEAN_IBUF
    SLICE_X88Y54         LUT6 (Prop_lut6_I4_O)        0.124     3.627 r  b_reg[7]_i_1/O
                         net (fo=8, routed)           0.491     4.117    b_reg
    SLICE_X89Y52         FDCE                                         r  b_reg_reg[2]/CE
  -------------------------------------------------------------------    -------------------

                         (clock sys_clk_pin rise edge)
                                                      0.000     0.000 r  
    E3                                                0.000     0.000 r  CLK (IN)
                         net (fo=0)                   0.000     0.000    CLK
    E3                   IBUF (Prop_ibuf_I_O)         1.411     1.411 r  CLK_IBUF_inst/O
                         net (fo=1, routed)           1.920     3.331    CLK_IBUF
    BUFGCTRL_X0Y16       BUFG (Prop_bufg_I_O)         0.091     3.422 r  CLK_IBUF_BUFG_inst/O
                         net (fo=28, routed)          1.613     5.036    CLK_IBUF_BUFG
    SLICE_X89Y52         FDCE                                         r  b_reg_reg[2]/C

Slack:                    inf
  Source:                 BTN_UP_CLEAN
                            (input port)
  Destination:            b_reg_reg[3]/CE
                            (rising edge-triggered cell FDCE clocked by sys_clk_pin  {rise@0.000ns fall@5.000ns period=10.000ns})
  Path Group:             (none)
  Path Type:              Setup (Max at Slow Process Corner)
  Data Path Delay:        4.117ns  (logic 1.106ns (26.859%)  route 3.012ns (73.141%))
  Logic Levels:           2  (IBUF=1 LUT6=1)
  Clock Path Skew:        5.036ns (DCD - SCD + CPR)
    Destination Clock Delay (DCD):    5.036ns
    Source Clock Delay      (SCD):    0.000ns
    Clock Pessimism Removal (CPR):    0.000ns
  Clock Uncertainty:      0.025ns  ((TSJ^2 + TIJ^2)^1/2 + DJ) / 2 + PE
    Total System Jitter     (TSJ):    0.050ns
    Total Input Jitter      (TIJ):    0.000ns
    Discrete Jitter          (DJ):    0.000ns
    Phase Error              (PE):    0.000ns

    Location             Delay type                Incr(ns)  Path(ns)    Netlist Resource(s)
  -------------------------------------------------------------------    -------------------
    T3                                                0.000     0.000 r  BTN_UP_CLEAN (IN)
                         net (fo=0)                   0.000     0.000    BTN_UP_CLEAN
    T3                   IBUF (Prop_ibuf_I_O)         0.982     0.982 r  BTN_UP_CLEAN_IBUF_inst/O
                         net (fo=11, routed)          2.521     3.503    BTN_UP_CLEAN_IBUF
    SLICE_X88Y54         LUT6 (Prop_lut6_I4_O)        0.124     3.627 r  b_reg[7]_i_1/O
                         net (fo=8, routed)           0.491     4.117    b_reg
    SLICE_X89Y52         FDCE                                         r  b_reg_reg[3]/CE
  -------------------------------------------------------------------    -------------------

                         (clock sys_clk_pin rise edge)
                                                      0.000     0.000 r  
    E3                                                0.000     0.000 r  CLK (IN)
                         net (fo=0)                   0.000     0.000    CLK
    E3                   IBUF (Prop_ibuf_I_O)         1.411     1.411 r  CLK_IBUF_inst/O
                         net (fo=1, routed)           1.920     3.331    CLK_IBUF
    BUFGCTRL_X0Y16       BUFG (Prop_bufg_I_O)         0.091     3.422 r  CLK_IBUF_BUFG_inst/O
                         net (fo=28, routed)          1.613     5.036    CLK_IBUF_BUFG
    SLICE_X89Y52         FDCE                                         r  b_reg_reg[3]/C

Slack:                    inf
  Source:                 BTN_UP_CLEAN
                            (input port)
  Destination:            b_reg_reg[4]/CE
                            (rising edge-triggered cell FDCE clocked by sys_clk_pin  {rise@0.000ns fall@5.000ns period=10.000ns})
  Path Group:             (none)
  Path Type:              Setup (Max at Slow Process Corner)
  Data Path Delay:        4.117ns  (logic 1.106ns (26.859%)  route 3.012ns (73.141%))
  Logic Levels:           2  (IBUF=1 LUT6=1)
  Clock Path Skew:        5.036ns (DCD - SCD + CPR)
    Destination Clock Delay (DCD):    5.036ns
    Source Clock Delay      (SCD):    0.000ns
    Clock Pessimism Removal (CPR):    0.000ns
  Clock Uncertainty:      0.025ns  ((TSJ^2 + TIJ^2)^1/2 + DJ) / 2 + PE
    Total System Jitter     (TSJ):    0.050ns
    Total Input Jitter      (TIJ):    0.000ns
    Discrete Jitter          (DJ):    0.000ns
    Phase Error              (PE):    0.000ns

    Location             Delay type                Incr(ns)  Path(ns)    Netlist Resource(s)
  -------------------------------------------------------------------    -------------------
    T3                                                0.000     0.000 r  BTN_UP_CLEAN (IN)
                         net (fo=0)                   0.000     0.000    BTN_UP_CLEAN
    T3                   IBUF (Prop_ibuf_I_O)         0.982     0.982 r  BTN_UP_CLEAN_IBUF_inst/O
                         net (fo=11, routed)          2.521     3.503    BTN_UP_CLEAN_IBUF
    SLICE_X88Y54         LUT6 (Prop_lut6_I4_O)        0.124     3.627 r  b_reg[7]_i_1/O
                         net (fo=8, routed)           0.491     4.117    b_reg
    SLICE_X89Y52         FDCE                                         r  b_reg_reg[4]/CE
  -------------------------------------------------------------------    -------------------

                         (clock sys_clk_pin rise edge)
                                                      0.000     0.000 r  
    E3                                                0.000     0.000 r  CLK (IN)
                         net (fo=0)                   0.000     0.000    CLK
    E3                   IBUF (Prop_ibuf_I_O)         1.411     1.411 r  CLK_IBUF_inst/O
                         net (fo=1, routed)           1.920     3.331    CLK_IBUF
    BUFGCTRL_X0Y16       BUFG (Prop_bufg_I_O)         0.091     3.422 r  CLK_IBUF_BUFG_inst/O
                         net (fo=28, routed)          1.613     5.036    CLK_IBUF_BUFG
    SLICE_X89Y52         FDCE                                         r  b_reg_reg[4]/C





Min Delay Paths
--------------------------------------------------------------------------------------
Slack:                    inf
  Source:                 RESET
                            (input port)
  Destination:            FSM_onehot_current_state_reg[0]/PRE
                            (removal check against rising-edge clock sys_clk_pin  {rise@0.000ns fall@5.000ns period=10.000ns})
  Path Group:             (none)
  Path Type:              Removal (Min at Fast Process Corner)
  Data Path Delay:        0.706ns  (logic 0.226ns (32.071%)  route 0.479ns (67.929%))
  Logic Levels:           1  (IBUF=1)
  Clock Path Skew:        2.029ns (DCD - SCD - CPR)
    Destination Clock Delay (DCD):    2.029ns
    Source Clock Delay      (SCD):    0.000ns
    Clock Pessimism Removal (CPR):    -0.000ns

    Location             Delay type                Incr(ns)  Path(ns)    Netlist Resource(s)
  -------------------------------------------------------------------    -------------------
    U2                                                0.000     0.000 f  RESET (IN)
                         net (fo=0)                   0.000     0.000    RESET
    U2                   IBUF (Prop_ibuf_I_O)         0.226     0.226 f  RESET_IBUF_inst/O
                         net (fo=28, routed)          0.479     0.706    RESET_IBUF
    SLICE_X88Y76         FDPE                                         f  FSM_onehot_current_state_reg[0]/PRE
  -------------------------------------------------------------------    -------------------

                         (clock sys_clk_pin rise edge)
                                                      0.000     0.000 r  
    E3                                                0.000     0.000 r  CLK (IN)
                         net (fo=0)                   0.000     0.000    CLK
    E3                   IBUF (Prop_ibuf_I_O)         0.438     0.438 r  CLK_IBUF_inst/O
                         net (fo=1, routed)           0.699     1.136    CLK_IBUF
    BUFGCTRL_X0Y16       BUFG (Prop_bufg_I_O)         0.029     1.165 r  CLK_IBUF_BUFG_inst/O
                         net (fo=28, routed)          0.864     2.029    CLK_IBUF_BUFG
    SLICE_X88Y76         FDPE                                         r  FSM_onehot_current_state_reg[0]/C

Slack:                    inf
  Source:                 RESET
                            (input port)
  Destination:            FSM_onehot_current_state_reg[1]/CLR
                            (removal check against rising-edge clock sys_clk_pin  {rise@0.000ns fall@5.000ns period=10.000ns})
  Path Group:             (none)
  Path Type:              Removal (Min at Fast Process Corner)
  Data Path Delay:        0.706ns  (logic 0.226ns (32.071%)  route 0.479ns (67.929%))
  Logic Levels:           1  (IBUF=1)
  Clock Path Skew:        2.029ns (DCD - SCD - CPR)
    Destination Clock Delay (DCD):    2.029ns
    Source Clock Delay      (SCD):    0.000ns
    Clock Pessimism Removal (CPR):    -0.000ns

    Location             Delay type                Incr(ns)  Path(ns)    Netlist Resource(s)
  -------------------------------------------------------------------    -------------------
    U2                                                0.000     0.000 f  RESET (IN)
                         net (fo=0)                   0.000     0.000    RESET
    U2                   IBUF (Prop_ibuf_I_O)         0.226     0.226 f  RESET_IBUF_inst/O
                         net (fo=28, routed)          0.479     0.706    RESET_IBUF
    SLICE_X88Y76         FDCE                                         f  FSM_onehot_current_state_reg[1]/CLR
  -------------------------------------------------------------------    -------------------

                         (clock sys_clk_pin rise edge)
                                                      0.000     0.000 r  
    E3                                                0.000     0.000 r  CLK (IN)
                         net (fo=0)                   0.000     0.000    CLK
    E3                   IBUF (Prop_ibuf_I_O)         0.438     0.438 r  CLK_IBUF_inst/O
                         net (fo=1, routed)           0.699     1.136    CLK_IBUF
    BUFGCTRL_X0Y16       BUFG (Prop_bufg_I_O)         0.029     1.165 r  CLK_IBUF_BUFG_inst/O
                         net (fo=28, routed)          0.864     2.029    CLK_IBUF_BUFG
    SLICE_X88Y76         FDCE                                         r  FSM_onehot_current_state_reg[1]/C

Slack:                    inf
  Source:                 RESET
                            (input port)
  Destination:            FSM_onehot_current_state_reg[2]/CLR
                            (removal check against rising-edge clock sys_clk_pin  {rise@0.000ns fall@5.000ns period=10.000ns})
  Path Group:             (none)
  Path Type:              Removal (Min at Fast Process Corner)
  Data Path Delay:        0.706ns  (logic 0.226ns (32.071%)  route 0.479ns (67.929%))
  Logic Levels:           1  (IBUF=1)
  Clock Path Skew:        2.029ns (DCD - SCD - CPR)
    Destination Clock Delay (DCD):    2.029ns
    Source Clock Delay      (SCD):    0.000ns
    Clock Pessimism Removal (CPR):    -0.000ns

    Location             Delay type                Incr(ns)  Path(ns)    Netlist Resource(s)
  -------------------------------------------------------------------    -------------------
    U2                                                0.000     0.000 f  RESET (IN)
                         net (fo=0)                   0.000     0.000    RESET
    U2                   IBUF (Prop_ibuf_I_O)         0.226     0.226 f  RESET_IBUF_inst/O
                         net (fo=28, routed)          0.479     0.706    RESET_IBUF
    SLICE_X88Y76         FDCE                                         f  FSM_onehot_current_state_reg[2]/CLR
  -------------------------------------------------------------------    -------------------

                         (clock sys_clk_pin rise edge)
                                                      0.000     0.000 r  
    E3                                                0.000     0.000 r  CLK (IN)
                         net (fo=0)                   0.000     0.000    CLK
    E3                   IBUF (Prop_ibuf_I_O)         0.438     0.438 r  CLK_IBUF_inst/O
                         net (fo=1, routed)           0.699     1.136    CLK_IBUF
    BUFGCTRL_X0Y16       BUFG (Prop_bufg_I_O)         0.029     1.165 r  CLK_IBUF_BUFG_inst/O
                         net (fo=28, routed)          0.864     2.029    CLK_IBUF_BUFG
    SLICE_X88Y76         FDCE                                         r  FSM_onehot_current_state_reg[2]/C

Slack:                    inf
  Source:                 BTN_DOWN_CLEAN
                            (input port)
  Destination:            FSM_onehot_current_state_reg[1]/D
                            (rising edge-triggered cell FDCE clocked by sys_clk_pin  {rise@0.000ns fall@5.000ns period=10.000ns})
  Path Group:             (none)
  Path Type:              Hold (Min at Fast Process Corner)
  Data Path Delay:        0.750ns  (logic 0.260ns (34.689%)  route 0.490ns (65.311%))
  Logic Levels:           2  (IBUF=1 LUT4=1)
  Clock Path Skew:        2.029ns (DCD - SCD - CPR)
    Destination Clock Delay (DCD):    2.029ns
    Source Clock Delay      (SCD):    0.000ns
    Clock Pessimism Removal (CPR):    -0.000ns

    Location             Delay type                Incr(ns)  Path(ns)    Netlist Resource(s)
  -------------------------------------------------------------------    -------------------
    T5                                                0.000     0.000 r  BTN_DOWN_CLEAN (IN)
                         net (fo=0)                   0.000     0.000    BTN_DOWN_CLEAN
    T5                   IBUF (Prop_ibuf_I_O)         0.215     0.215 r  BTN_DOWN_CLEAN_IBUF_inst/O
                         net (fo=5, routed)           0.490     0.705    BTN_DOWN_CLEAN_IBUF
    SLICE_X88Y76         LUT4 (Prop_lut4_I2_O)        0.045     0.750 r  FSM_onehot_current_state[1]_i_1/O
                         net (fo=1, routed)           0.000     0.750    FSM_onehot_current_state[1]_i_1_n_0
    SLICE_X88Y76         FDCE                                         r  FSM_onehot_current_state_reg[1]/D
  -------------------------------------------------------------------    -------------------

                         (clock sys_clk_pin rise edge)
                                                      0.000     0.000 r  
    E3                                                0.000     0.000 r  CLK (IN)
                         net (fo=0)                   0.000     0.000    CLK
    E3                   IBUF (Prop_ibuf_I_O)         0.438     0.438 r  CLK_IBUF_inst/O
                         net (fo=1, routed)           0.699     1.136    CLK_IBUF
    BUFGCTRL_X0Y16       BUFG (Prop_bufg_I_O)         0.029     1.165 r  CLK_IBUF_BUFG_inst/O
                         net (fo=28, routed)          0.864     2.029    CLK_IBUF_BUFG
    SLICE_X88Y76         FDCE                                         r  FSM_onehot_current_state_reg[1]/C

Slack:                    inf
  Source:                 BTN_DOWN_CLEAN
                            (input port)
  Destination:            FSM_onehot_current_state_reg[0]/D
                            (rising edge-triggered cell FDPE clocked by sys_clk_pin  {rise@0.000ns fall@5.000ns period=10.000ns})
  Path Group:             (none)
  Path Type:              Hold (Min at Fast Process Corner)
  Data Path Delay:        0.752ns  (logic 0.260ns (34.597%)  route 0.492ns (65.403%))
  Logic Levels:           2  (IBUF=1 LUT3=1)
  Clock Path Skew:        2.029ns (DCD - SCD - CPR)
    Destination Clock Delay (DCD):    2.029ns
    Source Clock Delay      (SCD):    0.000ns
    Clock Pessimism Removal (CPR):    -0.000ns

    Location             Delay type                Incr(ns)  Path(ns)    Netlist Resource(s)
  -------------------------------------------------------------------    -------------------
    T5                                                0.000     0.000 f  BTN_DOWN_CLEAN (IN)
                         net (fo=0)                   0.000     0.000    BTN_DOWN_CLEAN
    T5                   IBUF (Prop_ibuf_I_O)         0.215     0.215 f  BTN_DOWN_CLEAN_IBUF_inst/O
                         net (fo=5, routed)           0.492     0.707    BTN_DOWN_CLEAN_IBUF
    SLICE_X88Y76         LUT3 (Prop_lut3_I1_O)        0.045     0.752 r  FSM_onehot_current_state[0]_i_1/O
                         net (fo=1, routed)           0.000     0.752    FSM_onehot_current_state[0]_i_1_n_0
    SLICE_X88Y76         FDPE                                         r  FSM_onehot_current_state_reg[0]/D
  -------------------------------------------------------------------    -------------------

                         (clock sys_clk_pin rise edge)
                                                      0.000     0.000 r  
    E3                                                0.000     0.000 r  CLK (IN)
                         net (fo=0)                   0.000     0.000    CLK
    E3                   IBUF (Prop_ibuf_I_O)         0.438     0.438 r  CLK_IBUF_inst/O
                         net (fo=1, routed)           0.699     1.136    CLK_IBUF
    BUFGCTRL_X0Y16       BUFG (Prop_bufg_I_O)         0.029     1.165 r  CLK_IBUF_BUFG_inst/O
                         net (fo=28, routed)          0.864     2.029    CLK_IBUF_BUFG
    SLICE_X88Y76         FDPE                                         r  FSM_onehot_current_state_reg[0]/C

Slack:                    inf
  Source:                 RESET
                            (input port)
  Destination:            FSM_onehot_current_state_reg[3]/CLR
                            (removal check against rising-edge clock sys_clk_pin  {rise@0.000ns fall@5.000ns period=10.000ns})
  Path Group:             (none)
  Path Type:              Removal (Min at Fast Process Corner)
  Data Path Delay:        0.820ns  (logic 0.226ns (27.594%)  route 0.594ns (72.406%))
  Logic Levels:           1  (IBUF=1)
  Clock Path Skew:        2.031ns (DCD - SCD - CPR)
    Destination Clock Delay (DCD):    2.031ns
    Source Clock Delay      (SCD):    0.000ns
    Clock Pessimism Removal (CPR):    -0.000ns

    Location             Delay type                Incr(ns)  Path(ns)    Netlist Resource(s)
  -------------------------------------------------------------------    -------------------
    U2                                                0.000     0.000 f  RESET (IN)
                         net (fo=0)                   0.000     0.000    RESET
    U2                   IBUF (Prop_ibuf_I_O)         0.226     0.226 f  RESET_IBUF_inst/O
                         net (fo=28, routed)          0.594     0.820    RESET_IBUF
    SLICE_X88Y77         FDCE                                         f  FSM_onehot_current_state_reg[3]/CLR
  -------------------------------------------------------------------    -------------------

                         (clock sys_clk_pin rise edge)
                                                      0.000     0.000 r  
    E3                                                0.000     0.000 r  CLK (IN)
                         net (fo=0)                   0.000     0.000    CLK
    E3                   IBUF (Prop_ibuf_I_O)         0.438     0.438 r  CLK_IBUF_inst/O
                         net (fo=1, routed)           0.699     1.136    CLK_IBUF
    BUFGCTRL_X0Y16       BUFG (Prop_bufg_I_O)         0.029     1.165 r  CLK_IBUF_BUFG_inst/O
                         net (fo=28, routed)          0.866     2.031    CLK_IBUF_BUFG
    SLICE_X88Y77         FDCE                                         r  FSM_onehot_current_state_reg[3]/C

Slack:                    inf
  Source:                 RESET
                            (input port)
  Destination:            r_reg_reg[0]/CLR
                            (removal check against rising-edge clock sys_clk_pin  {rise@0.000ns fall@5.000ns period=10.000ns})
  Path Group:             (none)
  Path Type:              Removal (Min at Fast Process Corner)
  Data Path Delay:        0.945ns  (logic 0.226ns (23.951%)  route 0.719ns (76.049%))
  Logic Levels:           1  (IBUF=1)
  Clock Path Skew:        2.034ns (DCD - SCD - CPR)
    Destination Clock Delay (DCD):    2.034ns
    Source Clock Delay      (SCD):    0.000ns
    Clock Pessimism Removal (CPR):    -0.000ns

    Location             Delay type                Incr(ns)  Path(ns)    Netlist Resource(s)
  -------------------------------------------------------------------    -------------------
    U2                                                0.000     0.000 f  RESET (IN)
                         net (fo=0)                   0.000     0.000    RESET
    U2                   IBUF (Prop_ibuf_I_O)         0.226     0.226 f  RESET_IBUF_inst/O
                         net (fo=28, routed)          0.719     0.945    RESET_IBUF
    SLICE_X89Y69         FDCE                                         f  r_reg_reg[0]/CLR
  -------------------------------------------------------------------    -------------------

                         (clock sys_clk_pin rise edge)
                                                      0.000     0.000 r  
    E3                                                0.000     0.000 r  CLK (IN)
                         net (fo=0)                   0.000     0.000    CLK
    E3                   IBUF (Prop_ibuf_I_O)         0.438     0.438 r  CLK_IBUF_inst/O
                         net (fo=1, routed)           0.699     1.136    CLK_IBUF
    BUFGCTRL_X0Y16       BUFG (Prop_bufg_I_O)         0.029     1.165 r  CLK_IBUF_BUFG_inst/O
                         net (fo=28, routed)          0.869     2.034    CLK_IBUF_BUFG
    SLICE_X89Y69         FDCE                                         r  r_reg_reg[0]/C

Slack:                    inf
  Source:                 RESET
                            (input port)
  Destination:            r_reg_reg[5]/CLR
                            (removal check against rising-edge clock sys_clk_pin  {rise@0.000ns fall@5.000ns period=10.000ns})
  Path Group:             (none)
  Path Type:              Removal (Min at Fast Process Corner)
  Data Path Delay:        0.945ns  (logic 0.226ns (23.951%)  route 0.719ns (76.049%))
  Logic Levels:           1  (IBUF=1)
  Clock Path Skew:        2.034ns (DCD - SCD - CPR)
    Destination Clock Delay (DCD):    2.034ns
    Source Clock Delay      (SCD):    0.000ns
    Clock Pessimism Removal (CPR):    -0.000ns

    Location             Delay type                Incr(ns)  Path(ns)    Netlist Resource(s)
  -------------------------------------------------------------------    -------------------
    U2                                                0.000     0.000 f  RESET (IN)
                         net (fo=0)                   0.000     0.000    RESET
    U2                   IBUF (Prop_ibuf_I_O)         0.226     0.226 f  RESET_IBUF_inst/O
                         net (fo=28, routed)          0.719     0.945    RESET_IBUF
    SLICE_X88Y69         FDCE                                         f  r_reg_reg[5]/CLR
  -------------------------------------------------------------------    -------------------

                         (clock sys_clk_pin rise edge)
                                                      0.000     0.000 r  
    E3                                                0.000     0.000 r  CLK (IN)
                         net (fo=0)                   0.000     0.000    CLK
    E3                   IBUF (Prop_ibuf_I_O)         0.438     0.438 r  CLK_IBUF_inst/O
                         net (fo=1, routed)           0.699     1.136    CLK_IBUF
    BUFGCTRL_X0Y16       BUFG (Prop_bufg_I_O)         0.029     1.165 r  CLK_IBUF_BUFG_inst/O
                         net (fo=28, routed)          0.869     2.034    CLK_IBUF_BUFG
    SLICE_X88Y69         FDCE                                         r  r_reg_reg[5]/C

Slack:                    inf
  Source:                 RESET
                            (input port)
  Destination:            r_reg_reg[6]/CLR
                            (removal check against rising-edge clock sys_clk_pin  {rise@0.000ns fall@5.000ns period=10.000ns})
  Path Group:             (none)
  Path Type:              Removal (Min at Fast Process Corner)
  Data Path Delay:        0.945ns  (logic 0.226ns (23.951%)  route 0.719ns (76.049%))
  Logic Levels:           1  (IBUF=1)
  Clock Path Skew:        2.034ns (DCD - SCD - CPR)
    Destination Clock Delay (DCD):    2.034ns
    Source Clock Delay      (SCD):    0.000ns
    Clock Pessimism Removal (CPR):    -0.000ns

    Location             Delay type                Incr(ns)  Path(ns)    Netlist Resource(s)
  -------------------------------------------------------------------    -------------------
    U2                                                0.000     0.000 f  RESET (IN)
                         net (fo=0)                   0.000     0.000    RESET
    U2                   IBUF (Prop_ibuf_I_O)         0.226     0.226 f  RESET_IBUF_inst/O
                         net (fo=28, routed)          0.719     0.945    RESET_IBUF
    SLICE_X88Y69         FDCE                                         f  r_reg_reg[6]/CLR
  -------------------------------------------------------------------    -------------------

                         (clock sys_clk_pin rise edge)
                                                      0.000     0.000 r  
    E3                                                0.000     0.000 r  CLK (IN)
                         net (fo=0)                   0.000     0.000    CLK
    E3                   IBUF (Prop_ibuf_I_O)         0.438     0.438 r  CLK_IBUF_inst/O
                         net (fo=1, routed)           0.699     1.136    CLK_IBUF
    BUFGCTRL_X0Y16       BUFG (Prop_bufg_I_O)         0.029     1.165 r  CLK_IBUF_BUFG_inst/O
                         net (fo=28, routed)          0.869     2.034    CLK_IBUF_BUFG
    SLICE_X88Y69         FDCE                                         r  r_reg_reg[6]/C

Slack:                    inf
  Source:                 RESET
                            (input port)
  Destination:            r_reg_reg[7]/CLR
                            (removal check against rising-edge clock sys_clk_pin  {rise@0.000ns fall@5.000ns period=10.000ns})
  Path Group:             (none)
  Path Type:              Removal (Min at Fast Process Corner)
  Data Path Delay:        0.945ns  (logic 0.226ns (23.951%)  route 0.719ns (76.049%))
  Logic Levels:           1  (IBUF=1)
  Clock Path Skew:        2.034ns (DCD - SCD - CPR)
    Destination Clock Delay (DCD):    2.034ns
    Source Clock Delay      (SCD):    0.000ns
    Clock Pessimism Removal (CPR):    -0.000ns

    Location             Delay type                Incr(ns)  Path(ns)    Netlist Resource(s)
  -------------------------------------------------------------------    -------------------
    U2                                                0.000     0.000 f  RESET (IN)
                         net (fo=0)                   0.000     0.000    RESET
    U2                   IBUF (Prop_ibuf_I_O)         0.226     0.226 f  RESET_IBUF_inst/O
                         net (fo=28, routed)          0.719     0.945    RESET_IBUF
    SLICE_X88Y69         FDCE                                         f  r_reg_reg[7]/CLR
  -------------------------------------------------------------------    -------------------

                         (clock sys_clk_pin rise edge)
                                                      0.000     0.000 r  
    E3                                                0.000     0.000 r  CLK (IN)
                         net (fo=0)                   0.000     0.000    CLK
    E3                   IBUF (Prop_ibuf_I_O)         0.438     0.438 r  CLK_IBUF_inst/O
                         net (fo=1, routed)           0.699     1.136    CLK_IBUF
    BUFGCTRL_X0Y16       BUFG (Prop_bufg_I_O)         0.029     1.165 r  CLK_IBUF_BUFG_inst/O
                         net (fo=28, routed)          0.869     2.034    CLK_IBUF_BUFG
    SLICE_X88Y69         FDCE                                         r  r_reg_reg[7]/C





