Copyright 1986-2022 Xilinx, Inc. All Rights Reserved. Copyright 2022-2025 Advanced Micro Devices, Inc. All Rights Reserved.
---------------------------------------------------------------------------------------------------------------------------------------------------------------------------------------------------------------------
| Tool Version : Vivado v.2025.1 (win64) Build 6140274 Thu May 22 00:12:29 MDT 2025
| Date         : Sat Jan 10 14:14:58 2026
| Host         : DESKTOP-H3I785D running 64-bit major release  (build 9200)
| Command      : report_timing_summary -max_paths 10 -routable_nets -report_unconstrained -file top_timing_summary_routed.rpt -pb top_timing_summary_routed.pb -rpx top_timing_summary_routed.rpx -warn_on_violation
| Design       : top
| Device       : 7a100t-csg324
| Speed File   : -1  PRODUCTION 1.23 2018-06-13
| Design State : Routed
---------------------------------------------------------------------------------------------------------------------------------------------------------------------------------------------------------------------

Timing Summary Report

------------------------------------------------------------------------------------------------
| Timer Settings
| --------------
------------------------------------------------------------------------------------------------

  Enable Multi Corner Analysis               :  Yes
  Enable Pessimism Removal                   :  Yes
  Pessimism Removal Resolution               :  Nearest Common Node
  Enable Input Delay Default Clock           :  No
  Enable Preset / Clear Arcs                 :  No
  Disable Flight Delays                      :  No
  Ignore I/O Paths                           :  No
  Timing Early Launch at Borrowing Latches   :  No
  Borrow Time for Max Delay Exceptions       :  Yes
  Merge Timing Exceptions                    :  Yes
  Inter-SLR Compensation                     :  Conservative

  Corner  Analyze    Analyze    
  Name    Max Paths  Min Paths  
  ------  ---------  ---------  
  Slow    Yes        Yes        
  Fast    Yes        Yes        


------------------------------------------------------------------------------------------------
| Report Methodology
| ------------------
------------------------------------------------------------------------------------------------

Rule       Severity  Description                    Violations  
---------  --------  -----------------------------  ----------  
TIMING-18  Warning   Missing input or output delay  9           

Note: This report is based on the most recent report_methodology run and may not be up-to-date. Run report_methodology on the current design for the latest report.



check_timing report

Table of Contents
-----------------
1. checking no_clock (0)
2. checking constant_clock (0)
3. checking pulse_width_clock (0)
4. checking unconstrained_internal_endpoints (0)
5. checking no_input_delay (6)
6. checking no_output_delay (3)
7. checking multiple_clock (0)
8. checking generated_clocks (0)
9. checking loops (0)
10. checking partial_input_delay (0)
11. checking partial_output_delay (0)
12. checking latch_loops (0)

1. checking no_clock (0)
------------------------
 There are 0 register/latch pins with no clock.


2. checking constant_clock (0)
------------------------------
 There are 0 register/latch pins with constant_clock.


3. checking pulse_width_clock (0)
---------------------------------
 There are 0 register/latch pins which need pulse_width check


4. checking unconstrained_internal_endpoints (0)
------------------------------------------------
 There are 0 pins that are not constrained for maximum delay.

 There are 0 pins that are not constrained for maximum delay due to constant clock.


5. checking no_input_delay (6)
------------------------------
 There are 6 input ports with no input delay specified. (HIGH)

 There are 0 input ports with no input delay but user has a false path constraint.


6. checking no_output_delay (3)
-------------------------------
 There are 3 ports with no output delay specified. (HIGH)

 There are 0 ports with no output delay but user has a false path constraint

 There are 0 ports with no output delay but with a timing clock defined on it or propagating through it


7. checking multiple_clock (0)
------------------------------
 There are 0 register/latch pins with multiple clocks.


8. checking generated_clocks (0)
--------------------------------
 There are 0 generated clocks that are not connected to a clock source.


9. checking loops (0)
---------------------
 There are 0 combinational loops in the design.


10. checking partial_input_delay (0)
------------------------------------
 There are 0 input ports with partial input delay specified.


11. checking partial_output_delay (0)
-------------------------------------
 There are 0 ports with partial output delay specified.


12. checking latch_loops (0)
----------------------------
 There are 0 combinational latch loops in the design through latch input



------------------------------------------------------------------------------------------------
| Design Timing Summary
| ---------------------
------------------------------------------------------------------------------------------------

    WNS(ns)      TNS(ns)  TNS Failing Endpoints  TNS Total Endpoints      WHS(ns)      THS(ns)  THS Failing Endpoints  THS Total Endpoints     WPWS(ns)     TPWS(ns)  TPWS Failing Endpoints  TPWS Total Endpoints  
    -------      -------  ---------------------  -------------------      -------      -------  ---------------------  -------------------     --------     --------  ----------------------  --------------------  
      6.265        0.000                      0                  154        0.138        0.000                      0                  154        4.500        0.000                       0                   109  


All user specified timing constraints are met.


------------------------------------------------------------------------------------------------
| Clock Summary
| -------------
------------------------------------------------------------------------------------------------

Clock        Waveform(ns)       Period(ns)      Frequency(MHz)
-----        ------------       ----------      --------------
sys_clk_pin  {0.000 5.000}      10.000          100.000         


------------------------------------------------------------------------------------------------
| Intra Clock Table
| -----------------
------------------------------------------------------------------------------------------------

Clock             WNS(ns)      TNS(ns)  TNS Failing Endpoints  TNS Total Endpoints      WHS(ns)      THS(ns)  THS Failing Endpoints  THS Total Endpoints     WPWS(ns)     TPWS(ns)  TPWS Failing Endpoints  TPWS Total Endpoints  
-----             -------      -------  ---------------------  -------------------      -------      -------  ---------------------  -------------------     --------     --------  ----------------------  --------------------  
sys_clk_pin         6.265        0.000                      0                  154        0.138        0.000                      0                  154        4.500        0.000                       0                   109  


------------------------------------------------------------------------------------------------
| Inter Clock Table
| -----------------
------------------------------------------------------------------------------------------------

From Clock    To Clock          WNS(ns)      TNS(ns)  TNS Failing Endpoints  TNS Total Endpoints      WHS(ns)      THS(ns)  THS Failing Endpoints  THS Total Endpoints  
----------    --------          -------      -------  ---------------------  -------------------      -------      -------  ---------------------  -------------------  


------------------------------------------------------------------------------------------------
| Other Path Groups Table
| -----------------------
------------------------------------------------------------------------------------------------

Path Group    From Clock    To Clock          WNS(ns)      TNS(ns)  TNS Failing Endpoints  TNS Total Endpoints      WHS(ns)      THS(ns)  THS Failing Endpoints  THS Total Endpoints  
----------    ----------    --------          -------      -------  ---------------------  -------------------      -------      -------  ---------------------  -------------------  


------------------------------------------------------------------------------------------------
| User Ignored Path Table
| -----------------------
------------------------------------------------------------------------------------------------

Path Group    From Clock    To Clock    
----------    ----------    --------    


------------------------------------------------------------------------------------------------
| Unconstrained Path Table
| ------------------------
------------------------------------------------------------------------------------------------

Path Group    From Clock    To Clock    
----------    ----------    --------    
(none)        sys_clk_pin                 
(none)                      sys_clk_pin   


------------------------------------------------------------------------------------------------
| Timing Details
| --------------
------------------------------------------------------------------------------------------------


---------------------------------------------------------------------------------------------------
From Clock:  sys_clk_pin
  To Clock:  sys_clk_pin

Setup :            0  Failing Endpoints,  Worst Slack        6.265ns,  Total Violation        0.000ns
Hold  :            0  Failing Endpoints,  Worst Slack        0.138ns,  Total Violation        0.000ns
PW    :            0  Failing Endpoints,  Worst Slack        4.500ns,  Total Violation        0.000ns
---------------------------------------------------------------------------------------------------


Max Delay Paths
--------------------------------------------------------------------------------------
Slack (MET) :             6.265ns  (required time - arrival time)
  Source:                 Inst_RGB/Inst_FSM_Slave/counter_reg_reg[0]/C
                            (rising edge-triggered cell FDCE clocked by sys_clk_pin  {rise@0.000ns fall@5.000ns period=10.000ns})
  Destination:            Inst_RGB/Inst_FSM_Slave/counter_reg_reg[18]/D
                            (rising edge-triggered cell FDCE clocked by sys_clk_pin  {rise@0.000ns fall@5.000ns period=10.000ns})
  Path Group:             sys_clk_pin
  Path Type:              Setup (Max at Slow Process Corner)
  Requirement:            10.000ns  (sys_clk_pin rise@10.000ns - sys_clk_pin rise@0.000ns)
  Data Path Delay:        3.708ns  (logic 2.077ns (56.020%)  route 1.631ns (43.980%))
  Logic Levels:           6  (CARRY4=5 LUT2=1)
  Clock Path Skew:        -0.023ns (DCD - SCD + CPR)
    Destination Clock Delay (DCD):    5.026ns = ( 15.026 - 10.000 ) 
    Source Clock Delay      (SCD):    5.325ns
    Clock Pessimism Removal (CPR):    0.276ns
  Clock Uncertainty:      0.035ns  ((TSJ^2 + TIJ^2)^1/2 + DJ) / 2 + PE
    Total System Jitter     (TSJ):    0.071ns
    Total Input Jitter      (TIJ):    0.000ns
    Discrete Jitter          (DJ):    0.000ns
    Phase Error              (PE):    0.000ns

    Location             Delay type                Incr(ns)  Path(ns)    Netlist Resource(s)
  -------------------------------------------------------------------    -------------------
                         (clock sys_clk_pin rise edge)
                                                      0.000     0.000 r  
    E3                                                0.000     0.000 r  CLK (IN)
                         net (fo=0)                   0.000     0.000    CLK
    E3                   IBUF (Prop_ibuf_I_O)         1.482     1.482 r  CLK_IBUF_inst/O
                         net (fo=1, routed)           2.025     3.506    CLK_IBUF
    BUFGCTRL_X0Y16       BUFG (Prop_bufg_I_O)         0.096     3.602 r  CLK_IBUF_BUFG_inst/O
                         net (fo=108, routed)         1.722     5.325    Inst_RGB/Inst_FSM_Slave/CLK
    SLICE_X6Y90          FDCE                                         r  Inst_RGB/Inst_FSM_Slave/counter_reg_reg[0]/C
  -------------------------------------------------------------------    -------------------
    SLICE_X6Y90          FDCE (Prop_fdce_C_Q)         0.518     5.843 r  Inst_RGB/Inst_FSM_Slave/counter_reg_reg[0]/Q
                         net (fo=4, routed)           0.817     6.660    Inst_RGB/Inst_FSM_Slave/counter_reg[0]
    SLICE_X5Y89          CARRY4 (Prop_carry4_CYINIT_CO[3])
                                                      0.580     7.240 r  Inst_RGB/Inst_FSM_Slave/counter_reg_reg[4]_i_2/CO[3]
                         net (fo=1, routed)           0.000     7.240    Inst_RGB/Inst_FSM_Slave/counter_reg_reg[4]_i_2_n_0
    SLICE_X5Y90          CARRY4 (Prop_carry4_CI_CO[3])
                                                      0.114     7.354 r  Inst_RGB/Inst_FSM_Slave/counter_reg_reg[8]_i_2/CO[3]
                         net (fo=1, routed)           0.000     7.354    Inst_RGB/Inst_FSM_Slave/counter_reg_reg[8]_i_2_n_0
    SLICE_X5Y91          CARRY4 (Prop_carry4_CI_CO[3])
                                                      0.114     7.468 r  Inst_RGB/Inst_FSM_Slave/counter_reg_reg[12]_i_2/CO[3]
                         net (fo=1, routed)           0.000     7.468    Inst_RGB/Inst_FSM_Slave/counter_reg_reg[12]_i_2_n_0
    SLICE_X5Y92          CARRY4 (Prop_carry4_CI_CO[3])
                                                      0.114     7.582 r  Inst_RGB/Inst_FSM_Slave/counter_reg_reg[16]_i_2/CO[3]
                         net (fo=1, routed)           0.000     7.582    Inst_RGB/Inst_FSM_Slave/counter_reg_reg[16]_i_2_n_0
    SLICE_X5Y93          CARRY4 (Prop_carry4_CI_O[1])
                                                      0.334     7.916 r  Inst_RGB/Inst_FSM_Slave/counter_reg_reg[20]_i_2/O[1]
                         net (fo=1, routed)           0.814     8.729    Inst_RGB/Inst_FSM_Slave/in2[18]
    SLICE_X4Y93          LUT2 (Prop_lut2_I0_O)        0.303     9.032 r  Inst_RGB/Inst_FSM_Slave/counter_reg[18]_i_1/O
                         net (fo=1, routed)           0.000     9.032    Inst_RGB/Inst_FSM_Slave/counter_reg_0[18]
    SLICE_X4Y93          FDCE                                         r  Inst_RGB/Inst_FSM_Slave/counter_reg_reg[18]/D
  -------------------------------------------------------------------    -------------------

                         (clock sys_clk_pin rise edge)
                                                     10.000    10.000 r  
    E3                                                0.000    10.000 r  CLK (IN)
                         net (fo=0)                   0.000    10.000    CLK
    E3                   IBUF (Prop_ibuf_I_O)         1.411    11.411 r  CLK_IBUF_inst/O
                         net (fo=1, routed)           1.920    13.331    CLK_IBUF
    BUFGCTRL_X0Y16       BUFG (Prop_bufg_I_O)         0.091    13.422 r  CLK_IBUF_BUFG_inst/O
                         net (fo=108, routed)         1.603    15.026    Inst_RGB/Inst_FSM_Slave/CLK
    SLICE_X4Y93          FDCE                                         r  Inst_RGB/Inst_FSM_Slave/counter_reg_reg[18]/C
                         clock pessimism              0.276    15.302    
                         clock uncertainty           -0.035    15.266    
    SLICE_X4Y93          FDCE (Setup_fdce_C_D)        0.031    15.297    Inst_RGB/Inst_FSM_Slave/counter_reg_reg[18]
  -------------------------------------------------------------------
                         required time                         15.297    
                         arrival time                          -9.032    
  -------------------------------------------------------------------
                         slack                                  6.265    

Slack (MET) :             6.273ns  (required time - arrival time)
  Source:                 Inst_RGB/Inst_FSM_Slave/counter_reg_reg[0]/C
                            (rising edge-triggered cell FDCE clocked by sys_clk_pin  {rise@0.000ns fall@5.000ns period=10.000ns})
  Destination:            Inst_RGB/Inst_FSM_Slave/counter_reg_reg[21]/D
                            (rising edge-triggered cell FDCE clocked by sys_clk_pin  {rise@0.000ns fall@5.000ns period=10.000ns})
  Path Group:             sys_clk_pin
  Path Type:              Setup (Max at Slow Process Corner)
  Requirement:            10.000ns  (sys_clk_pin rise@10.000ns - sys_clk_pin rise@0.000ns)
  Data Path Delay:        3.700ns  (logic 2.075ns (56.080%)  route 1.625ns (43.920%))
  Logic Levels:           7  (CARRY4=6 LUT2=1)
  Clock Path Skew:        -0.023ns (DCD - SCD + CPR)
    Destination Clock Delay (DCD):    5.026ns = ( 15.026 - 10.000 ) 
    Source Clock Delay      (SCD):    5.325ns
    Clock Pessimism Removal (CPR):    0.276ns
  Clock Uncertainty:      0.035ns  ((TSJ^2 + TIJ^2)^1/2 + DJ) / 2 + PE
    Total System Jitter     (TSJ):    0.071ns
    Total Input Jitter      (TIJ):    0.000ns
    Discrete Jitter          (DJ):    0.000ns
    Phase Error              (PE):    0.000ns

    Location             Delay type                Incr(ns)  Path(ns)    Netlist Resource(s)
  -------------------------------------------------------------------    -------------------
                         (clock sys_clk_pin rise edge)
                                                      0.000     0.000 r  
    E3                                                0.000     0.000 r  CLK (IN)
                         net (fo=0)                   0.000     0.000    CLK
    E3                   IBUF (Prop_ibuf_I_O)         1.482     1.482 r  CLK_IBUF_inst/O
                         net (fo=1, routed)           2.025     3.506    CLK_IBUF
    BUFGCTRL_X0Y16       BUFG (Prop_bufg_I_O)         0.096     3.602 r  CLK_IBUF_BUFG_inst/O
                         net (fo=108, routed)         1.722     5.325    Inst_RGB/Inst_FSM_Slave/CLK
    SLICE_X6Y90          FDCE                                         r  Inst_RGB/Inst_FSM_Slave/counter_reg_reg[0]/C
  -------------------------------------------------------------------    -------------------
    SLICE_X6Y90          FDCE (Prop_fdce_C_Q)         0.518     5.843 r  Inst_RGB/Inst_FSM_Slave/counter_reg_reg[0]/Q
                         net (fo=4, routed)           0.817     6.660    Inst_RGB/Inst_FSM_Slave/counter_reg[0]
    SLICE_X5Y89          CARRY4 (Prop_carry4_CYINIT_CO[3])
                                                      0.580     7.240 r  Inst_RGB/Inst_FSM_Slave/counter_reg_reg[4]_i_2/CO[3]
                         net (fo=1, routed)           0.000     7.240    Inst_RGB/Inst_FSM_Slave/counter_reg_reg[4]_i_2_n_0
    SLICE_X5Y90          CARRY4 (Prop_carry4_CI_CO[3])
                                                      0.114     7.354 r  Inst_RGB/Inst_FSM_Slave/counter_reg_reg[8]_i_2/CO[3]
                         net (fo=1, routed)           0.000     7.354    Inst_RGB/Inst_FSM_Slave/counter_reg_reg[8]_i_2_n_0
    SLICE_X5Y91          CARRY4 (Prop_carry4_CI_CO[3])
                                                      0.114     7.468 r  Inst_RGB/Inst_FSM_Slave/counter_reg_reg[12]_i_2/CO[3]
                         net (fo=1, routed)           0.000     7.468    Inst_RGB/Inst_FSM_Slave/counter_reg_reg[12]_i_2_n_0
    SLICE_X5Y92          CARRY4 (Prop_carry4_CI_CO[3])
                                                      0.114     7.582 r  Inst_RGB/Inst_FSM_Slave/counter_reg_reg[16]_i_2/CO[3]
                         net (fo=1, routed)           0.000     7.582    Inst_RGB/Inst_FSM_Slave/counter_reg_reg[16]_i_2_n_0
    SLICE_X5Y93          CARRY4 (Prop_carry4_CI_CO[3])
                                                      0.114     7.696 r  Inst_RGB/Inst_FSM_Slave/counter_reg_reg[20]_i_2/CO[3]
                         net (fo=1, routed)           0.000     7.696    Inst_RGB/Inst_FSM_Slave/counter_reg_reg[20]_i_2_n_0
    SLICE_X5Y94          CARRY4 (Prop_carry4_CI_O[0])
                                                      0.222     7.918 r  Inst_RGB/Inst_FSM_Slave/counter_reg_reg[22]_i_3/O[0]
                         net (fo=1, routed)           0.808     8.726    Inst_RGB/Inst_FSM_Slave/in2[21]
    SLICE_X4Y93          LUT2 (Prop_lut2_I0_O)        0.299     9.025 r  Inst_RGB/Inst_FSM_Slave/counter_reg[21]_i_1/O
                         net (fo=1, routed)           0.000     9.025    Inst_RGB/Inst_FSM_Slave/counter_reg_0[21]
    SLICE_X4Y93          FDCE                                         r  Inst_RGB/Inst_FSM_Slave/counter_reg_reg[21]/D
  -------------------------------------------------------------------    -------------------

                         (clock sys_clk_pin rise edge)
                                                     10.000    10.000 r  
    E3                                                0.000    10.000 r  CLK (IN)
                         net (fo=0)                   0.000    10.000    CLK
    E3                   IBUF (Prop_ibuf_I_O)         1.411    11.411 r  CLK_IBUF_inst/O
                         net (fo=1, routed)           1.920    13.331    CLK_IBUF
    BUFGCTRL_X0Y16       BUFG (Prop_bufg_I_O)         0.091    13.422 r  CLK_IBUF_BUFG_inst/O
                         net (fo=108, routed)         1.603    15.026    Inst_RGB/Inst_FSM_Slave/CLK
    SLICE_X4Y93          FDCE                                         r  Inst_RGB/Inst_FSM_Slave/counter_reg_reg[21]/C
                         clock pessimism              0.276    15.302    
                         clock uncertainty           -0.035    15.266    
    SLICE_X4Y93          FDCE (Setup_fdce_C_D)        0.031    15.297    Inst_RGB/Inst_FSM_Slave/counter_reg_reg[21]
  -------------------------------------------------------------------
                         required time                         15.297    
                         arrival time                          -9.025    
  -------------------------------------------------------------------
                         slack                                  6.273    

Slack (MET) :             6.291ns  (required time - arrival time)
  Source:                 Inst_RGB/Inst_FSM_Slave/counter_reg_reg[0]/C
                            (rising edge-triggered cell FDCE clocked by sys_clk_pin  {rise@0.000ns fall@5.000ns period=10.000ns})
  Destination:            Inst_RGB/Inst_FSM_Slave/FSM_onehot_current_state_reg[0]/D
                            (rising edge-triggered cell FDPE clocked by sys_clk_pin  {rise@0.000ns fall@5.000ns period=10.000ns})
  Path Group:             sys_clk_pin
  Path Type:              Setup (Max at Slow Process Corner)
  Requirement:            10.000ns  (sys_clk_pin rise@10.000ns - sys_clk_pin rise@0.000ns)
  Data Path Delay:        3.732ns  (logic 1.526ns (40.891%)  route 2.206ns (59.109%))
  Logic Levels:           5  (CARRY4=3 LUT2=1 LUT5=1)
  Clock Path Skew:        -0.023ns (DCD - SCD + CPR)
    Destination Clock Delay (DCD):    5.026ns = ( 15.026 - 10.000 ) 
    Source Clock Delay      (SCD):    5.325ns
    Clock Pessimism Removal (CPR):    0.276ns
  Clock Uncertainty:      0.035ns  ((TSJ^2 + TIJ^2)^1/2 + DJ) / 2 + PE
    Total System Jitter     (TSJ):    0.071ns
    Total Input Jitter      (TIJ):    0.000ns
    Discrete Jitter          (DJ):    0.000ns
    Phase Error              (PE):    0.000ns

    Location             Delay type                Incr(ns)  Path(ns)    Netlist Resource(s)
  -------------------------------------------------------------------    -------------------
                         (clock sys_clk_pin rise edge)
                                                      0.000     0.000 r  
    E3                                                0.000     0.000 r  CLK (IN)
                         net (fo=0)                   0.000     0.000    CLK
    E3                   IBUF (Prop_ibuf_I_O)         1.482     1.482 r  CLK_IBUF_inst/O
                         net (fo=1, routed)           2.025     3.506    CLK_IBUF
    BUFGCTRL_X0Y16       BUFG (Prop_bufg_I_O)         0.096     3.602 r  CLK_IBUF_BUFG_inst/O
                         net (fo=108, routed)         1.722     5.325    Inst_RGB/Inst_FSM_Slave/CLK
    SLICE_X6Y90          FDCE                                         r  Inst_RGB/Inst_FSM_Slave/counter_reg_reg[0]/C
  -------------------------------------------------------------------    -------------------
    SLICE_X6Y90          FDCE (Prop_fdce_C_Q)         0.518     5.843 f  Inst_RGB/Inst_FSM_Slave/counter_reg_reg[0]/Q
                         net (fo=4, routed)           1.088     6.931    Inst_RGB/Inst_FSM_Slave/counter_reg[0]
    SLICE_X4Y90          LUT2 (Prop_lut2_I1_O)        0.124     7.055 r  Inst_RGB/Inst_FSM_Slave/next_state0_carry_i_8/O
                         net (fo=1, routed)           0.000     7.055    Inst_RGB/Inst_FSM_Slave/next_state0_carry_i_8_n_0
    SLICE_X4Y90          CARRY4 (Prop_carry4_S[0]_CO[3])
                                                      0.532     7.587 r  Inst_RGB/Inst_FSM_Slave/next_state0_carry/CO[3]
                         net (fo=1, routed)           0.000     7.587    Inst_RGB/Inst_FSM_Slave/next_state0_carry_n_0
    SLICE_X4Y91          CARRY4 (Prop_carry4_CI_CO[3])
                                                      0.114     7.701 r  Inst_RGB/Inst_FSM_Slave/next_state0_carry__0/CO[3]
                         net (fo=1, routed)           0.000     7.701    Inst_RGB/Inst_FSM_Slave/next_state0_carry__0_n_0
    SLICE_X4Y92          CARRY4 (Prop_carry4_CI_CO[3])
                                                      0.114     7.815 f  Inst_RGB/Inst_FSM_Slave/next_state0_carry__1/CO[3]
                         net (fo=3, routed)           1.118     8.933    Inst_RGB/Inst_FSM_Slave/next_state0_carry__1_n_0
    SLICE_X6Y93          LUT5 (Prop_lut5_I0_O)        0.124     9.057 r  Inst_RGB/Inst_FSM_Slave/FSM_onehot_current_state[0]_i_1/O
                         net (fo=1, routed)           0.000     9.057    Inst_RGB/Inst_FSM_Slave/FSM_onehot_current_state[0]_i_1_n_0
    SLICE_X6Y93          FDPE                                         r  Inst_RGB/Inst_FSM_Slave/FSM_onehot_current_state_reg[0]/D
  -------------------------------------------------------------------    -------------------

                         (clock sys_clk_pin rise edge)
                                                     10.000    10.000 r  
    E3                                                0.000    10.000 r  CLK (IN)
                         net (fo=0)                   0.000    10.000    CLK
    E3                   IBUF (Prop_ibuf_I_O)         1.411    11.411 r  CLK_IBUF_inst/O
                         net (fo=1, routed)           1.920    13.331    CLK_IBUF
    BUFGCTRL_X0Y16       BUFG (Prop_bufg_I_O)         0.091    13.422 r  CLK_IBUF_BUFG_inst/O
                         net (fo=108, routed)         1.603    15.026    Inst_RGB/Inst_FSM_Slave/CLK
    SLICE_X6Y93          FDPE                                         r  Inst_RGB/Inst_FSM_Slave/FSM_onehot_current_state_reg[0]/C
                         clock pessimism              0.276    15.302    
                         clock uncertainty           -0.035    15.266    
    SLICE_X6Y93          FDPE (Setup_fdpe_C_D)        0.081    15.347    Inst_RGB/Inst_FSM_Slave/FSM_onehot_current_state_reg[0]
  -------------------------------------------------------------------
                         required time                         15.347    
                         arrival time                          -9.057    
  -------------------------------------------------------------------
                         slack                                  6.291    

Slack (MET) :             6.326ns  (required time - arrival time)
  Source:                 Inst_RGB/Inst_FSM_Slave/counter_reg_reg[0]/C
                            (rising edge-triggered cell FDCE clocked by sys_clk_pin  {rise@0.000ns fall@5.000ns period=10.000ns})
  Destination:            Inst_RGB/Inst_FSM_Slave/counter_reg_reg[17]/D
                            (rising edge-triggered cell FDCE clocked by sys_clk_pin  {rise@0.000ns fall@5.000ns period=10.000ns})
  Path Group:             sys_clk_pin
  Path Type:              Setup (Max at Slow Process Corner)
  Requirement:            10.000ns  (sys_clk_pin rise@10.000ns - sys_clk_pin rise@0.000ns)
  Data Path Delay:        3.645ns  (logic 1.961ns (53.804%)  route 1.684ns (46.196%))
  Logic Levels:           6  (CARRY4=5 LUT2=1)
  Clock Path Skew:        -0.023ns (DCD - SCD + CPR)
    Destination Clock Delay (DCD):    5.026ns = ( 15.026 - 10.000 ) 
    Source Clock Delay      (SCD):    5.325ns
    Clock Pessimism Removal (CPR):    0.276ns
  Clock Uncertainty:      0.035ns  ((TSJ^2 + TIJ^2)^1/2 + DJ) / 2 + PE
    Total System Jitter     (TSJ):    0.071ns
    Total Input Jitter      (TIJ):    0.000ns
    Discrete Jitter          (DJ):    0.000ns
    Phase Error              (PE):    0.000ns

    Location             Delay type                Incr(ns)  Path(ns)    Netlist Resource(s)
  -------------------------------------------------------------------    -------------------
                         (clock sys_clk_pin rise edge)
                                                      0.000     0.000 r  
    E3                                                0.000     0.000 r  CLK (IN)
                         net (fo=0)                   0.000     0.000    CLK
    E3                   IBUF (Prop_ibuf_I_O)         1.482     1.482 r  CLK_IBUF_inst/O
                         net (fo=1, routed)           2.025     3.506    CLK_IBUF
    BUFGCTRL_X0Y16       BUFG (Prop_bufg_I_O)         0.096     3.602 r  CLK_IBUF_BUFG_inst/O
                         net (fo=108, routed)         1.722     5.325    Inst_RGB/Inst_FSM_Slave/CLK
    SLICE_X6Y90          FDCE                                         r  Inst_RGB/Inst_FSM_Slave/counter_reg_reg[0]/C
  -------------------------------------------------------------------    -------------------
    SLICE_X6Y90          FDCE (Prop_fdce_C_Q)         0.518     5.843 r  Inst_RGB/Inst_FSM_Slave/counter_reg_reg[0]/Q
                         net (fo=4, routed)           0.817     6.660    Inst_RGB/Inst_FSM_Slave/counter_reg[0]
    SLICE_X5Y89          CARRY4 (Prop_carry4_CYINIT_CO[3])
                                                      0.580     7.240 r  Inst_RGB/Inst_FSM_Slave/counter_reg_reg[4]_i_2/CO[3]
                         net (fo=1, routed)           0.000     7.240    Inst_RGB/Inst_FSM_Slave/counter_reg_reg[4]_i_2_n_0
    SLICE_X5Y90          CARRY4 (Prop_carry4_CI_CO[3])
                                                      0.114     7.354 r  Inst_RGB/Inst_FSM_Slave/counter_reg_reg[8]_i_2/CO[3]
                         net (fo=1, routed)           0.000     7.354    Inst_RGB/Inst_FSM_Slave/counter_reg_reg[8]_i_2_n_0
    SLICE_X5Y91          CARRY4 (Prop_carry4_CI_CO[3])
                                                      0.114     7.468 r  Inst_RGB/Inst_FSM_Slave/counter_reg_reg[12]_i_2/CO[3]
                         net (fo=1, routed)           0.000     7.468    Inst_RGB/Inst_FSM_Slave/counter_reg_reg[12]_i_2_n_0
    SLICE_X5Y92          CARRY4 (Prop_carry4_CI_CO[3])
                                                      0.114     7.582 r  Inst_RGB/Inst_FSM_Slave/counter_reg_reg[16]_i_2/CO[3]
                         net (fo=1, routed)           0.000     7.582    Inst_RGB/Inst_FSM_Slave/counter_reg_reg[16]_i_2_n_0
    SLICE_X5Y93          CARRY4 (Prop_carry4_CI_O[0])
                                                      0.222     7.804 r  Inst_RGB/Inst_FSM_Slave/counter_reg_reg[20]_i_2/O[0]
                         net (fo=1, routed)           0.867     8.670    Inst_RGB/Inst_FSM_Slave/in2[17]
    SLICE_X4Y93          LUT2 (Prop_lut2_I0_O)        0.299     8.969 r  Inst_RGB/Inst_FSM_Slave/counter_reg[17]_i_1/O
                         net (fo=1, routed)           0.000     8.969    Inst_RGB/Inst_FSM_Slave/counter_reg_0[17]
    SLICE_X4Y93          FDCE                                         r  Inst_RGB/Inst_FSM_Slave/counter_reg_reg[17]/D
  -------------------------------------------------------------------    -------------------

                         (clock sys_clk_pin rise edge)
                                                     10.000    10.000 r  
    E3                                                0.000    10.000 r  CLK (IN)
                         net (fo=0)                   0.000    10.000    CLK
    E3                   IBUF (Prop_ibuf_I_O)         1.411    11.411 r  CLK_IBUF_inst/O
                         net (fo=1, routed)           1.920    13.331    CLK_IBUF
    BUFGCTRL_X0Y16       BUFG (Prop_bufg_I_O)         0.091    13.422 r  CLK_IBUF_BUFG_inst/O
                         net (fo=108, routed)         1.603    15.026    Inst_RGB/Inst_FSM_Slave/CLK
    SLICE_X4Y93          FDCE                                         r  Inst_RGB/Inst_FSM_Slave/counter_reg_reg[17]/C
                         clock pessimism              0.276    15.302    
                         clock uncertainty           -0.035    15.266    
    SLICE_X4Y93          FDCE (Setup_fdce_C_D)        0.029    15.295    Inst_RGB/Inst_FSM_Slave/counter_reg_reg[17]
  -------------------------------------------------------------------
                         required time                         15.295    
                         arrival time                          -8.969    
  -------------------------------------------------------------------
                         slack                                  6.326    

Slack (MET) :             6.333ns  (required time - arrival time)
  Source:                 Inst_RGB/Inst_FSM_Slave/counter_reg_reg[0]/C
                            (rising edge-triggered cell FDCE clocked by sys_clk_pin  {rise@0.000ns fall@5.000ns period=10.000ns})
  Destination:            Inst_RGB/Inst_FSM_Slave/counter_reg_reg[22]/D
                            (rising edge-triggered cell FDCE clocked by sys_clk_pin  {rise@0.000ns fall@5.000ns period=10.000ns})
  Path Group:             sys_clk_pin
  Path Type:              Setup (Max at Slow Process Corner)
  Requirement:            10.000ns  (sys_clk_pin rise@10.000ns - sys_clk_pin rise@0.000ns)
  Data Path Delay:        3.684ns  (logic 2.220ns (60.266%)  route 1.464ns (39.734%))
  Logic Levels:           7  (CARRY4=6 LUT2=1)
  Clock Path Skew:        -0.023ns (DCD - SCD + CPR)
    Destination Clock Delay (DCD):    5.026ns = ( 15.026 - 10.000 ) 
    Source Clock Delay      (SCD):    5.325ns
    Clock Pessimism Removal (CPR):    0.276ns
  Clock Uncertainty:      0.035ns  ((TSJ^2 + TIJ^2)^1/2 + DJ) / 2 + PE
    Total System Jitter     (TSJ):    0.071ns
    Total Input Jitter      (TIJ):    0.000ns
    Discrete Jitter          (DJ):    0.000ns
    Phase Error              (PE):    0.000ns

    Location             Delay type                Incr(ns)  Path(ns)    Netlist Resource(s)
  -------------------------------------------------------------------    -------------------
                         (clock sys_clk_pin rise edge)
                                                      0.000     0.000 r  
    E3                                                0.000     0.000 r  CLK (IN)
                         net (fo=0)                   0.000     0.000    CLK
    E3                   IBUF (Prop_ibuf_I_O)         1.482     1.482 r  CLK_IBUF_inst/O
                         net (fo=1, routed)           2.025     3.506    CLK_IBUF
    BUFGCTRL_X0Y16       BUFG (Prop_bufg_I_O)         0.096     3.602 r  CLK_IBUF_BUFG_inst/O
                         net (fo=108, routed)         1.722     5.325    Inst_RGB/Inst_FSM_Slave/CLK
    SLICE_X6Y90          FDCE                                         r  Inst_RGB/Inst_FSM_Slave/counter_reg_reg[0]/C
  -------------------------------------------------------------------    -------------------
    SLICE_X6Y90          FDCE (Prop_fdce_C_Q)         0.518     5.843 r  Inst_RGB/Inst_FSM_Slave/counter_reg_reg[0]/Q
                         net (fo=4, routed)           0.817     6.660    Inst_RGB/Inst_FSM_Slave/counter_reg[0]
    SLICE_X5Y89          CARRY4 (Prop_carry4_CYINIT_CO[3])
                                                      0.580     7.240 r  Inst_RGB/Inst_FSM_Slave/counter_reg_reg[4]_i_2/CO[3]
                         net (fo=1, routed)           0.000     7.240    Inst_RGB/Inst_FSM_Slave/counter_reg_reg[4]_i_2_n_0
    SLICE_X5Y90          CARRY4 (Prop_carry4_CI_CO[3])
                                                      0.114     7.354 r  Inst_RGB/Inst_FSM_Slave/counter_reg_reg[8]_i_2/CO[3]
                         net (fo=1, routed)           0.000     7.354    Inst_RGB/Inst_FSM_Slave/counter_reg_reg[8]_i_2_n_0
    SLICE_X5Y91          CARRY4 (Prop_carry4_CI_CO[3])
                                                      0.114     7.468 r  Inst_RGB/Inst_FSM_Slave/counter_reg_reg[12]_i_2/CO[3]
                         net (fo=1, routed)           0.000     7.468    Inst_RGB/Inst_FSM_Slave/counter_reg_reg[12]_i_2_n_0
    SLICE_X5Y92          CARRY4 (Prop_carry4_CI_CO[3])
                                                      0.114     7.582 r  Inst_RGB/Inst_FSM_Slave/counter_reg_reg[16]_i_2/CO[3]
                         net (fo=1, routed)           0.000     7.582    Inst_RGB/Inst_FSM_Slave/counter_reg_reg[16]_i_2_n_0
    SLICE_X5Y93          CARRY4 (Prop_carry4_CI_CO[3])
                                                      0.114     7.696 r  Inst_RGB/Inst_FSM_Slave/counter_reg_reg[20]_i_2/CO[3]
                         net (fo=1, routed)           0.000     7.696    Inst_RGB/Inst_FSM_Slave/counter_reg_reg[20]_i_2_n_0
    SLICE_X5Y94          CARRY4 (Prop_carry4_CI_O[1])
                                                      0.334     8.030 r  Inst_RGB/Inst_FSM_Slave/counter_reg_reg[22]_i_3/O[1]
                         net (fo=1, routed)           0.647     8.676    Inst_RGB/Inst_FSM_Slave/in2[22]
    SLICE_X4Y93          LUT2 (Prop_lut2_I0_O)        0.332     9.008 r  Inst_RGB/Inst_FSM_Slave/counter_reg[22]_i_2/O
                         net (fo=1, routed)           0.000     9.008    Inst_RGB/Inst_FSM_Slave/counter_reg_0[22]
    SLICE_X4Y93          FDCE                                         r  Inst_RGB/Inst_FSM_Slave/counter_reg_reg[22]/D
  -------------------------------------------------------------------    -------------------

                         (clock sys_clk_pin rise edge)
                                                     10.000    10.000 r  
    E3                                                0.000    10.000 r  CLK (IN)
                         net (fo=0)                   0.000    10.000    CLK
    E3                   IBUF (Prop_ibuf_I_O)         1.411    11.411 r  CLK_IBUF_inst/O
                         net (fo=1, routed)           1.920    13.331    CLK_IBUF
    BUFGCTRL_X0Y16       BUFG (Prop_bufg_I_O)         0.091    13.422 r  CLK_IBUF_BUFG_inst/O
                         net (fo=108, routed)         1.603    15.026    Inst_RGB/Inst_FSM_Slave/CLK
    SLICE_X4Y93          FDCE                                         r  Inst_RGB/Inst_FSM_Slave/counter_reg_reg[22]/C
                         clock pessimism              0.276    15.302    
                         clock uncertainty           -0.035    15.266    
    SLICE_X4Y93          FDCE (Setup_fdce_C_D)        0.075    15.341    Inst_RGB/Inst_FSM_Slave/counter_reg_reg[22]
  -------------------------------------------------------------------
                         required time                         15.341    
                         arrival time                          -9.008    
  -------------------------------------------------------------------
                         slack                                  6.333    

Slack (MET) :             6.422ns  (required time - arrival time)
  Source:                 Inst_input/U2/btn_clean_reg/C
                            (rising edge-triggered cell FDRE clocked by sys_clk_pin  {rise@0.000ns fall@5.000ns period=10.000ns})
  Destination:            Inst_RGB/Inst_Master/b_reg_reg[0]/CE
                            (rising edge-triggered cell FDCE clocked by sys_clk_pin  {rise@0.000ns fall@5.000ns period=10.000ns})
  Path Group:             sys_clk_pin
  Path Type:              Setup (Max at Slow Process Corner)
  Requirement:            10.000ns  (sys_clk_pin rise@10.000ns - sys_clk_pin rise@0.000ns)
  Data Path Delay:        3.314ns  (logic 0.954ns (28.790%)  route 2.360ns (71.210%))
  Logic Levels:           2  (LUT4=1 LUT6=1)
  Clock Path Skew:        -0.024ns (DCD - SCD + CPR)
    Destination Clock Delay (DCD):    5.028ns = ( 15.028 - 10.000 ) 
    Source Clock Delay      (SCD):    5.327ns
    Clock Pessimism Removal (CPR):    0.275ns
  Clock Uncertainty:      0.035ns  ((TSJ^2 + TIJ^2)^1/2 + DJ) / 2 + PE
    Total System Jitter     (TSJ):    0.071ns
    Total Input Jitter      (TIJ):    0.000ns
    Discrete Jitter          (DJ):    0.000ns
    Phase Error              (PE):    0.000ns

    Location             Delay type                Incr(ns)  Path(ns)    Netlist Resource(s)
  -------------------------------------------------------------------    -------------------
                         (clock sys_clk_pin rise edge)
                                                      0.000     0.000 r  
    E3                                                0.000     0.000 r  CLK (IN)
                         net (fo=0)                   0.000     0.000    CLK
    E3                   IBUF (Prop_ibuf_I_O)         1.482     1.482 r  CLK_IBUF_inst/O
                         net (fo=1, routed)           2.025     3.506    CLK_IBUF
    BUFGCTRL_X0Y16       BUFG (Prop_bufg_I_O)         0.096     3.602 r  CLK_IBUF_BUFG_inst/O
                         net (fo=108, routed)         1.724     5.327    Inst_input/U2/CLK
    SLICE_X1Y92          FDRE                                         r  Inst_input/U2/btn_clean_reg/C
  -------------------------------------------------------------------    -------------------
    SLICE_X1Y92          FDRE (Prop_fdre_C_Q)         0.456     5.783 r  Inst_input/U2/btn_clean_reg/Q
                         net (fo=16, routed)          1.087     6.870    Inst_input/U2/D[0]
    SLICE_X6Y94          LUT4 (Prop_lut4_I0_O)        0.150     7.020 f  Inst_input/U2/b_reg[7]_i_4/O
                         net (fo=1, routed)           0.654     7.674    Inst_RGB/Inst_Master/b_reg_reg[0]_0
    SLICE_X3Y95          LUT6 (Prop_lut6_I1_O)        0.348     8.022 r  Inst_RGB/Inst_Master/b_reg[7]_i_1/O
                         net (fo=8, routed)           0.618     8.640    Inst_RGB/Inst_Master/b_reg
    SLICE_X3Y95          FDCE                                         r  Inst_RGB/Inst_Master/b_reg_reg[0]/CE
  -------------------------------------------------------------------    -------------------

                         (clock sys_clk_pin rise edge)
                                                     10.000    10.000 r  
    E3                                                0.000    10.000 r  CLK (IN)
                         net (fo=0)                   0.000    10.000    CLK
    E3                   IBUF (Prop_ibuf_I_O)         1.411    11.411 r  CLK_IBUF_inst/O
                         net (fo=1, routed)           1.920    13.331    CLK_IBUF
    BUFGCTRL_X0Y16       BUFG (Prop_bufg_I_O)         0.091    13.422 r  CLK_IBUF_BUFG_inst/O
                         net (fo=108, routed)         1.605    15.028    Inst_RGB/Inst_Master/CLK
    SLICE_X3Y95          FDCE                                         r  Inst_RGB/Inst_Master/b_reg_reg[0]/C
                         clock pessimism              0.275    15.303    
                         clock uncertainty           -0.035    15.267    
    SLICE_X3Y95          FDCE (Setup_fdce_C_CE)      -0.205    15.062    Inst_RGB/Inst_Master/b_reg_reg[0]
  -------------------------------------------------------------------
                         required time                         15.062    
                         arrival time                          -8.640    
  -------------------------------------------------------------------
                         slack                                  6.422    

Slack (MET) :             6.450ns  (required time - arrival time)
  Source:                 Inst_input/U2/btn_clean_reg/C
                            (rising edge-triggered cell FDRE clocked by sys_clk_pin  {rise@0.000ns fall@5.000ns period=10.000ns})
  Destination:            Inst_RGB/Inst_Master/b_reg_reg[1]/CE
                            (rising edge-triggered cell FDCE clocked by sys_clk_pin  {rise@0.000ns fall@5.000ns period=10.000ns})
  Path Group:             sys_clk_pin
  Path Type:              Setup (Max at Slow Process Corner)
  Requirement:            10.000ns  (sys_clk_pin rise@10.000ns - sys_clk_pin rise@0.000ns)
  Data Path Delay:        3.268ns  (logic 0.954ns (29.191%)  route 2.314ns (70.809%))
  Logic Levels:           2  (LUT4=1 LUT6=1)
  Clock Path Skew:        -0.042ns (DCD - SCD + CPR)
    Destination Clock Delay (DCD):    5.026ns = ( 15.026 - 10.000 ) 
    Source Clock Delay      (SCD):    5.327ns
    Clock Pessimism Removal (CPR):    0.259ns
  Clock Uncertainty:      0.035ns  ((TSJ^2 + TIJ^2)^1/2 + DJ) / 2 + PE
    Total System Jitter     (TSJ):    0.071ns
    Total Input Jitter      (TIJ):    0.000ns
    Discrete Jitter          (DJ):    0.000ns
    Phase Error              (PE):    0.000ns

    Location             Delay type                Incr(ns)  Path(ns)    Netlist Resource(s)
  -------------------------------------------------------------------    -------------------
                         (clock sys_clk_pin rise edge)
                                                      0.000     0.000 r  
    E3                                                0.000     0.000 r  CLK (IN)
                         net (fo=0)                   0.000     0.000    CLK
    E3                   IBUF (Prop_ibuf_I_O)         1.482     1.482 r  CLK_IBUF_inst/O
                         net (fo=1, routed)           2.025     3.506    CLK_IBUF
    BUFGCTRL_X0Y16       BUFG (Prop_bufg_I_O)         0.096     3.602 r  CLK_IBUF_BUFG_inst/O
                         net (fo=108, routed)         1.724     5.327    Inst_input/U2/CLK
    SLICE_X1Y92          FDRE                                         r  Inst_input/U2/btn_clean_reg/C
  -------------------------------------------------------------------    -------------------
    SLICE_X1Y92          FDRE (Prop_fdre_C_Q)         0.456     5.783 r  Inst_input/U2/btn_clean_reg/Q
                         net (fo=16, routed)          1.087     6.870    Inst_input/U2/D[0]
    SLICE_X6Y94          LUT4 (Prop_lut4_I0_O)        0.150     7.020 f  Inst_input/U2/b_reg[7]_i_4/O
                         net (fo=1, routed)           0.654     7.674    Inst_RGB/Inst_Master/b_reg_reg[0]_0
    SLICE_X3Y95          LUT6 (Prop_lut6_I1_O)        0.348     8.022 r  Inst_RGB/Inst_Master/b_reg[7]_i_1/O
                         net (fo=8, routed)           0.573     8.595    Inst_RGB/Inst_Master/b_reg
    SLICE_X4Y95          FDCE                                         r  Inst_RGB/Inst_Master/b_reg_reg[1]/CE
  -------------------------------------------------------------------    -------------------

                         (clock sys_clk_pin rise edge)
                                                     10.000    10.000 r  
    E3                                                0.000    10.000 r  CLK (IN)
                         net (fo=0)                   0.000    10.000    CLK
    E3                   IBUF (Prop_ibuf_I_O)         1.411    11.411 r  CLK_IBUF_inst/O
                         net (fo=1, routed)           1.920    13.331    CLK_IBUF
    BUFGCTRL_X0Y16       BUFG (Prop_bufg_I_O)         0.091    13.422 r  CLK_IBUF_BUFG_inst/O
                         net (fo=108, routed)         1.603    15.026    Inst_RGB/Inst_Master/CLK
    SLICE_X4Y95          FDCE                                         r  Inst_RGB/Inst_Master/b_reg_reg[1]/C
                         clock pessimism              0.259    15.285    
                         clock uncertainty           -0.035    15.249    
    SLICE_X4Y95          FDCE (Setup_fdce_C_CE)      -0.205    15.044    Inst_RGB/Inst_Master/b_reg_reg[1]
  -------------------------------------------------------------------
                         required time                         15.044    
                         arrival time                          -8.595    
  -------------------------------------------------------------------
                         slack                                  6.450    

Slack (MET) :             6.450ns  (required time - arrival time)
  Source:                 Inst_input/U2/btn_clean_reg/C
                            (rising edge-triggered cell FDRE clocked by sys_clk_pin  {rise@0.000ns fall@5.000ns period=10.000ns})
  Destination:            Inst_RGB/Inst_Master/b_reg_reg[2]/CE
                            (rising edge-triggered cell FDCE clocked by sys_clk_pin  {rise@0.000ns fall@5.000ns period=10.000ns})
  Path Group:             sys_clk_pin
  Path Type:              Setup (Max at Slow Process Corner)
  Requirement:            10.000ns  (sys_clk_pin rise@10.000ns - sys_clk_pin rise@0.000ns)
  Data Path Delay:        3.268ns  (logic 0.954ns (29.191%)  route 2.314ns (70.809%))
  Logic Levels:           2  (LUT4=1 LUT6=1)
  Clock Path Skew:        -0.042ns (DCD - SCD + CPR)
    Destination Clock Delay (DCD):    5.026ns = ( 15.026 - 10.000 ) 
    Source Clock Delay      (SCD):    5.327ns
    Clock Pessimism Removal (CPR):    0.259ns
  Clock Uncertainty:      0.035ns  ((TSJ^2 + TIJ^2)^1/2 + DJ) / 2 + PE
    Total System Jitter     (TSJ):    0.071ns
    Total Input Jitter      (TIJ):    0.000ns
    Discrete Jitter          (DJ):    0.000ns
    Phase Error              (PE):    0.000ns

    Location             Delay type                Incr(ns)  Path(ns)    Netlist Resource(s)
  -------------------------------------------------------------------    -------------------
                         (clock sys_clk_pin rise edge)
                                                      0.000     0.000 r  
    E3                                                0.000     0.000 r  CLK (IN)
                         net (fo=0)                   0.000     0.000    CLK
    E3                   IBUF (Prop_ibuf_I_O)         1.482     1.482 r  CLK_IBUF_inst/O
                         net (fo=1, routed)           2.025     3.506    CLK_IBUF
    BUFGCTRL_X0Y16       BUFG (Prop_bufg_I_O)         0.096     3.602 r  CLK_IBUF_BUFG_inst/O
                         net (fo=108, routed)         1.724     5.327    Inst_input/U2/CLK
    SLICE_X1Y92          FDRE                                         r  Inst_input/U2/btn_clean_reg/C
  -------------------------------------------------------------------    -------------------
    SLICE_X1Y92          FDRE (Prop_fdre_C_Q)         0.456     5.783 r  Inst_input/U2/btn_clean_reg/Q
                         net (fo=16, routed)          1.087     6.870    Inst_input/U2/D[0]
    SLICE_X6Y94          LUT4 (Prop_lut4_I0_O)        0.150     7.020 f  Inst_input/U2/b_reg[7]_i_4/O
                         net (fo=1, routed)           0.654     7.674    Inst_RGB/Inst_Master/b_reg_reg[0]_0
    SLICE_X3Y95          LUT6 (Prop_lut6_I1_O)        0.348     8.022 r  Inst_RGB/Inst_Master/b_reg[7]_i_1/O
                         net (fo=8, routed)           0.573     8.595    Inst_RGB/Inst_Master/b_reg
    SLICE_X4Y95          FDCE                                         r  Inst_RGB/Inst_Master/b_reg_reg[2]/CE
  -------------------------------------------------------------------    -------------------

                         (clock sys_clk_pin rise edge)
                                                     10.000    10.000 r  
    E3                                                0.000    10.000 r  CLK (IN)
                         net (fo=0)                   0.000    10.000    CLK
    E3                   IBUF (Prop_ibuf_I_O)         1.411    11.411 r  CLK_IBUF_inst/O
                         net (fo=1, routed)           1.920    13.331    CLK_IBUF
    BUFGCTRL_X0Y16       BUFG (Prop_bufg_I_O)         0.091    13.422 r  CLK_IBUF_BUFG_inst/O
                         net (fo=108, routed)         1.603    15.026    Inst_RGB/Inst_Master/CLK
    SLICE_X4Y95          FDCE                                         r  Inst_RGB/Inst_Master/b_reg_reg[2]/C
                         clock pessimism              0.259    15.285    
                         clock uncertainty           -0.035    15.249    
    SLICE_X4Y95          FDCE (Setup_fdce_C_CE)      -0.205    15.044    Inst_RGB/Inst_Master/b_reg_reg[2]
  -------------------------------------------------------------------
                         required time                         15.044    
                         arrival time                          -8.595    
  -------------------------------------------------------------------
                         slack                                  6.450    

Slack (MET) :             6.450ns  (required time - arrival time)
  Source:                 Inst_input/U2/btn_clean_reg/C
                            (rising edge-triggered cell FDRE clocked by sys_clk_pin  {rise@0.000ns fall@5.000ns period=10.000ns})
  Destination:            Inst_RGB/Inst_Master/b_reg_reg[3]/CE
                            (rising edge-triggered cell FDCE clocked by sys_clk_pin  {rise@0.000ns fall@5.000ns period=10.000ns})
  Path Group:             sys_clk_pin
  Path Type:              Setup (Max at Slow Process Corner)
  Requirement:            10.000ns  (sys_clk_pin rise@10.000ns - sys_clk_pin rise@0.000ns)
  Data Path Delay:        3.268ns  (logic 0.954ns (29.191%)  route 2.314ns (70.809%))
  Logic Levels:           2  (LUT4=1 LUT6=1)
  Clock Path Skew:        -0.042ns (DCD - SCD + CPR)
    Destination Clock Delay (DCD):    5.026ns = ( 15.026 - 10.000 ) 
    Source Clock Delay      (SCD):    5.327ns
    Clock Pessimism Removal (CPR):    0.259ns
  Clock Uncertainty:      0.035ns  ((TSJ^2 + TIJ^2)^1/2 + DJ) / 2 + PE
    Total System Jitter     (TSJ):    0.071ns
    Total Input Jitter      (TIJ):    0.000ns
    Discrete Jitter          (DJ):    0.000ns
    Phase Error              (PE):    0.000ns

    Location             Delay type                Incr(ns)  Path(ns)    Netlist Resource(s)
  -------------------------------------------------------------------    -------------------
                         (clock sys_clk_pin rise edge)
                                                      0.000     0.000 r  
    E3                                                0.000     0.000 r  CLK (IN)
                         net (fo=0)                   0.000     0.000    CLK
    E3                   IBUF (Prop_ibuf_I_O)         1.482     1.482 r  CLK_IBUF_inst/O
                         net (fo=1, routed)           2.025     3.506    CLK_IBUF
    BUFGCTRL_X0Y16       BUFG (Prop_bufg_I_O)         0.096     3.602 r  CLK_IBUF_BUFG_inst/O
                         net (fo=108, routed)         1.724     5.327    Inst_input/U2/CLK
    SLICE_X1Y92          FDRE                                         r  Inst_input/U2/btn_clean_reg/C
  -------------------------------------------------------------------    -------------------
    SLICE_X1Y92          FDRE (Prop_fdre_C_Q)         0.456     5.783 r  Inst_input/U2/btn_clean_reg/Q
                         net (fo=16, routed)          1.087     6.870    Inst_input/U2/D[0]
    SLICE_X6Y94          LUT4 (Prop_lut4_I0_O)        0.150     7.020 f  Inst_input/U2/b_reg[7]_i_4/O
                         net (fo=1, routed)           0.654     7.674    Inst_RGB/Inst_Master/b_reg_reg[0]_0
    SLICE_X3Y95          LUT6 (Prop_lut6_I1_O)        0.348     8.022 r  Inst_RGB/Inst_Master/b_reg[7]_i_1/O
                         net (fo=8, routed)           0.573     8.595    Inst_RGB/Inst_Master/b_reg
    SLICE_X4Y95          FDCE                                         r  Inst_RGB/Inst_Master/b_reg_reg[3]/CE
  -------------------------------------------------------------------    -------------------

                         (clock sys_clk_pin rise edge)
                                                     10.000    10.000 r  
    E3                                                0.000    10.000 r  CLK (IN)
                         net (fo=0)                   0.000    10.000    CLK
    E3                   IBUF (Prop_ibuf_I_O)         1.411    11.411 r  CLK_IBUF_inst/O
                         net (fo=1, routed)           1.920    13.331    CLK_IBUF
    BUFGCTRL_X0Y16       BUFG (Prop_bufg_I_O)         0.091    13.422 r  CLK_IBUF_BUFG_inst/O
                         net (fo=108, routed)         1.603    15.026    Inst_RGB/Inst_Master/CLK
    SLICE_X4Y95          FDCE                                         r  Inst_RGB/Inst_Master/b_reg_reg[3]/C
                         clock pessimism              0.259    15.285    
                         clock uncertainty           -0.035    15.249    
    SLICE_X4Y95          FDCE (Setup_fdce_C_CE)      -0.205    15.044    Inst_RGB/Inst_Master/b_reg_reg[3]
  -------------------------------------------------------------------
                         required time                         15.044    
                         arrival time                          -8.595    
  -------------------------------------------------------------------
                         slack                                  6.450    

Slack (MET) :             6.450ns  (required time - arrival time)
  Source:                 Inst_input/U2/btn_clean_reg/C
                            (rising edge-triggered cell FDRE clocked by sys_clk_pin  {rise@0.000ns fall@5.000ns period=10.000ns})
  Destination:            Inst_RGB/Inst_Master/b_reg_reg[4]/CE
                            (rising edge-triggered cell FDCE clocked by sys_clk_pin  {rise@0.000ns fall@5.000ns period=10.000ns})
  Path Group:             sys_clk_pin
  Path Type:              Setup (Max at Slow Process Corner)
  Requirement:            10.000ns  (sys_clk_pin rise@10.000ns - sys_clk_pin rise@0.000ns)
  Data Path Delay:        3.268ns  (logic 0.954ns (29.191%)  route 2.314ns (70.809%))
  Logic Levels:           2  (LUT4=1 LUT6=1)
  Clock Path Skew:        -0.042ns (DCD - SCD + CPR)
    Destination Clock Delay (DCD):    5.026ns = ( 15.026 - 10.000 ) 
    Source Clock Delay      (SCD):    5.327ns
    Clock Pessimism Removal (CPR):    0.259ns
  Clock Uncertainty:      0.035ns  ((TSJ^2 + TIJ^2)^1/2 + DJ) / 2 + PE
    Total System Jitter     (TSJ):    0.071ns
    Total Input Jitter      (TIJ):    0.000ns
    Discrete Jitter          (DJ):    0.000ns
    Phase Error              (PE):    0.000ns

    Location             Delay type                Incr(ns)  Path(ns)    Netlist Resource(s)
  -------------------------------------------------------------------    -------------------
                         (clock sys_clk_pin rise edge)
                                                      0.000     0.000 r  
    E3                                                0.000     0.000 r  CLK (IN)
                         net (fo=0)                   0.000     0.000    CLK
    E3                   IBUF (Prop_ibuf_I_O)         1.482     1.482 r  CLK_IBUF_inst/O
                         net (fo=1, routed)           2.025     3.506    CLK_IBUF
    BUFGCTRL_X0Y16       BUFG (Prop_bufg_I_O)         0.096     3.602 r  CLK_IBUF_BUFG_inst/O
                         net (fo=108, routed)         1.724     5.327    Inst_input/U2/CLK
    SLICE_X1Y92          FDRE                                         r  Inst_input/U2/btn_clean_reg/C
  -------------------------------------------------------------------    -------------------
    SLICE_X1Y92          FDRE (Prop_fdre_C_Q)         0.456     5.783 r  Inst_input/U2/btn_clean_reg/Q
                         net (fo=16, routed)          1.087     6.870    Inst_input/U2/D[0]
    SLICE_X6Y94          LUT4 (Prop_lut4_I0_O)        0.150     7.020 f  Inst_input/U2/b_reg[7]_i_4/O
                         net (fo=1, routed)           0.654     7.674    Inst_RGB/Inst_Master/b_reg_reg[0]_0
    SLICE_X3Y95          LUT6 (Prop_lut6_I1_O)        0.348     8.022 r  Inst_RGB/Inst_Master/b_reg[7]_i_1/O
                         net (fo=8, routed)           0.573     8.595    Inst_RGB/Inst_Master/b_reg
    SLICE_X4Y95          FDCE                                         r  Inst_RGB/Inst_Master/b_reg_reg[4]/CE
  -------------------------------------------------------------------    -------------------

                         (clock sys_clk_pin rise edge)
                                                     10.000    10.000 r  
    E3                                                0.000    10.000 r  CLK (IN)
                         net (fo=0)                   0.000    10.000    CLK
    E3                   IBUF (Prop_ibuf_I_O)         1.411    11.411 r  CLK_IBUF_inst/O
                         net (fo=1, routed)           1.920    13.331    CLK_IBUF
    BUFGCTRL_X0Y16       BUFG (Prop_bufg_I_O)         0.091    13.422 r  CLK_IBUF_BUFG_inst/O
                         net (fo=108, routed)         1.603    15.026    Inst_RGB/Inst_Master/CLK
    SLICE_X4Y95          FDCE                                         r  Inst_RGB/Inst_Master/b_reg_reg[4]/C
                         clock pessimism              0.259    15.285    
                         clock uncertainty           -0.035    15.249    
    SLICE_X4Y95          FDCE (Setup_fdce_C_CE)      -0.205    15.044    Inst_RGB/Inst_Master/b_reg_reg[4]
  -------------------------------------------------------------------
                         required time                         15.044    
                         arrival time                          -8.595    
  -------------------------------------------------------------------
                         slack                                  6.450    





Min Delay Paths
--------------------------------------------------------------------------------------
Slack (MET) :             0.138ns  (arrival time - required time)
  Source:                 Inst_input/U5/count_reg[2]/C
                            (rising edge-triggered cell FDRE clocked by sys_clk_pin  {rise@0.000ns fall@5.000ns period=10.000ns})
  Destination:            Inst_input/U5/count_reg[0]/D
                            (rising edge-triggered cell FDRE clocked by sys_clk_pin  {rise@0.000ns fall@5.000ns period=10.000ns})
  Path Group:             sys_clk_pin
  Path Type:              Hold (Min at Fast Process Corner)
  Requirement:            0.000ns  (sys_clk_pin rise@0.000ns - sys_clk_pin rise@0.000ns)
  Data Path Delay:        0.272ns  (logic 0.186ns (68.270%)  route 0.086ns (31.730%))
  Logic Levels:           1  (LUT6=1)
  Clock Path Skew:        0.013ns (DCD - SCD - CPR)
    Destination Clock Delay (DCD):    2.039ns
    Source Clock Delay      (SCD):    1.522ns
    Clock Pessimism Removal (CPR):    0.503ns

    Location             Delay type                Incr(ns)  Path(ns)    Netlist Resource(s)
  -------------------------------------------------------------------    -------------------
                         (clock sys_clk_pin rise edge)
                                                      0.000     0.000 r  
    E3                                                0.000     0.000 r  CLK (IN)
                         net (fo=0)                   0.000     0.000    CLK
    E3                   IBUF (Prop_ibuf_I_O)         0.250     0.250 r  CLK_IBUF_inst/O
                         net (fo=1, routed)           0.644     0.894    CLK_IBUF
    BUFGCTRL_X0Y16       BUFG (Prop_bufg_I_O)         0.026     0.920 r  CLK_IBUF_BUFG_inst/O
                         net (fo=108, routed)         0.603     1.522    Inst_input/U5/CLK
    SLICE_X7Y95          FDRE                                         r  Inst_input/U5/count_reg[2]/C
  -------------------------------------------------------------------    -------------------
    SLICE_X7Y95          FDRE (Prop_fdre_C_Q)         0.141     1.663 r  Inst_input/U5/count_reg[2]/Q
                         net (fo=4, routed)           0.086     1.750    Inst_input/U5/count_reg_n_0_[2]
    SLICE_X6Y95          LUT6 (Prop_lut6_I1_O)        0.045     1.795 r  Inst_input/U5/count[0]_i_1/O
                         net (fo=1, routed)           0.000     1.795    Inst_input/U5/count[0]_i_1_n_0
    SLICE_X6Y95          FDRE                                         r  Inst_input/U5/count_reg[0]/D
  -------------------------------------------------------------------    -------------------

                         (clock sys_clk_pin rise edge)
                                                      0.000     0.000 r  
    E3                                                0.000     0.000 r  CLK (IN)
                         net (fo=0)                   0.000     0.000    CLK
    E3                   IBUF (Prop_ibuf_I_O)         0.438     0.438 r  CLK_IBUF_inst/O
                         net (fo=1, routed)           0.699     1.136    CLK_IBUF
    BUFGCTRL_X0Y16       BUFG (Prop_bufg_I_O)         0.029     1.165 r  CLK_IBUF_BUFG_inst/O
                         net (fo=108, routed)         0.874     2.039    Inst_input/U5/CLK
    SLICE_X6Y95          FDRE                                         r  Inst_input/U5/count_reg[0]/C
                         clock pessimism             -0.503     1.535    
    SLICE_X6Y95          FDRE (Hold_fdre_C_D)         0.121     1.656    Inst_input/U5/count_reg[0]
  -------------------------------------------------------------------
                         required time                         -1.656    
                         arrival time                           1.795    
  -------------------------------------------------------------------
                         slack                                  0.138    

Slack (MET) :             0.153ns  (arrival time - required time)
  Source:                 Inst_PWM/pwm_counter_reg[2]/C
                            (rising edge-triggered cell FDCE clocked by sys_clk_pin  {rise@0.000ns fall@5.000ns period=10.000ns})
  Destination:            Inst_PWM/pwm_counter_reg[5]/D
                            (rising edge-triggered cell FDCE clocked by sys_clk_pin  {rise@0.000ns fall@5.000ns period=10.000ns})
  Path Group:             sys_clk_pin
  Path Type:              Hold (Min at Fast Process Corner)
  Requirement:            0.000ns  (sys_clk_pin rise@0.000ns - sys_clk_pin rise@0.000ns)
  Data Path Delay:        0.287ns  (logic 0.186ns (64.889%)  route 0.101ns (35.111%))
  Logic Levels:           1  (LUT6=1)
  Clock Path Skew:        0.013ns (DCD - SCD - CPR)
    Destination Clock Delay (DCD):    2.042ns
    Source Clock Delay      (SCD):    1.523ns
    Clock Pessimism Removal (CPR):    0.505ns

    Location             Delay type                Incr(ns)  Path(ns)    Netlist Resource(s)
  -------------------------------------------------------------------    -------------------
                         (clock sys_clk_pin rise edge)
                                                      0.000     0.000 r  
    E3                                                0.000     0.000 r  CLK (IN)
                         net (fo=0)                   0.000     0.000    CLK
    E3                   IBUF (Prop_ibuf_I_O)         0.250     0.250 r  CLK_IBUF_inst/O
                         net (fo=1, routed)           0.644     0.894    CLK_IBUF
    BUFGCTRL_X0Y16       BUFG (Prop_bufg_I_O)         0.026     0.920 r  CLK_IBUF_BUFG_inst/O
                         net (fo=108, routed)         0.604     1.523    Inst_PWM/CLK
    SLICE_X3Y94          FDCE                                         r  Inst_PWM/pwm_counter_reg[2]/C
  -------------------------------------------------------------------    -------------------
    SLICE_X3Y94          FDCE (Prop_fdce_C_Q)         0.141     1.664 r  Inst_PWM/pwm_counter_reg[2]/Q
                         net (fo=11, routed)          0.101     1.765    Inst_PWM/Q[2]
    SLICE_X2Y94          LUT6 (Prop_lut6_I4_O)        0.045     1.810 r  Inst_PWM/pwm_counter[5]_i_1/O
                         net (fo=1, routed)           0.000     1.810    Inst_PWM/plusOp[5]
    SLICE_X2Y94          FDCE                                         r  Inst_PWM/pwm_counter_reg[5]/D
  -------------------------------------------------------------------    -------------------

                         (clock sys_clk_pin rise edge)
                                                      0.000     0.000 r  
    E3                                                0.000     0.000 r  CLK (IN)
                         net (fo=0)                   0.000     0.000    CLK
    E3                   IBUF (Prop_ibuf_I_O)         0.438     0.438 r  CLK_IBUF_inst/O
                         net (fo=1, routed)           0.699     1.136    CLK_IBUF
    BUFGCTRL_X0Y16       BUFG (Prop_bufg_I_O)         0.029     1.165 r  CLK_IBUF_BUFG_inst/O
                         net (fo=108, routed)         0.877     2.042    Inst_PWM/CLK
    SLICE_X2Y94          FDCE                                         r  Inst_PWM/pwm_counter_reg[5]/C
                         clock pessimism             -0.505     1.536    
    SLICE_X2Y94          FDCE (Hold_fdce_C_D)         0.121     1.657    Inst_PWM/pwm_counter_reg[5]
  -------------------------------------------------------------------
                         required time                         -1.657    
                         arrival time                           1.810    
  -------------------------------------------------------------------
                         slack                                  0.153    

Slack (MET) :             0.156ns  (arrival time - required time)
  Source:                 Inst_input/U8/count_reg[2]/C
                            (rising edge-triggered cell FDRE clocked by sys_clk_pin  {rise@0.000ns fall@5.000ns period=10.000ns})
  Destination:            Inst_input/U8/btn_clean_reg/D
                            (rising edge-triggered cell FDRE clocked by sys_clk_pin  {rise@0.000ns fall@5.000ns period=10.000ns})
  Path Group:             sys_clk_pin
  Path Type:              Hold (Min at Fast Process Corner)
  Requirement:            0.000ns  (sys_clk_pin rise@0.000ns - sys_clk_pin rise@0.000ns)
  Data Path Delay:        0.261ns  (logic 0.186ns (71.276%)  route 0.075ns (28.724%))
  Logic Levels:           1  (LUT6=1)
  Clock Path Skew:        0.013ns (DCD - SCD - CPR)
    Destination Clock Delay (DCD):    2.041ns
    Source Clock Delay      (SCD):    1.522ns
    Clock Pessimism Removal (CPR):    0.505ns

    Location             Delay type                Incr(ns)  Path(ns)    Netlist Resource(s)
  -------------------------------------------------------------------    -------------------
                         (clock sys_clk_pin rise edge)
                                                      0.000     0.000 r  
    E3                                                0.000     0.000 r  CLK (IN)
                         net (fo=0)                   0.000     0.000    CLK
    E3                   IBUF (Prop_ibuf_I_O)         0.250     0.250 r  CLK_IBUF_inst/O
                         net (fo=1, routed)           0.644     0.894    CLK_IBUF
    BUFGCTRL_X0Y16       BUFG (Prop_bufg_I_O)         0.026     0.920 r  CLK_IBUF_BUFG_inst/O
                         net (fo=108, routed)         0.603     1.522    Inst_input/U8/CLK
    SLICE_X0Y92          FDRE                                         r  Inst_input/U8/count_reg[2]/C
  -------------------------------------------------------------------    -------------------
    SLICE_X0Y92          FDRE (Prop_fdre_C_Q)         0.141     1.663 r  Inst_input/U8/count_reg[2]/Q
                         net (fo=4, routed)           0.075     1.738    Inst_input/U8/count_reg_n_0_[2]
    SLICE_X1Y92          LUT6 (Prop_lut6_I4_O)        0.045     1.783 r  Inst_input/U8/btn_clean_i_1__1/O
                         net (fo=1, routed)           0.000     1.783    Inst_input/U8/btn_clean_i_1__1_n_0
    SLICE_X1Y92          FDRE                                         r  Inst_input/U8/btn_clean_reg/D
  -------------------------------------------------------------------    -------------------

                         (clock sys_clk_pin rise edge)
                                                      0.000     0.000 r  
    E3                                                0.000     0.000 r  CLK (IN)
                         net (fo=0)                   0.000     0.000    CLK
    E3                   IBUF (Prop_ibuf_I_O)         0.438     0.438 r  CLK_IBUF_inst/O
                         net (fo=1, routed)           0.699     1.136    CLK_IBUF
    BUFGCTRL_X0Y16       BUFG (Prop_bufg_I_O)         0.029     1.165 r  CLK_IBUF_BUFG_inst/O
                         net (fo=108, routed)         0.876     2.041    Inst_input/U8/CLK
    SLICE_X1Y92          FDRE                                         r  Inst_input/U8/btn_clean_reg/C
                         clock pessimism             -0.505     1.535    
    SLICE_X1Y92          FDRE (Hold_fdre_C_D)         0.092     1.627    Inst_input/U8/btn_clean_reg
  -------------------------------------------------------------------
                         required time                         -1.627    
                         arrival time                           1.783    
  -------------------------------------------------------------------
                         slack                                  0.156    

Slack (MET) :             0.190ns  (arrival time - required time)
  Source:                 Inst_PWM/pwm_counter_reg[0]/C
                            (rising edge-triggered cell FDCE clocked by sys_clk_pin  {rise@0.000ns fall@5.000ns period=10.000ns})
  Destination:            Inst_PWM/pwm_counter_reg[4]/D
                            (rising edge-triggered cell FDCE clocked by sys_clk_pin  {rise@0.000ns fall@5.000ns period=10.000ns})
  Path Group:             sys_clk_pin
  Path Type:              Hold (Min at Fast Process Corner)
  Requirement:            0.000ns  (sys_clk_pin rise@0.000ns - sys_clk_pin rise@0.000ns)
  Data Path Delay:        0.334ns  (logic 0.189ns (56.629%)  route 0.145ns (43.371%))
  Logic Levels:           1  (LUT5=1)
  Clock Path Skew:        0.013ns (DCD - SCD - CPR)
    Destination Clock Delay (DCD):    2.042ns
    Source Clock Delay      (SCD):    1.523ns
    Clock Pessimism Removal (CPR):    0.505ns

    Location             Delay type                Incr(ns)  Path(ns)    Netlist Resource(s)
  -------------------------------------------------------------------    -------------------
                         (clock sys_clk_pin rise edge)
                                                      0.000     0.000 r  
    E3                                                0.000     0.000 r  CLK (IN)
                         net (fo=0)                   0.000     0.000    CLK
    E3                   IBUF (Prop_ibuf_I_O)         0.250     0.250 r  CLK_IBUF_inst/O
                         net (fo=1, routed)           0.644     0.894    CLK_IBUF
    BUFGCTRL_X0Y16       BUFG (Prop_bufg_I_O)         0.026     0.920 r  CLK_IBUF_BUFG_inst/O
                         net (fo=108, routed)         0.604     1.523    Inst_PWM/CLK
    SLICE_X3Y94          FDCE                                         r  Inst_PWM/pwm_counter_reg[0]/C
  -------------------------------------------------------------------    -------------------
    SLICE_X3Y94          FDCE (Prop_fdce_C_Q)         0.141     1.664 r  Inst_PWM/pwm_counter_reg[0]/Q
                         net (fo=13, routed)          0.145     1.809    Inst_PWM/Q[0]
    SLICE_X2Y94          LUT5 (Prop_lut5_I3_O)        0.048     1.857 r  Inst_PWM/pwm_counter[4]_i_1/O
                         net (fo=1, routed)           0.000     1.857    Inst_PWM/plusOp[4]
    SLICE_X2Y94          FDCE                                         r  Inst_PWM/pwm_counter_reg[4]/D
  -------------------------------------------------------------------    -------------------

                         (clock sys_clk_pin rise edge)
                                                      0.000     0.000 r  
    E3                                                0.000     0.000 r  CLK (IN)
                         net (fo=0)                   0.000     0.000    CLK
    E3                   IBUF (Prop_ibuf_I_O)         0.438     0.438 r  CLK_IBUF_inst/O
                         net (fo=1, routed)           0.699     1.136    CLK_IBUF
    BUFGCTRL_X0Y16       BUFG (Prop_bufg_I_O)         0.029     1.165 r  CLK_IBUF_BUFG_inst/O
                         net (fo=108, routed)         0.877     2.042    Inst_PWM/CLK
    SLICE_X2Y94          FDCE                                         r  Inst_PWM/pwm_counter_reg[4]/C
                         clock pessimism             -0.505     1.536    
    SLICE_X2Y94          FDCE (Hold_fdce_C_D)         0.131     1.667    Inst_PWM/pwm_counter_reg[4]
  -------------------------------------------------------------------
                         required time                         -1.667    
                         arrival time                           1.857    
  -------------------------------------------------------------------
                         slack                                  0.190    

Slack (MET) :             0.190ns  (arrival time - required time)
  Source:                 Inst_input/U7/sreg_reg[1]/C
                            (rising edge-triggered cell FDRE clocked by sys_clk_pin  {rise@0.000ns fall@5.000ns period=10.000ns})
  Destination:            Inst_input/U7/SYNC_OUT_reg/D
                            (rising edge-triggered cell FDRE clocked by sys_clk_pin  {rise@0.000ns fall@5.000ns period=10.000ns})
  Path Group:             sys_clk_pin
  Path Type:              Hold (Min at Fast Process Corner)
  Requirement:            0.000ns  (sys_clk_pin rise@0.000ns - sys_clk_pin rise@0.000ns)
  Data Path Delay:        0.256ns  (logic 0.141ns (55.114%)  route 0.115ns (44.886%))
  Logic Levels:           0  
  Clock Path Skew:        0.000ns (DCD - SCD - CPR)
    Destination Clock Delay (DCD):    2.041ns
    Source Clock Delay      (SCD):    1.522ns
    Clock Pessimism Removal (CPR):    0.518ns

    Location             Delay type                Incr(ns)  Path(ns)    Netlist Resource(s)
  -------------------------------------------------------------------    -------------------
                         (clock sys_clk_pin rise edge)
                                                      0.000     0.000 r  
    E3                                                0.000     0.000 r  CLK (IN)
                         net (fo=0)                   0.000     0.000    CLK
    E3                   IBUF (Prop_ibuf_I_O)         0.250     0.250 r  CLK_IBUF_inst/O
                         net (fo=1, routed)           0.644     0.894    CLK_IBUF
    BUFGCTRL_X0Y16       BUFG (Prop_bufg_I_O)         0.026     0.920 r  CLK_IBUF_BUFG_inst/O
                         net (fo=108, routed)         0.603     1.522    Inst_input/U7/CLK
    SLICE_X0Y91          FDRE                                         r  Inst_input/U7/sreg_reg[1]/C
  -------------------------------------------------------------------    -------------------
    SLICE_X0Y91          FDRE (Prop_fdre_C_Q)         0.141     1.663 r  Inst_input/U7/sreg_reg[1]/Q
                         net (fo=1, routed)           0.115     1.778    Inst_input/U7/sreg_reg_n_0_[1]
    SLICE_X0Y91          FDRE                                         r  Inst_input/U7/SYNC_OUT_reg/D
  -------------------------------------------------------------------    -------------------

                         (clock sys_clk_pin rise edge)
                                                      0.000     0.000 r  
    E3                                                0.000     0.000 r  CLK (IN)
                         net (fo=0)                   0.000     0.000    CLK
    E3                   IBUF (Prop_ibuf_I_O)         0.438     0.438 r  CLK_IBUF_inst/O
                         net (fo=1, routed)           0.699     1.136    CLK_IBUF
    BUFGCTRL_X0Y16       BUFG (Prop_bufg_I_O)         0.029     1.165 r  CLK_IBUF_BUFG_inst/O
                         net (fo=108, routed)         0.876     2.041    Inst_input/U7/CLK
    SLICE_X0Y91          FDRE                                         r  Inst_input/U7/SYNC_OUT_reg/C
                         clock pessimism             -0.518     1.522    
    SLICE_X0Y91          FDRE (Hold_fdre_C_D)         0.066     1.588    Inst_input/U7/SYNC_OUT_reg
  -------------------------------------------------------------------
                         required time                         -1.588    
                         arrival time                           1.778    
  -------------------------------------------------------------------
                         slack                                  0.190    

Slack (MET) :             0.190ns  (arrival time - required time)
  Source:                 Inst_input/U13/SYNC_OUT_reg/C
                            (rising edge-triggered cell FDRE clocked by sys_clk_pin  {rise@0.000ns fall@5.000ns period=10.000ns})
  Destination:            Inst_input/U14/btn_clean_reg/D
                            (rising edge-triggered cell FDRE clocked by sys_clk_pin  {rise@0.000ns fall@5.000ns period=10.000ns})
  Path Group:             sys_clk_pin
  Path Type:              Hold (Min at Fast Process Corner)
  Requirement:            0.000ns  (sys_clk_pin rise@0.000ns - sys_clk_pin rise@0.000ns)
  Data Path Delay:        0.326ns  (logic 0.186ns (56.970%)  route 0.140ns (43.030%))
  Logic Levels:           1  (LUT6=1)
  Clock Path Skew:        0.016ns (DCD - SCD - CPR)
    Destination Clock Delay (DCD):    2.039ns
    Source Clock Delay      (SCD):    1.522ns
    Clock Pessimism Removal (CPR):    0.500ns

    Location             Delay type                Incr(ns)  Path(ns)    Netlist Resource(s)
  -------------------------------------------------------------------    -------------------
                         (clock sys_clk_pin rise edge)
                                                      0.000     0.000 r  
    E3                                                0.000     0.000 r  CLK (IN)
                         net (fo=0)                   0.000     0.000    CLK
    E3                   IBUF (Prop_ibuf_I_O)         0.250     0.250 r  CLK_IBUF_inst/O
                         net (fo=1, routed)           0.644     0.894    CLK_IBUF
    BUFGCTRL_X0Y16       BUFG (Prop_bufg_I_O)         0.026     0.920 r  CLK_IBUF_BUFG_inst/O
                         net (fo=108, routed)         0.603     1.522    Inst_input/U13/CLK
    SLICE_X5Y93          FDRE                                         r  Inst_input/U13/SYNC_OUT_reg/C
  -------------------------------------------------------------------    -------------------
    SLICE_X5Y93          FDRE (Prop_fdre_C_Q)         0.141     1.663 r  Inst_input/U13/SYNC_OUT_reg/Q
                         net (fo=5, routed)           0.140     1.804    Inst_input/U14/btn_prev_reg_0
    SLICE_X6Y94          LUT6 (Prop_lut6_I0_O)        0.045     1.849 r  Inst_input/U14/btn_clean_i_1__3/O
                         net (fo=1, routed)           0.000     1.849    Inst_input/U14/btn_clean_i_1__3_n_0
    SLICE_X6Y94          FDRE                                         r  Inst_input/U14/btn_clean_reg/D
  -------------------------------------------------------------------    -------------------

                         (clock sys_clk_pin rise edge)
                                                      0.000     0.000 r  
    E3                                                0.000     0.000 r  CLK (IN)
                         net (fo=0)                   0.000     0.000    CLK
    E3                   IBUF (Prop_ibuf_I_O)         0.438     0.438 r  CLK_IBUF_inst/O
                         net (fo=1, routed)           0.699     1.136    CLK_IBUF
    BUFGCTRL_X0Y16       BUFG (Prop_bufg_I_O)         0.029     1.165 r  CLK_IBUF_BUFG_inst/O
                         net (fo=108, routed)         0.874     2.039    Inst_input/U14/CLK
    SLICE_X6Y94          FDRE                                         r  Inst_input/U14/btn_clean_reg/C
                         clock pessimism             -0.500     1.538    
    SLICE_X6Y94          FDRE (Hold_fdre_C_D)         0.120     1.658    Inst_input/U14/btn_clean_reg
  -------------------------------------------------------------------
                         required time                         -1.658    
                         arrival time                           1.849    
  -------------------------------------------------------------------
                         slack                                  0.190    

Slack (MET) :             0.192ns  (arrival time - required time)
  Source:                 Inst_input/U5/count_reg[1]/C
                            (rising edge-triggered cell FDRE clocked by sys_clk_pin  {rise@0.000ns fall@5.000ns period=10.000ns})
  Destination:            Inst_input/U5/btn_clean_reg/D
                            (rising edge-triggered cell FDRE clocked by sys_clk_pin  {rise@0.000ns fall@5.000ns period=10.000ns})
  Path Group:             sys_clk_pin
  Path Type:              Hold (Min at Fast Process Corner)
  Requirement:            0.000ns  (sys_clk_pin rise@0.000ns - sys_clk_pin rise@0.000ns)
  Data Path Delay:        0.329ns  (logic 0.186ns (56.452%)  route 0.143ns (43.548%))
  Logic Levels:           1  (LUT6=1)
  Clock Path Skew:        0.016ns (DCD - SCD - CPR)
    Destination Clock Delay (DCD):    2.039ns
    Source Clock Delay      (SCD):    1.522ns
    Clock Pessimism Removal (CPR):    0.500ns

    Location             Delay type                Incr(ns)  Path(ns)    Netlist Resource(s)
  -------------------------------------------------------------------    -------------------
                         (clock sys_clk_pin rise edge)
                                                      0.000     0.000 r  
    E3                                                0.000     0.000 r  CLK (IN)
                         net (fo=0)                   0.000     0.000    CLK
    E3                   IBUF (Prop_ibuf_I_O)         0.250     0.250 r  CLK_IBUF_inst/O
                         net (fo=1, routed)           0.644     0.894    CLK_IBUF
    BUFGCTRL_X0Y16       BUFG (Prop_bufg_I_O)         0.026     0.920 r  CLK_IBUF_BUFG_inst/O
                         net (fo=108, routed)         0.603     1.522    Inst_input/U5/CLK
    SLICE_X7Y95          FDRE                                         r  Inst_input/U5/count_reg[1]/C
  -------------------------------------------------------------------    -------------------
    SLICE_X7Y95          FDRE (Prop_fdre_C_Q)         0.141     1.663 r  Inst_input/U5/count_reg[1]/Q
                         net (fo=4, routed)           0.143     1.807    Inst_input/U5/count_reg_n_0_[1]
    SLICE_X6Y94          LUT6 (Prop_lut6_I2_O)        0.045     1.852 r  Inst_input/U5/btn_clean_i_1__0/O
                         net (fo=1, routed)           0.000     1.852    Inst_input/U5/btn_clean_i_1__0_n_0
    SLICE_X6Y94          FDRE                                         r  Inst_input/U5/btn_clean_reg/D
  -------------------------------------------------------------------    -------------------

                         (clock sys_clk_pin rise edge)
                                                      0.000     0.000 r  
    E3                                                0.000     0.000 r  CLK (IN)
                         net (fo=0)                   0.000     0.000    CLK
    E3                   IBUF (Prop_ibuf_I_O)         0.438     0.438 r  CLK_IBUF_inst/O
                         net (fo=1, routed)           0.699     1.136    CLK_IBUF
    BUFGCTRL_X0Y16       BUFG (Prop_bufg_I_O)         0.029     1.165 r  CLK_IBUF_BUFG_inst/O
                         net (fo=108, routed)         0.874     2.039    Inst_input/U5/CLK
    SLICE_X6Y94          FDRE                                         r  Inst_input/U5/btn_clean_reg/C
                         clock pessimism             -0.500     1.538    
    SLICE_X6Y94          FDRE (Hold_fdre_C_D)         0.121     1.659    Inst_input/U5/btn_clean_reg
  -------------------------------------------------------------------
                         required time                         -1.659    
                         arrival time                           1.852    
  -------------------------------------------------------------------
                         slack                                  0.192    

Slack (MET) :             0.196ns  (arrival time - required time)
  Source:                 Inst_input/U10/sreg_reg[1]/C
                            (rising edge-triggered cell FDRE clocked by sys_clk_pin  {rise@0.000ns fall@5.000ns period=10.000ns})
  Destination:            Inst_input/U10/SYNC_OUT_reg/D
                            (rising edge-triggered cell FDRE clocked by sys_clk_pin  {rise@0.000ns fall@5.000ns period=10.000ns})
  Path Group:             sys_clk_pin
  Path Type:              Hold (Min at Fast Process Corner)
  Requirement:            0.000ns  (sys_clk_pin rise@0.000ns - sys_clk_pin rise@0.000ns)
  Data Path Delay:        0.266ns  (logic 0.141ns (53.032%)  route 0.125ns (46.968%))
  Logic Levels:           0  
  Clock Path Skew:        0.000ns (DCD - SCD - CPR)
    Destination Clock Delay (DCD):    2.042ns
    Source Clock Delay      (SCD):    1.523ns
    Clock Pessimism Removal (CPR):    0.518ns

    Location             Delay type                Incr(ns)  Path(ns)    Netlist Resource(s)
  -------------------------------------------------------------------    -------------------
                         (clock sys_clk_pin rise edge)
                                                      0.000     0.000 r  
    E3                                                0.000     0.000 r  CLK (IN)
                         net (fo=0)                   0.000     0.000    CLK
    E3                   IBUF (Prop_ibuf_I_O)         0.250     0.250 r  CLK_IBUF_inst/O
                         net (fo=1, routed)           0.644     0.894    CLK_IBUF
    BUFGCTRL_X0Y16       BUFG (Prop_bufg_I_O)         0.026     0.920 r  CLK_IBUF_BUFG_inst/O
                         net (fo=108, routed)         0.604     1.523    Inst_input/U10/CLK
    SLICE_X0Y95          FDRE                                         r  Inst_input/U10/sreg_reg[1]/C
  -------------------------------------------------------------------    -------------------
    SLICE_X0Y95          FDRE (Prop_fdre_C_Q)         0.141     1.664 r  Inst_input/U10/sreg_reg[1]/Q
                         net (fo=1, routed)           0.125     1.789    Inst_input/U10/sreg_reg_n_0_[1]
    SLICE_X0Y95          FDRE                                         r  Inst_input/U10/SYNC_OUT_reg/D
  -------------------------------------------------------------------    -------------------

                         (clock sys_clk_pin rise edge)
                                                      0.000     0.000 r  
    E3                                                0.000     0.000 r  CLK (IN)
                         net (fo=0)                   0.000     0.000    CLK
    E3                   IBUF (Prop_ibuf_I_O)         0.438     0.438 r  CLK_IBUF_inst/O
                         net (fo=1, routed)           0.699     1.136    CLK_IBUF
    BUFGCTRL_X0Y16       BUFG (Prop_bufg_I_O)         0.029     1.165 r  CLK_IBUF_BUFG_inst/O
                         net (fo=108, routed)         0.877     2.042    Inst_input/U10/CLK
    SLICE_X0Y95          FDRE                                         r  Inst_input/U10/SYNC_OUT_reg/C
                         clock pessimism             -0.518     1.523    
    SLICE_X0Y95          FDRE (Hold_fdre_C_D)         0.070     1.593    Inst_input/U10/SYNC_OUT_reg
  -------------------------------------------------------------------
                         required time                         -1.593    
                         arrival time                           1.789    
  -------------------------------------------------------------------
                         slack                                  0.196    

Slack (MET) :             0.196ns  (arrival time - required time)
  Source:                 Inst_input/U3/sreg_reg[1]/C
                            (rising edge-triggered cell FDRE clocked by sys_clk_pin  {rise@0.000ns fall@5.000ns period=10.000ns})
  Destination:            Inst_input/U3/sreg_reg[2]/D
                            (rising edge-triggered cell FDRE clocked by sys_clk_pin  {rise@0.000ns fall@5.000ns period=10.000ns})
  Path Group:             sys_clk_pin
  Path Type:              Hold (Min at Fast Process Corner)
  Requirement:            0.000ns  (sys_clk_pin rise@0.000ns - sys_clk_pin rise@0.000ns)
  Data Path Delay:        0.268ns  (logic 0.141ns (52.559%)  route 0.127ns (47.441%))
  Logic Levels:           0  
  Clock Path Skew:        0.013ns (DCD - SCD - CPR)
    Destination Clock Delay (DCD):    2.011ns
    Source Clock Delay      (SCD):    1.494ns
    Clock Pessimism Removal (CPR):    0.503ns

    Location             Delay type                Incr(ns)  Path(ns)    Netlist Resource(s)
  -------------------------------------------------------------------    -------------------
                         (clock sys_clk_pin rise edge)
                                                      0.000     0.000 r  
    E3                                                0.000     0.000 r  CLK (IN)
                         net (fo=0)                   0.000     0.000    CLK
    E3                   IBUF (Prop_ibuf_I_O)         0.250     0.250 r  CLK_IBUF_inst/O
                         net (fo=1, routed)           0.644     0.894    CLK_IBUF
    BUFGCTRL_X0Y16       BUFG (Prop_bufg_I_O)         0.026     0.920 r  CLK_IBUF_BUFG_inst/O
                         net (fo=108, routed)         0.575     1.494    Inst_input/U3/CLK
    SLICE_X9Y93          FDRE                                         r  Inst_input/U3/sreg_reg[1]/C
  -------------------------------------------------------------------    -------------------
    SLICE_X9Y93          FDRE (Prop_fdre_C_Q)         0.141     1.635 r  Inst_input/U3/sreg_reg[1]/Q
                         net (fo=2, routed)           0.127     1.763    Inst_input/U3/sreg[1]
    SLICE_X8Y93          FDRE                                         r  Inst_input/U3/sreg_reg[2]/D
  -------------------------------------------------------------------    -------------------

                         (clock sys_clk_pin rise edge)
                                                      0.000     0.000 r  
    E3                                                0.000     0.000 r  CLK (IN)
                         net (fo=0)                   0.000     0.000    CLK
    E3                   IBUF (Prop_ibuf_I_O)         0.438     0.438 r  CLK_IBUF_inst/O
                         net (fo=1, routed)           0.699     1.136    CLK_IBUF
    BUFGCTRL_X0Y16       BUFG (Prop_bufg_I_O)         0.029     1.165 r  CLK_IBUF_BUFG_inst/O
                         net (fo=108, routed)         0.846     2.011    Inst_input/U3/CLK
    SLICE_X8Y93          FDRE                                         r  Inst_input/U3/sreg_reg[2]/C
                         clock pessimism             -0.503     1.507    
    SLICE_X8Y93          FDRE (Hold_fdre_C_D)         0.059     1.566    Inst_input/U3/sreg_reg[2]
  -------------------------------------------------------------------
                         required time                         -1.566    
                         arrival time                           1.763    
  -------------------------------------------------------------------
                         slack                                  0.196    

Slack (MET) :             0.198ns  (arrival time - required time)
  Source:                 Inst_PWM/pwm_counter_reg[0]/C
                            (rising edge-triggered cell FDCE clocked by sys_clk_pin  {rise@0.000ns fall@5.000ns period=10.000ns})
  Destination:            Inst_PWM/pwm_counter_reg[3]/D
                            (rising edge-triggered cell FDCE clocked by sys_clk_pin  {rise@0.000ns fall@5.000ns period=10.000ns})
  Path Group:             sys_clk_pin
  Path Type:              Hold (Min at Fast Process Corner)
  Requirement:            0.000ns  (sys_clk_pin rise@0.000ns - sys_clk_pin rise@0.000ns)
  Data Path Delay:        0.331ns  (logic 0.186ns (56.236%)  route 0.145ns (43.764%))
  Logic Levels:           1  (LUT4=1)
  Clock Path Skew:        0.013ns (DCD - SCD - CPR)
    Destination Clock Delay (DCD):    2.042ns
    Source Clock Delay      (SCD):    1.523ns
    Clock Pessimism Removal (CPR):    0.505ns

    Location             Delay type                Incr(ns)  Path(ns)    Netlist Resource(s)
  -------------------------------------------------------------------    -------------------
                         (clock sys_clk_pin rise edge)
                                                      0.000     0.000 r  
    E3                                                0.000     0.000 r  CLK (IN)
                         net (fo=0)                   0.000     0.000    CLK
    E3                   IBUF (Prop_ibuf_I_O)         0.250     0.250 r  CLK_IBUF_inst/O
                         net (fo=1, routed)           0.644     0.894    CLK_IBUF
    BUFGCTRL_X0Y16       BUFG (Prop_bufg_I_O)         0.026     0.920 r  CLK_IBUF_BUFG_inst/O
                         net (fo=108, routed)         0.604     1.523    Inst_PWM/CLK
    SLICE_X3Y94          FDCE                                         r  Inst_PWM/pwm_counter_reg[0]/C
  -------------------------------------------------------------------    -------------------
    SLICE_X3Y94          FDCE (Prop_fdce_C_Q)         0.141     1.664 r  Inst_PWM/pwm_counter_reg[0]/Q
                         net (fo=13, routed)          0.145     1.809    Inst_PWM/Q[0]
    SLICE_X2Y94          LUT4 (Prop_lut4_I1_O)        0.045     1.854 r  Inst_PWM/pwm_counter[3]_i_1/O
                         net (fo=1, routed)           0.000     1.854    Inst_PWM/plusOp[3]
    SLICE_X2Y94          FDCE                                         r  Inst_PWM/pwm_counter_reg[3]/D
  -------------------------------------------------------------------    -------------------

                         (clock sys_clk_pin rise edge)
                                                      0.000     0.000 r  
    E3                                                0.000     0.000 r  CLK (IN)
                         net (fo=0)                   0.000     0.000    CLK
    E3                   IBUF (Prop_ibuf_I_O)         0.438     0.438 r  CLK_IBUF_inst/O
                         net (fo=1, routed)           0.699     1.136    CLK_IBUF
    BUFGCTRL_X0Y16       BUFG (Prop_bufg_I_O)         0.029     1.165 r  CLK_IBUF_BUFG_inst/O
                         net (fo=108, routed)         0.877     2.042    Inst_PWM/CLK
    SLICE_X2Y94          FDCE                                         r  Inst_PWM/pwm_counter_reg[3]/C
                         clock pessimism             -0.505     1.536    
    SLICE_X2Y94          FDCE (Hold_fdce_C_D)         0.120     1.656    Inst_PWM/pwm_counter_reg[3]
  -------------------------------------------------------------------
                         required time                         -1.656    
                         arrival time                           1.854    
  -------------------------------------------------------------------
                         slack                                  0.198    





Pulse Width Checks
--------------------------------------------------------------------------------------
Clock Name:         sys_clk_pin
Waveform(ns):       { 0.000 5.000 }
Period(ns):         10.000
Sources:            { CLK }

Check Type        Corner  Lib Pin  Reference Pin  Required(ns)  Actual(ns)  Slack(ns)  Location        Pin
Min Period        n/a     BUFG/I   n/a            2.155         10.000      7.845      BUFGCTRL_X0Y16  CLK_IBUF_BUFG_inst/I
Min Period        n/a     FDCE/C   n/a            1.000         10.000      9.000      SLICE_X3Y94     Inst_PWM/pwm_counter_reg[0]/C
Min Period        n/a     FDCE/C   n/a            1.000         10.000      9.000      SLICE_X3Y94     Inst_PWM/pwm_counter_reg[1]/C
Min Period        n/a     FDCE/C   n/a            1.000         10.000      9.000      SLICE_X3Y94     Inst_PWM/pwm_counter_reg[2]/C
Min Period        n/a     FDCE/C   n/a            1.000         10.000      9.000      SLICE_X2Y94     Inst_PWM/pwm_counter_reg[3]/C
Min Period        n/a     FDCE/C   n/a            1.000         10.000      9.000      SLICE_X2Y94     Inst_PWM/pwm_counter_reg[4]/C
Min Period        n/a     FDCE/C   n/a            1.000         10.000      9.000      SLICE_X2Y94     Inst_PWM/pwm_counter_reg[5]/C
Min Period        n/a     FDCE/C   n/a            1.000         10.000      9.000      SLICE_X2Y94     Inst_PWM/pwm_counter_reg[6]/C
Min Period        n/a     FDCE/C   n/a            1.000         10.000      9.000      SLICE_X2Y94     Inst_PWM/pwm_counter_reg[7]/C
Min Period        n/a     FDPE/C   n/a            1.000         10.000      9.000      SLICE_X6Y93     Inst_RGB/Inst_FSM_Slave/FSM_onehot_current_state_reg[0]/C
Low Pulse Width   Slow    FDCE/C   n/a            0.500         5.000       4.500      SLICE_X3Y94     Inst_PWM/pwm_counter_reg[0]/C
Low Pulse Width   Fast    FDCE/C   n/a            0.500         5.000       4.500      SLICE_X3Y94     Inst_PWM/pwm_counter_reg[0]/C
Low Pulse Width   Slow    FDCE/C   n/a            0.500         5.000       4.500      SLICE_X3Y94     Inst_PWM/pwm_counter_reg[1]/C
Low Pulse Width   Fast    FDCE/C   n/a            0.500         5.000       4.500      SLICE_X3Y94     Inst_PWM/pwm_counter_reg[1]/C
Low Pulse Width   Slow    FDCE/C   n/a            0.500         5.000       4.500      SLICE_X3Y94     Inst_PWM/pwm_counter_reg[2]/C
Low Pulse Width   Fast    FDCE/C   n/a            0.500         5.000       4.500      SLICE_X3Y94     Inst_PWM/pwm_counter_reg[2]/C
Low Pulse Width   Slow    FDCE/C   n/a            0.500         5.000       4.500      SLICE_X2Y94     Inst_PWM/pwm_counter_reg[3]/C
Low Pulse Width   Fast    FDCE/C   n/a            0.500         5.000       4.500      SLICE_X2Y94     Inst_PWM/pwm_counter_reg[3]/C
Low Pulse Width   Slow    FDCE/C   n/a            0.500         5.000       4.500      SLICE_X2Y94     Inst_PWM/pwm_counter_reg[4]/C
Low Pulse Width   Fast    FDCE/C   n/a            0.500         5.000       4.500      SLICE_X2Y94     Inst_PWM/pwm_counter_reg[4]/C
High Pulse Width  Slow    FDCE/C   n/a            0.500         5.000       4.500      SLICE_X3Y94     Inst_PWM/pwm_counter_reg[0]/C
High Pulse Width  Fast    FDCE/C   n/a            0.500         5.000       4.500      SLICE_X3Y94     Inst_PWM/pwm_counter_reg[0]/C
High Pulse Width  Slow    FDCE/C   n/a            0.500         5.000       4.500      SLICE_X3Y94     Inst_PWM/pwm_counter_reg[1]/C
High Pulse Width  Fast    FDCE/C   n/a            0.500         5.000       4.500      SLICE_X3Y94     Inst_PWM/pwm_counter_reg[1]/C
High Pulse Width  Slow    FDCE/C   n/a            0.500         5.000       4.500      SLICE_X3Y94     Inst_PWM/pwm_counter_reg[2]/C
High Pulse Width  Fast    FDCE/C   n/a            0.500         5.000       4.500      SLICE_X3Y94     Inst_PWM/pwm_counter_reg[2]/C
High Pulse Width  Slow    FDCE/C   n/a            0.500         5.000       4.500      SLICE_X2Y94     Inst_PWM/pwm_counter_reg[3]/C
High Pulse Width  Fast    FDCE/C   n/a            0.500         5.000       4.500      SLICE_X2Y94     Inst_PWM/pwm_counter_reg[3]/C
High Pulse Width  Slow    FDCE/C   n/a            0.500         5.000       4.500      SLICE_X2Y94     Inst_PWM/pwm_counter_reg[4]/C
High Pulse Width  Fast    FDCE/C   n/a            0.500         5.000       4.500      SLICE_X2Y94     Inst_PWM/pwm_counter_reg[4]/C



--------------------------------------------------------------------------------------
Path Group:  (none)
From Clock:  sys_clk_pin
  To Clock:  

Max Delay             3 Endpoints
Min Delay             3 Endpoints
--------------------------------------------------------------------------------------


Max Delay Paths
--------------------------------------------------------------------------------------
Slack:                    inf
  Source:                 Inst_RGB/Inst_Master/r_reg_reg[3]/C
                            (rising edge-triggered cell FDCE clocked by sys_clk_pin  {rise@0.000ns fall@5.000ns period=10.000ns})
  Destination:            LED_R_PWM
                            (output port)
  Path Group:             (none)
  Path Type:              Max at Slow Process Corner
  Data Path Delay:        8.545ns  (logic 4.646ns (54.374%)  route 3.899ns (45.626%))
  Logic Levels:           3  (CARRY4=1 LUT4=1 OBUF=1)
  Clock Uncertainty:      0.025ns  ((TSJ^2 + TIJ^2)^1/2 + DJ) / 2 + PE
    Total System Jitter     (TSJ):    0.050ns
    Total Input Jitter      (TIJ):    0.000ns
    Discrete Jitter          (DJ):    0.000ns
    Phase Error              (PE):    0.000ns

    Location             Delay type                Incr(ns)  Path(ns)    Netlist Resource(s)
  -------------------------------------------------------------------    -------------------
                         (clock sys_clk_pin rise edge)
                                                      0.000     0.000 r  
    E3                                                0.000     0.000 r  CLK (IN)
                         net (fo=0)                   0.000     0.000    CLK
    E3                   IBUF (Prop_ibuf_I_O)         1.482     1.482 r  CLK_IBUF_inst/O
                         net (fo=1, routed)           2.025     3.506    CLK_IBUF
    BUFGCTRL_X0Y16       BUFG (Prop_bufg_I_O)         0.096     3.602 r  CLK_IBUF_BUFG_inst/O
                         net (fo=108, routed)         1.725     5.328    Inst_RGB/Inst_Master/CLK
    SLICE_X1Y93          FDCE                                         r  Inst_RGB/Inst_Master/r_reg_reg[3]/C
  -------------------------------------------------------------------    -------------------
    SLICE_X1Y93          FDCE (Prop_fdce_C_Q)         0.456     5.784 r  Inst_RGB/Inst_Master/r_reg_reg[3]/Q
                         net (fo=6, routed)           1.464     7.247    Inst_PWM/LED_R0_carry_0[3]
    SLICE_X0Y95          LUT4 (Prop_lut4_I1_O)        0.124     7.371 r  Inst_PWM/LED_R0_carry_i_7/O
                         net (fo=1, routed)           0.000     7.371    Inst_PWM/LED_R0_carry_i_7_n_0
    SLICE_X0Y95          CARRY4 (Prop_carry4_S[1]_CO[3])
                                                      0.550     7.921 r  Inst_PWM/LED_R0_carry/CO[3]
                         net (fo=1, routed)           2.435    10.357    LED_R_PWM_OBUF
    N15                  OBUF (Prop_obuf_I_O)         3.516    13.873 r  LED_R_PWM_OBUF_inst/O
                         net (fo=0)                   0.000    13.873    LED_R_PWM
    N15                                                               r  LED_R_PWM (OUT)
  -------------------------------------------------------------------    -------------------

Slack:                    inf
  Source:                 Inst_RGB/Inst_Master/g_reg_reg[3]/C
                            (rising edge-triggered cell FDCE clocked by sys_clk_pin  {rise@0.000ns fall@5.000ns period=10.000ns})
  Destination:            LED_G_PWM
                            (output port)
  Path Group:             (none)
  Path Type:              Max at Slow Process Corner
  Data Path Delay:        8.145ns  (logic 4.695ns (57.644%)  route 3.450ns (42.356%))
  Logic Levels:           3  (CARRY4=1 LUT4=1 OBUF=1)
  Clock Uncertainty:      0.025ns  ((TSJ^2 + TIJ^2)^1/2 + DJ) / 2 + PE
    Total System Jitter     (TSJ):    0.050ns
    Total Input Jitter      (TIJ):    0.000ns
    Discrete Jitter          (DJ):    0.000ns
    Phase Error              (PE):    0.000ns

    Location             Delay type                Incr(ns)  Path(ns)    Netlist Resource(s)
  -------------------------------------------------------------------    -------------------
                         (clock sys_clk_pin rise edge)
                                                      0.000     0.000 r  
    E3                                                0.000     0.000 r  CLK (IN)
                         net (fo=0)                   0.000     0.000    CLK
    E3                   IBUF (Prop_ibuf_I_O)         1.482     1.482 r  CLK_IBUF_inst/O
                         net (fo=1, routed)           2.025     3.506    CLK_IBUF
    BUFGCTRL_X0Y16       BUFG (Prop_bufg_I_O)         0.096     3.602 r  CLK_IBUF_BUFG_inst/O
                         net (fo=108, routed)         1.726     5.329    Inst_RGB/Inst_Master/CLK
    SLICE_X2Y98          FDCE                                         r  Inst_RGB/Inst_Master/g_reg_reg[3]/C
  -------------------------------------------------------------------    -------------------
    SLICE_X2Y98          FDCE (Prop_fdce_C_Q)         0.518     5.847 r  Inst_RGB/Inst_Master/g_reg_reg[3]/Q
                         net (fo=6, routed)           1.004     6.851    Inst_PWM/LED_G0_carry_0[3]
    SLICE_X2Y96          LUT4 (Prop_lut4_I1_O)        0.124     6.975 r  Inst_PWM/LED_G0_carry_i_7/O
                         net (fo=1, routed)           0.000     6.975    Inst_PWM/LED_G0_carry_i_7_n_0
    SLICE_X2Y96          CARRY4 (Prop_carry4_S[1]_CO[3])
                                                      0.533     7.508 r  Inst_PWM/LED_G0_carry/CO[3]
                         net (fo=1, routed)           2.446     9.953    LED_G_PWM_OBUF
    M16                  OBUF (Prop_obuf_I_O)         3.520    13.473 r  LED_G_PWM_OBUF_inst/O
                         net (fo=0)                   0.000    13.473    LED_G_PWM
    M16                                                               r  LED_G_PWM (OUT)
  -------------------------------------------------------------------    -------------------

Slack:                    inf
  Source:                 Inst_PWM/pwm_counter_reg[3]/C
                            (rising edge-triggered cell FDCE clocked by sys_clk_pin  {rise@0.000ns fall@5.000ns period=10.000ns})
  Destination:            LED_B_PWM
                            (output port)
  Path Group:             (none)
  Path Type:              Max at Slow Process Corner
  Data Path Delay:        7.765ns  (logic 4.741ns (61.060%)  route 3.024ns (38.940%))
  Logic Levels:           3  (CARRY4=1 LUT4=1 OBUF=1)
  Clock Uncertainty:      0.025ns  ((TSJ^2 + TIJ^2)^1/2 + DJ) / 2 + PE
    Total System Jitter     (TSJ):    0.050ns
    Total Input Jitter      (TIJ):    0.000ns
    Discrete Jitter          (DJ):    0.000ns
    Phase Error              (PE):    0.000ns

    Location             Delay type                Incr(ns)  Path(ns)    Netlist Resource(s)
  -------------------------------------------------------------------    -------------------
                         (clock sys_clk_pin rise edge)
                                                      0.000     0.000 r  
    E3                                                0.000     0.000 r  CLK (IN)
                         net (fo=0)                   0.000     0.000    CLK
    E3                   IBUF (Prop_ibuf_I_O)         1.482     1.482 r  CLK_IBUF_inst/O
                         net (fo=1, routed)           2.025     3.506    CLK_IBUF
    BUFGCTRL_X0Y16       BUFG (Prop_bufg_I_O)         0.096     3.602 r  CLK_IBUF_BUFG_inst/O
                         net (fo=108, routed)         1.725     5.328    Inst_PWM/CLK
    SLICE_X2Y94          FDCE                                         r  Inst_PWM/pwm_counter_reg[3]/C
  -------------------------------------------------------------------    -------------------
    SLICE_X2Y94          FDCE (Prop_fdce_C_Q)         0.518     5.846 r  Inst_PWM/pwm_counter_reg[3]/Q
                         net (fo=11, routed)          1.005     6.850    Inst_PWM/Q[3]
    SLICE_X2Y95          LUT4 (Prop_lut4_I0_O)        0.124     6.974 r  Inst_PWM/LED_B0_carry_i_7/O
                         net (fo=1, routed)           0.000     6.974    Inst_PWM/LED_B0_carry_i_7_n_0
    SLICE_X2Y95          CARRY4 (Prop_carry4_S[1]_CO[3])
                                                      0.533     7.507 r  Inst_PWM/LED_B0_carry/CO[3]
                         net (fo=1, routed)           2.019     9.526    LED_B_PWM_OBUF
    R12                  OBUF (Prop_obuf_I_O)         3.566    13.093 r  LED_B_PWM_OBUF_inst/O
                         net (fo=0)                   0.000    13.093    LED_B_PWM
    R12                                                               r  LED_B_PWM (OUT)
  -------------------------------------------------------------------    -------------------





Min Delay Paths
--------------------------------------------------------------------------------------
Slack:                    inf
  Source:                 Inst_RGB/Inst_Master/b_reg_reg[0]/C
                            (rising edge-triggered cell FDCE clocked by sys_clk_pin  {rise@0.000ns fall@5.000ns period=10.000ns})
  Destination:            LED_B_PWM
                            (output port)
  Path Group:             (none)
  Path Type:              Min at Fast Process Corner
  Data Path Delay:        2.160ns  (logic 1.583ns (73.303%)  route 0.577ns (26.697%))
  Logic Levels:           3  (CARRY4=1 LUT4=1 OBUF=1)
  Clock Uncertainty:      0.025ns  ((TSJ^2 + TIJ^2)^1/2 + DJ) / 2 + PE
    Total System Jitter     (TSJ):    0.050ns
    Total Input Jitter      (TIJ):    0.000ns
    Discrete Jitter          (DJ):    0.000ns
    Phase Error              (PE):    0.000ns

    Location             Delay type                Incr(ns)  Path(ns)    Netlist Resource(s)
  -------------------------------------------------------------------    -------------------
                         (clock sys_clk_pin rise edge)
                                                      0.000     0.000 r  
    E3                                                0.000     0.000 r  CLK (IN)
                         net (fo=0)                   0.000     0.000    CLK
    E3                   IBUF (Prop_ibuf_I_O)         0.250     0.250 r  CLK_IBUF_inst/O
                         net (fo=1, routed)           0.644     0.894    CLK_IBUF
    BUFGCTRL_X0Y16       BUFG (Prop_bufg_I_O)         0.026     0.920 r  CLK_IBUF_BUFG_inst/O
                         net (fo=108, routed)         0.604     1.523    Inst_RGB/Inst_Master/CLK
    SLICE_X3Y95          FDCE                                         r  Inst_RGB/Inst_Master/b_reg_reg[0]/C
  -------------------------------------------------------------------    -------------------
    SLICE_X3Y95          FDCE (Prop_fdce_C_Q)         0.141     1.664 r  Inst_RGB/Inst_Master/b_reg_reg[0]/Q
                         net (fo=5, routed)           0.121     1.786    Inst_RGB/Inst_Master/Q[0]
    SLICE_X2Y95          LUT4 (Prop_lut4_I2_O)        0.048     1.834 r  Inst_RGB/Inst_Master/LED_B0_carry_i_4/O
                         net (fo=1, routed)           0.000     1.834    Inst_PWM/LED_B_PWM_0[0]
    SLICE_X2Y95          CARRY4 (Prop_carry4_DI[0]_CO[3])
                                                      0.127     1.961 r  Inst_PWM/LED_B0_carry/CO[3]
                         net (fo=1, routed)           0.455     2.416    LED_B_PWM_OBUF
    R12                  OBUF (Prop_obuf_I_O)         1.267     3.683 r  LED_B_PWM_OBUF_inst/O
                         net (fo=0)                   0.000     3.683    LED_B_PWM
    R12                                                               r  LED_B_PWM (OUT)
  -------------------------------------------------------------------    -------------------

Slack:                    inf
  Source:                 Inst_RGB/Inst_Master/g_reg_reg[4]/C
                            (rising edge-triggered cell FDCE clocked by sys_clk_pin  {rise@0.000ns fall@5.000ns period=10.000ns})
  Destination:            LED_G_PWM
                            (output port)
  Path Group:             (none)
  Path Type:              Min at Fast Process Corner
  Data Path Delay:        2.351ns  (logic 1.518ns (64.554%)  route 0.833ns (35.446%))
  Logic Levels:           3  (CARRY4=1 LUT4=1 OBUF=1)
  Clock Uncertainty:      0.025ns  ((TSJ^2 + TIJ^2)^1/2 + DJ) / 2 + PE
    Total System Jitter     (TSJ):    0.050ns
    Total Input Jitter      (TIJ):    0.000ns
    Discrete Jitter          (DJ):    0.000ns
    Phase Error              (PE):    0.000ns

    Location             Delay type                Incr(ns)  Path(ns)    Netlist Resource(s)
  -------------------------------------------------------------------    -------------------
                         (clock sys_clk_pin rise edge)
                                                      0.000     0.000 r  
    E3                                                0.000     0.000 r  CLK (IN)
                         net (fo=0)                   0.000     0.000    CLK
    E3                   IBUF (Prop_ibuf_I_O)         0.250     0.250 r  CLK_IBUF_inst/O
                         net (fo=1, routed)           0.644     0.894    CLK_IBUF
    BUFGCTRL_X0Y16       BUFG (Prop_bufg_I_O)         0.026     0.920 r  CLK_IBUF_BUFG_inst/O
                         net (fo=108, routed)         0.605     1.524    Inst_RGB/Inst_Master/CLK
    SLICE_X2Y98          FDCE                                         r  Inst_RGB/Inst_Master/g_reg_reg[4]/C
  -------------------------------------------------------------------    -------------------
    SLICE_X2Y98          FDCE (Prop_fdce_C_Q)         0.164     1.688 r  Inst_RGB/Inst_Master/g_reg_reg[4]/Q
                         net (fo=6, routed)           0.182     1.870    Inst_RGB/Inst_Master/g_reg_reg[7]_0[4]
    SLICE_X2Y96          LUT4 (Prop_lut4_I2_O)        0.049     1.919 r  Inst_RGB/Inst_Master/LED_G0_carry_i_2/O
                         net (fo=1, routed)           0.000     1.919    Inst_PWM/LED_G_PWM_0[2]
    SLICE_X2Y96          CARRY4 (Prop_carry4_DI[2]_CO[3])
                                                      0.084     2.003 r  Inst_PWM/LED_G0_carry/CO[3]
                         net (fo=1, routed)           0.652     2.655    LED_G_PWM_OBUF
    M16                  OBUF (Prop_obuf_I_O)         1.221     3.876 r  LED_G_PWM_OBUF_inst/O
                         net (fo=0)                   0.000     3.876    LED_G_PWM
    M16                                                               r  LED_G_PWM (OUT)
  -------------------------------------------------------------------    -------------------

Slack:                    inf
  Source:                 Inst_RGB/Inst_Master/r_reg_reg[0]/C
                            (rising edge-triggered cell FDCE clocked by sys_clk_pin  {rise@0.000ns fall@5.000ns period=10.000ns})
  Destination:            LED_R_PWM
                            (output port)
  Path Group:             (none)
  Path Type:              Min at Fast Process Corner
  Data Path Delay:        2.372ns  (logic 1.538ns (64.849%)  route 0.834ns (35.151%))
  Logic Levels:           3  (CARRY4=1 LUT4=1 OBUF=1)
  Clock Uncertainty:      0.025ns  ((TSJ^2 + TIJ^2)^1/2 + DJ) / 2 + PE
    Total System Jitter     (TSJ):    0.050ns
    Total Input Jitter      (TIJ):    0.000ns
    Discrete Jitter          (DJ):    0.000ns
    Phase Error              (PE):    0.000ns

    Location             Delay type                Incr(ns)  Path(ns)    Netlist Resource(s)
  -------------------------------------------------------------------    -------------------
                         (clock sys_clk_pin rise edge)
                                                      0.000     0.000 r  
    E3                                                0.000     0.000 r  CLK (IN)
                         net (fo=0)                   0.000     0.000    CLK
    E3                   IBUF (Prop_ibuf_I_O)         0.250     0.250 r  CLK_IBUF_inst/O
                         net (fo=1, routed)           0.644     0.894    CLK_IBUF
    BUFGCTRL_X0Y16       BUFG (Prop_bufg_I_O)         0.026     0.920 r  CLK_IBUF_BUFG_inst/O
                         net (fo=108, routed)         0.604     1.523    Inst_RGB/Inst_Master/CLK
    SLICE_X0Y93          FDCE                                         r  Inst_RGB/Inst_Master/r_reg_reg[0]/C
  -------------------------------------------------------------------    -------------------
    SLICE_X0Y93          FDCE (Prop_fdce_C_Q)         0.141     1.664 r  Inst_RGB/Inst_Master/r_reg_reg[0]/Q
                         net (fo=5, routed)           0.193     1.857    Inst_RGB/Inst_Master/r_reg_reg[7]_0[0]
    SLICE_X0Y95          LUT4 (Prop_lut4_I2_O)        0.048     1.905 r  Inst_RGB/Inst_Master/LED_R0_carry_i_4/O
                         net (fo=1, routed)           0.000     1.905    Inst_PWM/DI[0]
    SLICE_X0Y95          CARRY4 (Prop_carry4_DI[0]_CO[3])
                                                      0.132     2.037 r  Inst_PWM/LED_R0_carry/CO[3]
                         net (fo=1, routed)           0.641     2.678    LED_R_PWM_OBUF
    N15                  OBUF (Prop_obuf_I_O)         1.217     3.896 r  LED_R_PWM_OBUF_inst/O
                         net (fo=0)                   0.000     3.896    LED_R_PWM
    N15                                                               r  LED_R_PWM (OUT)
  -------------------------------------------------------------------    -------------------





--------------------------------------------------------------------------------------
Path Group:  (none)
From Clock:  
  To Clock:  sys_clk_pin

Max Delay            87 Endpoints
Min Delay            87 Endpoints
--------------------------------------------------------------------------------------


Max Delay Paths
--------------------------------------------------------------------------------------
Slack:                    inf
  Source:                 RESET
                            (input port)
  Destination:            Inst_RGB/Inst_Master/g_reg_reg[5]/CLR
                            (recovery check against rising-edge clock sys_clk_pin  {rise@0.000ns fall@5.000ns period=10.000ns})
  Path Group:             (none)
  Path Type:              Recovery (Max at Slow Process Corner)
  Data Path Delay:        4.745ns  (logic 1.467ns (30.926%)  route 3.278ns (69.074%))
  Logic Levels:           1  (IBUF=1)
  Clock Path Skew:        5.029ns (DCD - SCD + CPR)
    Destination Clock Delay (DCD):    5.029ns
    Source Clock Delay      (SCD):    0.000ns
    Clock Pessimism Removal (CPR):    0.000ns
  Clock Uncertainty:      0.025ns  ((TSJ^2 + TIJ^2)^1/2 + DJ) / 2 + PE
    Total System Jitter     (TSJ):    0.050ns
    Total Input Jitter      (TIJ):    0.000ns
    Discrete Jitter          (DJ):    0.000ns
    Phase Error              (PE):    0.000ns

    Location             Delay type                Incr(ns)  Path(ns)    Netlist Resource(s)
  -------------------------------------------------------------------    -------------------
    M17                                               0.000     0.000 f  RESET (IN)
                         net (fo=0)                   0.000     0.000    RESET
    M17                  IBUF (Prop_ibuf_I_O)         1.467     1.467 f  RESET_IBUF_inst/O
                         net (fo=82, routed)          3.278     4.745    Inst_RGB/Inst_Master/RESET_IBUF
    SLICE_X2Y99          FDCE                                         f  Inst_RGB/Inst_Master/g_reg_reg[5]/CLR
  -------------------------------------------------------------------    -------------------

                         (clock sys_clk_pin rise edge)
                                                      0.000     0.000 r  
    E3                                                0.000     0.000 r  CLK (IN)
                         net (fo=0)                   0.000     0.000    CLK
    E3                   IBUF (Prop_ibuf_I_O)         1.411     1.411 r  CLK_IBUF_inst/O
                         net (fo=1, routed)           1.920     3.331    CLK_IBUF
    BUFGCTRL_X0Y16       BUFG (Prop_bufg_I_O)         0.091     3.422 r  CLK_IBUF_BUFG_inst/O
                         net (fo=108, routed)         1.606     5.029    Inst_RGB/Inst_Master/CLK
    SLICE_X2Y99          FDCE                                         r  Inst_RGB/Inst_Master/g_reg_reg[5]/C

Slack:                    inf
  Source:                 RESET
                            (input port)
  Destination:            Inst_RGB/Inst_Master/g_reg_reg[6]/CLR
                            (recovery check against rising-edge clock sys_clk_pin  {rise@0.000ns fall@5.000ns period=10.000ns})
  Path Group:             (none)
  Path Type:              Recovery (Max at Slow Process Corner)
  Data Path Delay:        4.745ns  (logic 1.467ns (30.926%)  route 3.278ns (69.074%))
  Logic Levels:           1  (IBUF=1)
  Clock Path Skew:        5.029ns (DCD - SCD + CPR)
    Destination Clock Delay (DCD):    5.029ns
    Source Clock Delay      (SCD):    0.000ns
    Clock Pessimism Removal (CPR):    0.000ns
  Clock Uncertainty:      0.025ns  ((TSJ^2 + TIJ^2)^1/2 + DJ) / 2 + PE
    Total System Jitter     (TSJ):    0.050ns
    Total Input Jitter      (TIJ):    0.000ns
    Discrete Jitter          (DJ):    0.000ns
    Phase Error              (PE):    0.000ns

    Location             Delay type                Incr(ns)  Path(ns)    Netlist Resource(s)
  -------------------------------------------------------------------    -------------------
    M17                                               0.000     0.000 f  RESET (IN)
                         net (fo=0)                   0.000     0.000    RESET
    M17                  IBUF (Prop_ibuf_I_O)         1.467     1.467 f  RESET_IBUF_inst/O
                         net (fo=82, routed)          3.278     4.745    Inst_RGB/Inst_Master/RESET_IBUF
    SLICE_X2Y99          FDCE                                         f  Inst_RGB/Inst_Master/g_reg_reg[6]/CLR
  -------------------------------------------------------------------    -------------------

                         (clock sys_clk_pin rise edge)
                                                      0.000     0.000 r  
    E3                                                0.000     0.000 r  CLK (IN)
                         net (fo=0)                   0.000     0.000    CLK
    E3                   IBUF (Prop_ibuf_I_O)         1.411     1.411 r  CLK_IBUF_inst/O
                         net (fo=1, routed)           1.920     3.331    CLK_IBUF
    BUFGCTRL_X0Y16       BUFG (Prop_bufg_I_O)         0.091     3.422 r  CLK_IBUF_BUFG_inst/O
                         net (fo=108, routed)         1.606     5.029    Inst_RGB/Inst_Master/CLK
    SLICE_X2Y99          FDCE                                         r  Inst_RGB/Inst_Master/g_reg_reg[6]/C

Slack:                    inf
  Source:                 RESET
                            (input port)
  Destination:            Inst_RGB/Inst_Master/g_reg_reg[7]/CLR
                            (recovery check against rising-edge clock sys_clk_pin  {rise@0.000ns fall@5.000ns period=10.000ns})
  Path Group:             (none)
  Path Type:              Recovery (Max at Slow Process Corner)
  Data Path Delay:        4.745ns  (logic 1.467ns (30.926%)  route 3.278ns (69.074%))
  Logic Levels:           1  (IBUF=1)
  Clock Path Skew:        5.029ns (DCD - SCD + CPR)
    Destination Clock Delay (DCD):    5.029ns
    Source Clock Delay      (SCD):    0.000ns
    Clock Pessimism Removal (CPR):    0.000ns
  Clock Uncertainty:      0.025ns  ((TSJ^2 + TIJ^2)^1/2 + DJ) / 2 + PE
    Total System Jitter     (TSJ):    0.050ns
    Total Input Jitter      (TIJ):    0.000ns
    Discrete Jitter          (DJ):    0.000ns
    Phase Error              (PE):    0.000ns

    Location             Delay type                Incr(ns)  Path(ns)    Netlist Resource(s)
  -------------------------------------------------------------------    -------------------
    M17                                               0.000     0.000 f  RESET (IN)
                         net (fo=0)                   0.000     0.000    RESET
    M17                  IBUF (Prop_ibuf_I_O)         1.467     1.467 f  RESET_IBUF_inst/O
                         net (fo=82, routed)          3.278     4.745    Inst_RGB/Inst_Master/RESET_IBUF
    SLICE_X2Y99          FDCE                                         f  Inst_RGB/Inst_Master/g_reg_reg[7]/CLR
  -------------------------------------------------------------------    -------------------

                         (clock sys_clk_pin rise edge)
                                                      0.000     0.000 r  
    E3                                                0.000     0.000 r  CLK (IN)
                         net (fo=0)                   0.000     0.000    CLK
    E3                   IBUF (Prop_ibuf_I_O)         1.411     1.411 r  CLK_IBUF_inst/O
                         net (fo=1, routed)           1.920     3.331    CLK_IBUF
    BUFGCTRL_X0Y16       BUFG (Prop_bufg_I_O)         0.091     3.422 r  CLK_IBUF_BUFG_inst/O
                         net (fo=108, routed)         1.606     5.029    Inst_RGB/Inst_Master/CLK
    SLICE_X2Y99          FDCE                                         r  Inst_RGB/Inst_Master/g_reg_reg[7]/C

Slack:                    inf
  Source:                 RESET
                            (input port)
  Destination:            Inst_RGB/Inst_Master/g_reg_reg[1]/CLR
                            (recovery check against rising-edge clock sys_clk_pin  {rise@0.000ns fall@5.000ns period=10.000ns})
  Path Group:             (none)
  Path Type:              Recovery (Max at Slow Process Corner)
  Data Path Delay:        4.603ns  (logic 1.467ns (31.879%)  route 3.136ns (68.121%))
  Logic Levels:           1  (IBUF=1)
  Clock Path Skew:        5.029ns (DCD - SCD + CPR)
    Destination Clock Delay (DCD):    5.029ns
    Source Clock Delay      (SCD):    0.000ns
    Clock Pessimism Removal (CPR):    0.000ns
  Clock Uncertainty:      0.025ns  ((TSJ^2 + TIJ^2)^1/2 + DJ) / 2 + PE
    Total System Jitter     (TSJ):    0.050ns
    Total Input Jitter      (TIJ):    0.000ns
    Discrete Jitter          (DJ):    0.000ns
    Phase Error              (PE):    0.000ns

    Location             Delay type                Incr(ns)  Path(ns)    Netlist Resource(s)
  -------------------------------------------------------------------    -------------------
    M17                                               0.000     0.000 f  RESET (IN)
                         net (fo=0)                   0.000     0.000    RESET
    M17                  IBUF (Prop_ibuf_I_O)         1.467     1.467 f  RESET_IBUF_inst/O
                         net (fo=82, routed)          3.136     4.603    Inst_RGB/Inst_Master/RESET_IBUF
    SLICE_X2Y98          FDCE                                         f  Inst_RGB/Inst_Master/g_reg_reg[1]/CLR
  -------------------------------------------------------------------    -------------------

                         (clock sys_clk_pin rise edge)
                                                      0.000     0.000 r  
    E3                                                0.000     0.000 r  CLK (IN)
                         net (fo=0)                   0.000     0.000    CLK
    E3                   IBUF (Prop_ibuf_I_O)         1.411     1.411 r  CLK_IBUF_inst/O
                         net (fo=1, routed)           1.920     3.331    CLK_IBUF
    BUFGCTRL_X0Y16       BUFG (Prop_bufg_I_O)         0.091     3.422 r  CLK_IBUF_BUFG_inst/O
                         net (fo=108, routed)         1.606     5.029    Inst_RGB/Inst_Master/CLK
    SLICE_X2Y98          FDCE                                         r  Inst_RGB/Inst_Master/g_reg_reg[1]/C

Slack:                    inf
  Source:                 RESET
                            (input port)
  Destination:            Inst_RGB/Inst_Master/g_reg_reg[2]/CLR
                            (recovery check against rising-edge clock sys_clk_pin  {rise@0.000ns fall@5.000ns period=10.000ns})
  Path Group:             (none)
  Path Type:              Recovery (Max at Slow Process Corner)
  Data Path Delay:        4.603ns  (logic 1.467ns (31.879%)  route 3.136ns (68.121%))
  Logic Levels:           1  (IBUF=1)
  Clock Path Skew:        5.029ns (DCD - SCD + CPR)
    Destination Clock Delay (DCD):    5.029ns
    Source Clock Delay      (SCD):    0.000ns
    Clock Pessimism Removal (CPR):    0.000ns
  Clock Uncertainty:      0.025ns  ((TSJ^2 + TIJ^2)^1/2 + DJ) / 2 + PE
    Total System Jitter     (TSJ):    0.050ns
    Total Input Jitter      (TIJ):    0.000ns
    Discrete Jitter          (DJ):    0.000ns
    Phase Error              (PE):    0.000ns

    Location             Delay type                Incr(ns)  Path(ns)    Netlist Resource(s)
  -------------------------------------------------------------------    -------------------
    M17                                               0.000     0.000 f  RESET (IN)
                         net (fo=0)                   0.000     0.000    RESET
    M17                  IBUF (Prop_ibuf_I_O)         1.467     1.467 f  RESET_IBUF_inst/O
                         net (fo=82, routed)          3.136     4.603    Inst_RGB/Inst_Master/RESET_IBUF
    SLICE_X2Y98          FDCE                                         f  Inst_RGB/Inst_Master/g_reg_reg[2]/CLR
  -------------------------------------------------------------------    -------------------

                         (clock sys_clk_pin rise edge)
                                                      0.000     0.000 r  
    E3                                                0.000     0.000 r  CLK (IN)
                         net (fo=0)                   0.000     0.000    CLK
    E3                   IBUF (Prop_ibuf_I_O)         1.411     1.411 r  CLK_IBUF_inst/O
                         net (fo=1, routed)           1.920     3.331    CLK_IBUF
    BUFGCTRL_X0Y16       BUFG (Prop_bufg_I_O)         0.091     3.422 r  CLK_IBUF_BUFG_inst/O
                         net (fo=108, routed)         1.606     5.029    Inst_RGB/Inst_Master/CLK
    SLICE_X2Y98          FDCE                                         r  Inst_RGB/Inst_Master/g_reg_reg[2]/C

Slack:                    inf
  Source:                 RESET
                            (input port)
  Destination:            Inst_RGB/Inst_Master/g_reg_reg[3]/CLR
                            (recovery check against rising-edge clock sys_clk_pin  {rise@0.000ns fall@5.000ns period=10.000ns})
  Path Group:             (none)
  Path Type:              Recovery (Max at Slow Process Corner)
  Data Path Delay:        4.603ns  (logic 1.467ns (31.879%)  route 3.136ns (68.121%))
  Logic Levels:           1  (IBUF=1)
  Clock Path Skew:        5.029ns (DCD - SCD + CPR)
    Destination Clock Delay (DCD):    5.029ns
    Source Clock Delay      (SCD):    0.000ns
    Clock Pessimism Removal (CPR):    0.000ns
  Clock Uncertainty:      0.025ns  ((TSJ^2 + TIJ^2)^1/2 + DJ) / 2 + PE
    Total System Jitter     (TSJ):    0.050ns
    Total Input Jitter      (TIJ):    0.000ns
    Discrete Jitter          (DJ):    0.000ns
    Phase Error              (PE):    0.000ns

    Location             Delay type                Incr(ns)  Path(ns)    Netlist Resource(s)
  -------------------------------------------------------------------    -------------------
    M17                                               0.000     0.000 f  RESET (IN)
                         net (fo=0)                   0.000     0.000    RESET
    M17                  IBUF (Prop_ibuf_I_O)         1.467     1.467 f  RESET_IBUF_inst/O
                         net (fo=82, routed)          3.136     4.603    Inst_RGB/Inst_Master/RESET_IBUF
    SLICE_X2Y98          FDCE                                         f  Inst_RGB/Inst_Master/g_reg_reg[3]/CLR
  -------------------------------------------------------------------    -------------------

                         (clock sys_clk_pin rise edge)
                                                      0.000     0.000 r  
    E3                                                0.000     0.000 r  CLK (IN)
                         net (fo=0)                   0.000     0.000    CLK
    E3                   IBUF (Prop_ibuf_I_O)         1.411     1.411 r  CLK_IBUF_inst/O
                         net (fo=1, routed)           1.920     3.331    CLK_IBUF
    BUFGCTRL_X0Y16       BUFG (Prop_bufg_I_O)         0.091     3.422 r  CLK_IBUF_BUFG_inst/O
                         net (fo=108, routed)         1.606     5.029    Inst_RGB/Inst_Master/CLK
    SLICE_X2Y98          FDCE                                         r  Inst_RGB/Inst_Master/g_reg_reg[3]/C

Slack:                    inf
  Source:                 RESET
                            (input port)
  Destination:            Inst_RGB/Inst_Master/g_reg_reg[4]/CLR
                            (recovery check against rising-edge clock sys_clk_pin  {rise@0.000ns fall@5.000ns period=10.000ns})
  Path Group:             (none)
  Path Type:              Recovery (Max at Slow Process Corner)
  Data Path Delay:        4.603ns  (logic 1.467ns (31.879%)  route 3.136ns (68.121%))
  Logic Levels:           1  (IBUF=1)
  Clock Path Skew:        5.029ns (DCD - SCD + CPR)
    Destination Clock Delay (DCD):    5.029ns
    Source Clock Delay      (SCD):    0.000ns
    Clock Pessimism Removal (CPR):    0.000ns
  Clock Uncertainty:      0.025ns  ((TSJ^2 + TIJ^2)^1/2 + DJ) / 2 + PE
    Total System Jitter     (TSJ):    0.050ns
    Total Input Jitter      (TIJ):    0.000ns
    Discrete Jitter          (DJ):    0.000ns
    Phase Error              (PE):    0.000ns

    Location             Delay type                Incr(ns)  Path(ns)    Netlist Resource(s)
  -------------------------------------------------------------------    -------------------
    M17                                               0.000     0.000 f  RESET (IN)
                         net (fo=0)                   0.000     0.000    RESET
    M17                  IBUF (Prop_ibuf_I_O)         1.467     1.467 f  RESET_IBUF_inst/O
                         net (fo=82, routed)          3.136     4.603    Inst_RGB/Inst_Master/RESET_IBUF
    SLICE_X2Y98          FDCE                                         f  Inst_RGB/Inst_Master/g_reg_reg[4]/CLR
  -------------------------------------------------------------------    -------------------

                         (clock sys_clk_pin rise edge)
                                                      0.000     0.000 r  
    E3                                                0.000     0.000 r  CLK (IN)
                         net (fo=0)                   0.000     0.000    CLK
    E3                   IBUF (Prop_ibuf_I_O)         1.411     1.411 r  CLK_IBUF_inst/O
                         net (fo=1, routed)           1.920     3.331    CLK_IBUF
    BUFGCTRL_X0Y16       BUFG (Prop_bufg_I_O)         0.091     3.422 r  CLK_IBUF_BUFG_inst/O
                         net (fo=108, routed)         1.606     5.029    Inst_RGB/Inst_Master/CLK
    SLICE_X2Y98          FDCE                                         r  Inst_RGB/Inst_Master/g_reg_reg[4]/C

Slack:                    inf
  Source:                 RESET
                            (input port)
  Destination:            Inst_input/U5/count_reg[0]/D
                            (rising edge-triggered cell FDRE clocked by sys_clk_pin  {rise@0.000ns fall@5.000ns period=10.000ns})
  Path Group:             (none)
  Path Type:              Setup (Max at Slow Process Corner)
  Data Path Delay:        4.459ns  (logic 1.591ns (35.690%)  route 2.868ns (64.310%))
  Logic Levels:           2  (IBUF=1 LUT6=1)
  Clock Path Skew:        5.026ns (DCD - SCD + CPR)
    Destination Clock Delay (DCD):    5.026ns
    Source Clock Delay      (SCD):    0.000ns
    Clock Pessimism Removal (CPR):    0.000ns
  Clock Uncertainty:      0.025ns  ((TSJ^2 + TIJ^2)^1/2 + DJ) / 2 + PE
    Total System Jitter     (TSJ):    0.050ns
    Total Input Jitter      (TIJ):    0.000ns
    Discrete Jitter          (DJ):    0.000ns
    Phase Error              (PE):    0.000ns

    Location             Delay type                Incr(ns)  Path(ns)    Netlist Resource(s)
  -------------------------------------------------------------------    -------------------
    M17                                               0.000     0.000 f  RESET (IN)
                         net (fo=0)                   0.000     0.000    RESET
    M17                  IBUF (Prop_ibuf_I_O)         1.467     1.467 f  RESET_IBUF_inst/O
                         net (fo=82, routed)          2.868     4.335    Inst_input/U5/RESET_IBUF
    SLICE_X6Y95          LUT6 (Prop_lut6_I5_O)        0.124     4.459 r  Inst_input/U5/count[0]_i_1/O
                         net (fo=1, routed)           0.000     4.459    Inst_input/U5/count[0]_i_1_n_0
    SLICE_X6Y95          FDRE                                         r  Inst_input/U5/count_reg[0]/D
  -------------------------------------------------------------------    -------------------

                         (clock sys_clk_pin rise edge)
                                                      0.000     0.000 r  
    E3                                                0.000     0.000 r  CLK (IN)
                         net (fo=0)                   0.000     0.000    CLK
    E3                   IBUF (Prop_ibuf_I_O)         1.411     1.411 r  CLK_IBUF_inst/O
                         net (fo=1, routed)           1.920     3.331    CLK_IBUF
    BUFGCTRL_X0Y16       BUFG (Prop_bufg_I_O)         0.091     3.422 r  CLK_IBUF_BUFG_inst/O
                         net (fo=108, routed)         1.603     5.026    Inst_input/U5/CLK
    SLICE_X6Y95          FDRE                                         r  Inst_input/U5/count_reg[0]/C

Slack:                    inf
  Source:                 RESET
                            (input port)
  Destination:            Inst_RGB/Inst_Master/g_reg_reg[0]/CLR
                            (recovery check against rising-edge clock sys_clk_pin  {rise@0.000ns fall@5.000ns period=10.000ns})
  Path Group:             (none)
  Path Type:              Recovery (Max at Slow Process Corner)
  Data Path Delay:        4.451ns  (logic 1.467ns (32.966%)  route 2.984ns (67.034%))
  Logic Levels:           1  (IBUF=1)
  Clock Path Skew:        5.029ns (DCD - SCD + CPR)
    Destination Clock Delay (DCD):    5.029ns
    Source Clock Delay      (SCD):    0.000ns
    Clock Pessimism Removal (CPR):    0.000ns
  Clock Uncertainty:      0.025ns  ((TSJ^2 + TIJ^2)^1/2 + DJ) / 2 + PE
    Total System Jitter     (TSJ):    0.050ns
    Total Input Jitter      (TIJ):    0.000ns
    Discrete Jitter          (DJ):    0.000ns
    Phase Error              (PE):    0.000ns

    Location             Delay type                Incr(ns)  Path(ns)    Netlist Resource(s)
  -------------------------------------------------------------------    -------------------
    M17                                               0.000     0.000 f  RESET (IN)
                         net (fo=0)                   0.000     0.000    RESET
    M17                  IBUF (Prop_ibuf_I_O)         1.467     1.467 f  RESET_IBUF_inst/O
                         net (fo=82, routed)          2.984     4.451    Inst_RGB/Inst_Master/RESET_IBUF
    SLICE_X3Y97          FDCE                                         f  Inst_RGB/Inst_Master/g_reg_reg[0]/CLR
  -------------------------------------------------------------------    -------------------

                         (clock sys_clk_pin rise edge)
                                                      0.000     0.000 r  
    E3                                                0.000     0.000 r  CLK (IN)
                         net (fo=0)                   0.000     0.000    CLK
    E3                   IBUF (Prop_ibuf_I_O)         1.411     1.411 r  CLK_IBUF_inst/O
                         net (fo=1, routed)           1.920     3.331    CLK_IBUF
    BUFGCTRL_X0Y16       BUFG (Prop_bufg_I_O)         0.091     3.422 r  CLK_IBUF_BUFG_inst/O
                         net (fo=108, routed)         1.606     5.029    Inst_RGB/Inst_Master/CLK
    SLICE_X3Y97          FDCE                                         r  Inst_RGB/Inst_Master/g_reg_reg[0]/C

Slack:                    inf
  Source:                 RESET
                            (input port)
  Destination:            Inst_input/U11/btn_clean_reg/R
                            (rising edge-triggered cell FDRE clocked by sys_clk_pin  {rise@0.000ns fall@5.000ns period=10.000ns})
  Path Group:             (none)
  Path Type:              Setup (Max at Slow Process Corner)
  Data Path Delay:        4.435ns  (logic 1.467ns (33.089%)  route 2.967ns (66.911%))
  Logic Levels:           1  (IBUF=1)
  Clock Path Skew:        5.028ns (DCD - SCD + CPR)
    Destination Clock Delay (DCD):    5.028ns
    Source Clock Delay      (SCD):    0.000ns
    Clock Pessimism Removal (CPR):    0.000ns
  Clock Uncertainty:      0.025ns  ((TSJ^2 + TIJ^2)^1/2 + DJ) / 2 + PE
    Total System Jitter     (TSJ):    0.050ns
    Total Input Jitter      (TIJ):    0.000ns
    Discrete Jitter          (DJ):    0.000ns
    Phase Error              (PE):    0.000ns

    Location             Delay type                Incr(ns)  Path(ns)    Netlist Resource(s)
  -------------------------------------------------------------------    -------------------
    M17                                               0.000     0.000 r  RESET (IN)
                         net (fo=0)                   0.000     0.000    RESET
    M17                  IBUF (Prop_ibuf_I_O)         1.467     1.467 r  RESET_IBUF_inst/O
                         net (fo=82, routed)          2.967     4.435    Inst_input/U11/RESET_IBUF
    SLICE_X1Y96          FDRE                                         r  Inst_input/U11/btn_clean_reg/R
  -------------------------------------------------------------------    -------------------

                         (clock sys_clk_pin rise edge)
                                                      0.000     0.000 r  
    E3                                                0.000     0.000 r  CLK (IN)
                         net (fo=0)                   0.000     0.000    CLK
    E3                   IBUF (Prop_ibuf_I_O)         1.411     1.411 r  CLK_IBUF_inst/O
                         net (fo=1, routed)           1.920     3.331    CLK_IBUF
    BUFGCTRL_X0Y16       BUFG (Prop_bufg_I_O)         0.091     3.422 r  CLK_IBUF_BUFG_inst/O
                         net (fo=108, routed)         1.605     5.028    Inst_input/U11/CLK
    SLICE_X1Y96          FDRE                                         r  Inst_input/U11/btn_clean_reg/C





Min Delay Paths
--------------------------------------------------------------------------------------
Slack:                    inf
  Source:                 BTN_UP
                            (input port)
  Destination:            Inst_input/U1/sreg_reg[0]/D
                            (rising edge-triggered cell FDRE clocked by sys_clk_pin  {rise@0.000ns fall@5.000ns period=10.000ns})
  Path Group:             (none)
  Path Type:              Hold (Min at Fast Process Corner)
  Data Path Delay:        0.553ns  (logic 0.254ns (45.842%)  route 0.300ns (54.158%))
  Logic Levels:           1  (IBUF=1)
  Clock Path Skew:        2.041ns (DCD - SCD - CPR)
    Destination Clock Delay (DCD):    2.041ns
    Source Clock Delay      (SCD):    0.000ns
    Clock Pessimism Removal (CPR):    -0.000ns

    Location             Delay type                Incr(ns)  Path(ns)    Netlist Resource(s)
  -------------------------------------------------------------------    -------------------
    M18                                               0.000     0.000 r  BTN_UP (IN)
                         net (fo=0)                   0.000     0.000    BTN_UP
    M18                  IBUF (Prop_ibuf_I_O)         0.254     0.254 r  BTN_UP_IBUF_inst/O
                         net (fo=1, routed)           0.300     0.553    Inst_input/U1/sreg_reg[0]_0[0]
    SLICE_X0Y91          FDRE                                         r  Inst_input/U1/sreg_reg[0]/D
  -------------------------------------------------------------------    -------------------

                         (clock sys_clk_pin rise edge)
                                                      0.000     0.000 r  
    E3                                                0.000     0.000 r  CLK (IN)
                         net (fo=0)                   0.000     0.000    CLK
    E3                   IBUF (Prop_ibuf_I_O)         0.438     0.438 r  CLK_IBUF_inst/O
                         net (fo=1, routed)           0.699     1.136    CLK_IBUF
    BUFGCTRL_X0Y16       BUFG (Prop_bufg_I_O)         0.029     1.165 r  CLK_IBUF_BUFG_inst/O
                         net (fo=108, routed)         0.876     2.041    Inst_input/U1/CLK
    SLICE_X0Y91          FDRE                                         r  Inst_input/U1/sreg_reg[0]/C

Slack:                    inf
  Source:                 SW_G
                            (input port)
  Destination:            Inst_input/U10/sreg_reg[0]/D
                            (rising edge-triggered cell FDRE clocked by sys_clk_pin  {rise@0.000ns fall@5.000ns period=10.000ns})
  Path Group:             (none)
  Path Type:              Hold (Min at Fast Process Corner)
  Data Path Delay:        0.652ns  (logic 0.247ns (37.964%)  route 0.404ns (62.036%))
  Logic Levels:           1  (IBUF=1)
  Clock Path Skew:        2.042ns (DCD - SCD - CPR)
    Destination Clock Delay (DCD):    2.042ns
    Source Clock Delay      (SCD):    0.000ns
    Clock Pessimism Removal (CPR):    -0.000ns

    Location             Delay type                Incr(ns)  Path(ns)    Netlist Resource(s)
  -------------------------------------------------------------------    -------------------
    L16                                               0.000     0.000 r  SW_G (IN)
                         net (fo=0)                   0.000     0.000    SW_G
    L16                  IBUF (Prop_ibuf_I_O)         0.247     0.247 r  SW_G_IBUF_inst/O
                         net (fo=1, routed)           0.404     0.652    Inst_input/U10/sreg_reg[0]_0[0]
    SLICE_X0Y95          FDRE                                         r  Inst_input/U10/sreg_reg[0]/D
  -------------------------------------------------------------------    -------------------

                         (clock sys_clk_pin rise edge)
                                                      0.000     0.000 r  
    E3                                                0.000     0.000 r  CLK (IN)
                         net (fo=0)                   0.000     0.000    CLK
    E3                   IBUF (Prop_ibuf_I_O)         0.438     0.438 r  CLK_IBUF_inst/O
                         net (fo=1, routed)           0.699     1.136    CLK_IBUF
    BUFGCTRL_X0Y16       BUFG (Prop_bufg_I_O)         0.029     1.165 r  CLK_IBUF_BUFG_inst/O
                         net (fo=108, routed)         0.877     2.042    Inst_input/U10/CLK
    SLICE_X0Y95          FDRE                                         r  Inst_input/U10/sreg_reg[0]/C

Slack:                    inf
  Source:                 SW_B
                            (input port)
  Destination:            Inst_input/U13/sreg_reg[0]/D
                            (rising edge-triggered cell FDRE clocked by sys_clk_pin  {rise@0.000ns fall@5.000ns period=10.000ns})
  Path Group:             (none)
  Path Type:              Hold (Min at Fast Process Corner)
  Data Path Delay:        0.679ns  (logic 0.253ns (37.250%)  route 0.426ns (62.750%))
  Logic Levels:           1  (IBUF=1)
  Clock Path Skew:        2.041ns (DCD - SCD - CPR)
    Destination Clock Delay (DCD):    2.041ns
    Source Clock Delay      (SCD):    0.000ns
    Clock Pessimism Removal (CPR):    -0.000ns

    Location             Delay type                Incr(ns)  Path(ns)    Netlist Resource(s)
  -------------------------------------------------------------------    -------------------
    M13                                               0.000     0.000 r  SW_B (IN)
                         net (fo=0)                   0.000     0.000    SW_B
    M13                  IBUF (Prop_ibuf_I_O)         0.253     0.253 r  SW_B_IBUF_inst/O
                         net (fo=1, routed)           0.426     0.679    Inst_input/U13/sreg_reg[0]_0[0]
    SLICE_X1Y91          FDRE                                         r  Inst_input/U13/sreg_reg[0]/D
  -------------------------------------------------------------------    -------------------

                         (clock sys_clk_pin rise edge)
                                                      0.000     0.000 r  
    E3                                                0.000     0.000 r  CLK (IN)
                         net (fo=0)                   0.000     0.000    CLK
    E3                   IBUF (Prop_ibuf_I_O)         0.438     0.438 r  CLK_IBUF_inst/O
                         net (fo=1, routed)           0.699     1.136    CLK_IBUF
    BUFGCTRL_X0Y16       BUFG (Prop_bufg_I_O)         0.029     1.165 r  CLK_IBUF_BUFG_inst/O
                         net (fo=108, routed)         0.876     2.041    Inst_input/U13/CLK
    SLICE_X1Y91          FDRE                                         r  Inst_input/U13/sreg_reg[0]/C

Slack:                    inf
  Source:                 SW_R
                            (input port)
  Destination:            Inst_input/U7/sreg_reg[0]/D
                            (rising edge-triggered cell FDRE clocked by sys_clk_pin  {rise@0.000ns fall@5.000ns period=10.000ns})
  Path Group:             (none)
  Path Type:              Hold (Min at Fast Process Corner)
  Data Path Delay:        0.770ns  (logic 0.245ns (31.883%)  route 0.524ns (68.117%))
  Logic Levels:           1  (IBUF=1)
  Clock Path Skew:        2.041ns (DCD - SCD - CPR)
    Destination Clock Delay (DCD):    2.041ns
    Source Clock Delay      (SCD):    0.000ns
    Clock Pessimism Removal (CPR):    -0.000ns

    Location             Delay type                Incr(ns)  Path(ns)    Netlist Resource(s)
  -------------------------------------------------------------------    -------------------
    J15                                               0.000     0.000 r  SW_R (IN)
                         net (fo=0)                   0.000     0.000    SW_R
    J15                  IBUF (Prop_ibuf_I_O)         0.245     0.245 r  SW_R_IBUF_inst/O
                         net (fo=1, routed)           0.524     0.770    Inst_input/U7/sreg_reg[0]_0[0]
    SLICE_X0Y91          FDRE                                         r  Inst_input/U7/sreg_reg[0]/D
  -------------------------------------------------------------------    -------------------

                         (clock sys_clk_pin rise edge)
                                                      0.000     0.000 r  
    E3                                                0.000     0.000 r  CLK (IN)
                         net (fo=0)                   0.000     0.000    CLK
    E3                   IBUF (Prop_ibuf_I_O)         0.438     0.438 r  CLK_IBUF_inst/O
                         net (fo=1, routed)           0.699     1.136    CLK_IBUF
    BUFGCTRL_X0Y16       BUFG (Prop_bufg_I_O)         0.029     1.165 r  CLK_IBUF_BUFG_inst/O
                         net (fo=108, routed)         0.876     2.041    Inst_input/U7/CLK
    SLICE_X0Y91          FDRE                                         r  Inst_input/U7/sreg_reg[0]/C

Slack:                    inf
  Source:                 RESET
                            (input port)
  Destination:            Inst_input/U2/btn_clean_reg/R
                            (rising edge-triggered cell FDRE clocked by sys_clk_pin  {rise@0.000ns fall@5.000ns period=10.000ns})
  Path Group:             (none)
  Path Type:              Hold (Min at Fast Process Corner)
  Data Path Delay:        0.933ns  (logic 0.235ns (25.238%)  route 0.697ns (74.762%))
  Logic Levels:           1  (IBUF=1)
  Clock Path Skew:        2.041ns (DCD - SCD - CPR)
    Destination Clock Delay (DCD):    2.041ns
    Source Clock Delay      (SCD):    0.000ns
    Clock Pessimism Removal (CPR):    -0.000ns

    Location             Delay type                Incr(ns)  Path(ns)    Netlist Resource(s)
  -------------------------------------------------------------------    -------------------
    M17                                               0.000     0.000 r  RESET (IN)
                         net (fo=0)                   0.000     0.000    RESET
    M17                  IBUF (Prop_ibuf_I_O)         0.235     0.235 r  RESET_IBUF_inst/O
                         net (fo=82, routed)          0.697     0.933    Inst_input/U2/RESET_IBUF
    SLICE_X1Y92          FDRE                                         r  Inst_input/U2/btn_clean_reg/R
  -------------------------------------------------------------------    -------------------

                         (clock sys_clk_pin rise edge)
                                                      0.000     0.000 r  
    E3                                                0.000     0.000 r  CLK (IN)
                         net (fo=0)                   0.000     0.000    CLK
    E3                   IBUF (Prop_ibuf_I_O)         0.438     0.438 r  CLK_IBUF_inst/O
                         net (fo=1, routed)           0.699     1.136    CLK_IBUF
    BUFGCTRL_X0Y16       BUFG (Prop_bufg_I_O)         0.029     1.165 r  CLK_IBUF_BUFG_inst/O
                         net (fo=108, routed)         0.876     2.041    Inst_input/U2/CLK
    SLICE_X1Y92          FDRE                                         r  Inst_input/U2/btn_clean_reg/C

Slack:                    inf
  Source:                 RESET
                            (input port)
  Destination:            Inst_input/U8/btn_clean_reg/R
                            (rising edge-triggered cell FDRE clocked by sys_clk_pin  {rise@0.000ns fall@5.000ns period=10.000ns})
  Path Group:             (none)
  Path Type:              Hold (Min at Fast Process Corner)
  Data Path Delay:        0.933ns  (logic 0.235ns (25.238%)  route 0.697ns (74.762%))
  Logic Levels:           1  (IBUF=1)
  Clock Path Skew:        2.041ns (DCD - SCD - CPR)
    Destination Clock Delay (DCD):    2.041ns
    Source Clock Delay      (SCD):    0.000ns
    Clock Pessimism Removal (CPR):    -0.000ns

    Location             Delay type                Incr(ns)  Path(ns)    Netlist Resource(s)
  -------------------------------------------------------------------    -------------------
    M17                                               0.000     0.000 r  RESET (IN)
                         net (fo=0)                   0.000     0.000    RESET
    M17                  IBUF (Prop_ibuf_I_O)         0.235     0.235 r  RESET_IBUF_inst/O
                         net (fo=82, routed)          0.697     0.933    Inst_input/U8/RESET_IBUF
    SLICE_X1Y92          FDRE                                         r  Inst_input/U8/btn_clean_reg/R
  -------------------------------------------------------------------    -------------------

                         (clock sys_clk_pin rise edge)
                                                      0.000     0.000 r  
    E3                                                0.000     0.000 r  CLK (IN)
                         net (fo=0)                   0.000     0.000    CLK
    E3                   IBUF (Prop_ibuf_I_O)         0.438     0.438 r  CLK_IBUF_inst/O
                         net (fo=1, routed)           0.699     1.136    CLK_IBUF
    BUFGCTRL_X0Y16       BUFG (Prop_bufg_I_O)         0.029     1.165 r  CLK_IBUF_BUFG_inst/O
                         net (fo=108, routed)         0.876     2.041    Inst_input/U8/CLK
    SLICE_X1Y92          FDRE                                         r  Inst_input/U8/btn_clean_reg/C

Slack:                    inf
  Source:                 BTN_DOWN
                            (input port)
  Destination:            Inst_input/U4/sreg_reg[0]/D
                            (rising edge-triggered cell FDRE clocked by sys_clk_pin  {rise@0.000ns fall@5.000ns period=10.000ns})
  Path Group:             (none)
  Path Type:              Hold (Min at Fast Process Corner)
  Data Path Delay:        0.934ns  (logic 0.248ns (26.529%)  route 0.686ns (73.471%))
  Logic Levels:           1  (IBUF=1)
  Clock Path Skew:        2.039ns (DCD - SCD - CPR)
    Destination Clock Delay (DCD):    2.039ns
    Source Clock Delay      (SCD):    0.000ns
    Clock Pessimism Removal (CPR):    -0.000ns

    Location             Delay type                Incr(ns)  Path(ns)    Netlist Resource(s)
  -------------------------------------------------------------------    -------------------
    P18                                               0.000     0.000 r  BTN_DOWN (IN)
                         net (fo=0)                   0.000     0.000    BTN_DOWN
    P18                  IBUF (Prop_ibuf_I_O)         0.248     0.248 r  BTN_DOWN_IBUF_inst/O
                         net (fo=1, routed)           0.686     0.934    Inst_input/U4/sreg_reg[0]_0[0]
    SLICE_X5Y93          FDRE                                         r  Inst_input/U4/sreg_reg[0]/D
  -------------------------------------------------------------------    -------------------

                         (clock sys_clk_pin rise edge)
                                                      0.000     0.000 r  
    E3                                                0.000     0.000 r  CLK (IN)
                         net (fo=0)                   0.000     0.000    CLK
    E3                   IBUF (Prop_ibuf_I_O)         0.438     0.438 r  CLK_IBUF_inst/O
                         net (fo=1, routed)           0.699     1.136    CLK_IBUF
    BUFGCTRL_X0Y16       BUFG (Prop_bufg_I_O)         0.029     1.165 r  CLK_IBUF_BUFG_inst/O
                         net (fo=108, routed)         0.874     2.039    Inst_input/U4/CLK
    SLICE_X5Y93          FDRE                                         r  Inst_input/U4/sreg_reg[0]/C

Slack:                    inf
  Source:                 RESET
                            (input port)
  Destination:            Inst_RGB/Inst_Master/r_reg_reg[5]/CLR
                            (removal check against rising-edge clock sys_clk_pin  {rise@0.000ns fall@5.000ns period=10.000ns})
  Path Group:             (none)
  Path Type:              Removal (Min at Fast Process Corner)
  Data Path Delay:        0.967ns  (logic 0.235ns (24.346%)  route 0.732ns (75.654%))
  Logic Levels:           1  (IBUF=1)
  Clock Path Skew:        2.042ns (DCD - SCD - CPR)
    Destination Clock Delay (DCD):    2.042ns
    Source Clock Delay      (SCD):    0.000ns
    Clock Pessimism Removal (CPR):    -0.000ns

    Location             Delay type                Incr(ns)  Path(ns)    Netlist Resource(s)
  -------------------------------------------------------------------    -------------------
    M17                                               0.000     0.000 f  RESET (IN)
                         net (fo=0)                   0.000     0.000    RESET
    M17                  IBUF (Prop_ibuf_I_O)         0.235     0.235 f  RESET_IBUF_inst/O
                         net (fo=82, routed)          0.732     0.967    Inst_RGB/Inst_Master/RESET_IBUF
    SLICE_X1Y94          FDCE                                         f  Inst_RGB/Inst_Master/r_reg_reg[5]/CLR
  -------------------------------------------------------------------    -------------------

                         (clock sys_clk_pin rise edge)
                                                      0.000     0.000 r  
    E3                                                0.000     0.000 r  CLK (IN)
                         net (fo=0)                   0.000     0.000    CLK
    E3                   IBUF (Prop_ibuf_I_O)         0.438     0.438 r  CLK_IBUF_inst/O
                         net (fo=1, routed)           0.699     1.136    CLK_IBUF
    BUFGCTRL_X0Y16       BUFG (Prop_bufg_I_O)         0.029     1.165 r  CLK_IBUF_BUFG_inst/O
                         net (fo=108, routed)         0.877     2.042    Inst_RGB/Inst_Master/CLK
    SLICE_X1Y94          FDCE                                         r  Inst_RGB/Inst_Master/r_reg_reg[5]/C

Slack:                    inf
  Source:                 RESET
                            (input port)
  Destination:            Inst_RGB/Inst_Master/r_reg_reg[6]/CLR
                            (removal check against rising-edge clock sys_clk_pin  {rise@0.000ns fall@5.000ns period=10.000ns})
  Path Group:             (none)
  Path Type:              Removal (Min at Fast Process Corner)
  Data Path Delay:        0.967ns  (logic 0.235ns (24.346%)  route 0.732ns (75.654%))
  Logic Levels:           1  (IBUF=1)
  Clock Path Skew:        2.042ns (DCD - SCD - CPR)
    Destination Clock Delay (DCD):    2.042ns
    Source Clock Delay      (SCD):    0.000ns
    Clock Pessimism Removal (CPR):    -0.000ns

    Location             Delay type                Incr(ns)  Path(ns)    Netlist Resource(s)
  -------------------------------------------------------------------    -------------------
    M17                                               0.000     0.000 f  RESET (IN)
                         net (fo=0)                   0.000     0.000    RESET
    M17                  IBUF (Prop_ibuf_I_O)         0.235     0.235 f  RESET_IBUF_inst/O
                         net (fo=82, routed)          0.732     0.967    Inst_RGB/Inst_Master/RESET_IBUF
    SLICE_X1Y94          FDCE                                         f  Inst_RGB/Inst_Master/r_reg_reg[6]/CLR
  -------------------------------------------------------------------    -------------------

                         (clock sys_clk_pin rise edge)
                                                      0.000     0.000 r  
    E3                                                0.000     0.000 r  CLK (IN)
                         net (fo=0)                   0.000     0.000    CLK
    E3                   IBUF (Prop_ibuf_I_O)         0.438     0.438 r  CLK_IBUF_inst/O
                         net (fo=1, routed)           0.699     1.136    CLK_IBUF
    BUFGCTRL_X0Y16       BUFG (Prop_bufg_I_O)         0.029     1.165 r  CLK_IBUF_BUFG_inst/O
                         net (fo=108, routed)         0.877     2.042    Inst_RGB/Inst_Master/CLK
    SLICE_X1Y94          FDCE                                         r  Inst_RGB/Inst_Master/r_reg_reg[6]/C

Slack:                    inf
  Source:                 RESET
                            (input port)
  Destination:            Inst_RGB/Inst_Master/r_reg_reg[7]/CLR
                            (removal check against rising-edge clock sys_clk_pin  {rise@0.000ns fall@5.000ns period=10.000ns})
  Path Group:             (none)
  Path Type:              Removal (Min at Fast Process Corner)
  Data Path Delay:        0.967ns  (logic 0.235ns (24.346%)  route 0.732ns (75.654%))
  Logic Levels:           1  (IBUF=1)
  Clock Path Skew:        2.042ns (DCD - SCD - CPR)
    Destination Clock Delay (DCD):    2.042ns
    Source Clock Delay      (SCD):    0.000ns
    Clock Pessimism Removal (CPR):    -0.000ns

    Location             Delay type                Incr(ns)  Path(ns)    Netlist Resource(s)
  -------------------------------------------------------------------    -------------------
    M17                                               0.000     0.000 f  RESET (IN)
                         net (fo=0)                   0.000     0.000    RESET
    M17                  IBUF (Prop_ibuf_I_O)         0.235     0.235 f  RESET_IBUF_inst/O
                         net (fo=82, routed)          0.732     0.967    Inst_RGB/Inst_Master/RESET_IBUF
    SLICE_X1Y94          FDCE                                         f  Inst_RGB/Inst_Master/r_reg_reg[7]/CLR
  -------------------------------------------------------------------    -------------------

                         (clock sys_clk_pin rise edge)
                                                      0.000     0.000 r  
    E3                                                0.000     0.000 r  CLK (IN)
                         net (fo=0)                   0.000     0.000    CLK
    E3                   IBUF (Prop_ibuf_I_O)         0.438     0.438 r  CLK_IBUF_inst/O
                         net (fo=1, routed)           0.699     1.136    CLK_IBUF
    BUFGCTRL_X0Y16       BUFG (Prop_bufg_I_O)         0.029     1.165 r  CLK_IBUF_BUFG_inst/O
                         net (fo=108, routed)         0.877     2.042    Inst_RGB/Inst_Master/CLK
    SLICE_X1Y94          FDCE                                         r  Inst_RGB/Inst_Master/r_reg_reg[7]/C





